timestamp,temperature_c,humidity_percent,pressure_hpa,is_anomaly,anomaly_type
2024-01-01 00:00:00,19.413199240178113,58.06688683347315,1014.1569533385111,0,none
2024-01-01 01:00:00,21.524891066140132,51.21293830665901,1013.8209071261775,0,none
2024-01-01 02:00:00,23.014756703237527,50.587861221031964,1014.6273062157247,0,none
2024-01-01 03:00:00,23.297334664439294,45.25283530076402,1011.9524136423483,0,none
2024-01-01 04:00:00,25.041061489949307,43.14087000355536,1016.090651431569,0,none
2024-01-01 05:00:00,24.491395743658494,47.3929675031215,1011.3009114618735,0,none
2024-01-01 06:00:00,26.654518495174806,41.139415821359385,1013.8813722955156,0,none
2024-01-01 07:00:00,26.366178872020203,43.71782728827799,1010.4253079394726,0,none
2024-01-01 08:00:00,26.78924827853846,50.084422786812254,1013.1540153912428,0,none
2024-01-01 09:00:00,24.167616859285346,49.48770235354918,1012.4735212243078,0,none
2024-01-01 10:00:00,22.304805279881947,52.512786940638335,1011.8535627449944,0,none
2024-01-01 11:00:00,21.422128006044645,58.084655446964135,1009.8256337926383,0,none
2024-01-01 12:00:00,19.776133015035015,59.182089058249176,1013.0340868349618,0,none
2024-01-01 13:00:00,19.307508832686203,62.239401955213886,1015.2605208634077,0,none
2024-01-01 14:00:00,44.210661678340834,70.13957892408949,1013.3678427816086,1,spike
2024-01-01 15:00:00,16.598548238959754,71.25050134220318,1012.2121420278212,0,none
2024-01-01 16:00:00,17.090823008309165,69.87989271321273,1014.4917063939587,0,none
2024-01-01 17:00:00,16.24421797432364,74.02333278985816,1013.1728951560336,0,none
2024-01-01 18:00:00,16.08819755482774,73.06985571001965,1011.4001839452895,0,none
2024-01-01 19:00:00,13.45456776320816,75.91279014213664,1013.8996992952088,0,none
2024-01-01 20:00:00,16.544139597174045,72.9466776093682,1010.3452189089513,0,none
2024-01-01 21:00:00,16.046158797503885,73.1608629782631,1011.8060904553734,0,none
2024-01-01 22:00:00,17.934226084900285,68.59014306817741,1012.8446046766414,0,none
2024-01-01 23:00:00,,63.52717515196559,1009.8179342844468,1,null
2024-01-02 00:00:00,20.04823632257593,62.065750685343914,1012.5451655231724,0,none
2024-01-02 01:00:00,21.877467766813588,52.46945479110894,1016.2194510666969,0,none
2024-01-02 02:00:00,20.848102291720036,55.16510801608436,1013.0861540619601,0,none
2024-01-02 03:00:00,21.12846012481249,44.18486418565766,1012.6994283026481,0,none
2024-01-02 04:00:00,25.96438463056233,46.91020065770675,1012.2538565850582,0,none
2024-01-02 05:00:00,26.93615994049292,39.45549383280682,1014.5851908254185,0,none
2024-01-02 06:00:00,26.30179413533143,39.25259704009085,1015.693275896015,0,none
2024-01-02 07:00:00,25.10812048954992,49.27152117117194,1011.9920110757561,0,none
2024-01-02 08:00:00,24.42005322003279,46.16440253452405,1016.3894733608557,0,none
2024-01-02 09:00:00,24.517316985539257,49.983877656409184,1010.9082081173436,1,freeze
2024-01-02 10:00:00,21.863108982820503,49.983877656409184,1017.210397755971,1,freeze
2024-01-02 11:00:00,22.278778038249435,49.983877656409184,1011.4271757053267,1,freeze
2024-01-02 12:00:00,22.261397542054734,49.983877656409184,1014.2122960471254,1,freeze
2024-01-02 13:00:00,17.614219237541096,49.983877656409184,1013.6210312396886,1,freeze
2024-01-02 14:00:00,17.978808342582358,49.983877656409184,1014.4615107034275,1,freeze
2024-01-02 15:00:00,16.6016982789327,69.29160631583592,1015.1979524532385,1,drift
2024-01-02 16:00:00,16.583319858651777,75.91570931345231,1018.3311656548276,1,drift
2024-01-02 17:00:00,16.90026991159181,75.72268317354025,1014.520514906981,1,drift
2024-01-02 18:00:00,15.29253458806672,70.31224482197275,1017.7935470749635,1,drift
2024-01-02 19:00:00,15.219817555636958,77.42584107965708,1015.8603379692228,1,drift
2024-01-02 20:00:00,16.60545366755683,73.02339573483555,1010.6095177376137,1,drift
2024-01-02 21:00:00,16.35538192591205,69.15128184084061,1015.8643990840818,1,drift
2024-01-02 22:00:00,18.57881964259753,64.73628042215438,1019.5347862067732,1,drift
2024-01-02 23:00:00,19.054518808212876,69.34865341022021,1019.3523675824553,1,drift
2024-01-03 00:00:00,19.361228180164385,60.6466938048735,1018.0762791970233,1,drift
2024-01-03 01:00:00,21.497883705602415,55.789729313693414,1018.1906024286963,1,drift
2024-01-03 02:00:00,22.996206561662174,54.95645678085581,1019.2139634383157,1,drift
2024-01-03 03:00:00,23.374605261516887,48.22257105886548,1020.8464080974079,1,drift
2024-01-03 04:00:00,25.524430691579887,47.975338224286645,1019.3802409271767,1,drift
2024-01-03 05:00:00,25.532255895144505,45.470927942455404,1021.7754869394477,1,drift
2024-01-03 06:00:00,27.090555359437236,44.60545308272262,1017.2036457546459,1,drift
2024-01-03 07:00:00,25.591272844828275,48.225641199455474,1020.8679764866346,1,drift
2024-01-03 08:00:00,25.535475214012965,46.517929569680504,1023.470814953249,1,drift
2024-01-03 09:00:00,26.3671985954423,56.2983847360878,1023.7677385249685,1,drift
2024-01-03 10:00:00,22.3225596094518,48.82076001268148,1020.405293095255,1,drift
2024-01-03 11:00:00,22.379839805708603,55.12860371999369,1020.0973000471931,1,drift
2024-01-03 12:00:00,21.383259006393065,61.0702487340568,1021.2353970875406,1,drift
2024-01-03 13:00:00,19.825821442299496,62.033791408743895,1012.0505284295791,0,none
2024-01-03 14:00:00,17.554788060255568,66.7560511202665,1012.244623911593,0,none
2024-01-03 15:00:00,18.776887340916637,66.86702682859541,1014.2228367063204,0,none
2024-01-03 16:00:00,16.144673104089804,71.61202294836863,1014.8108430676871,0,none
2024-01-03 17:00:00,15.851484569051992,71.70123087182697,1010.9711303513983,0,none
2024-01-03 18:00:00,16.70302698033086,76.19611898932365,1010.9017847161359,0,none
2024-01-03 19:00:00,14.332358620081138,73.37036083651266,1013.2509677953428,0,none
2024-01-03 20:00:00,17.11080186857768,71.96711955399644,1013.8745362760199,0,none
2024-01-03 21:00:00,16.819631210421566,67.56689754955131,1014.6966826013299,0,none
2024-01-03 22:00:00,18.127539990476667,69.51780399694333,1008.491308887447,0,none
2024-01-03 23:00:00,17.85875027144145,63.20676819210151,1013.1933142255571,0,none
2024-01-04 00:00:00,20.943899720327327,57.47574448778942,1012.1713427558992,0,none
2024-01-04 01:00:00,22.734636258384697,60.10419911058783,1012.5668602195965,0,none
2024-01-04 02:00:00,25.44931791073054,50.79633479410559,1012.0008913029558,0,none
2024-01-04 03:00:00,24.209354301930368,47.72383988378484,1012.8059199446911,0,none
2024-01-04 04:00:00,25.378831557237024,45.812971522379236,1010.3901095346538,0,none
2024-01-04 05:00:00,25.767590443804497,45.76405478537107,1012.9790066235951,0,none
2024-01-04 06:00:00,25.55124075296281,45.561661312673074,1011.1620562677488,0,none
2024-01-04 07:00:00,25.6364167597744,43.54144690083439,1013.3639863116518,0,none
2024-01-04 08:00:00,,48.38009094093678,1008.2381662681923,1,null
2024-01-04 09:00:00,24.85142838468609,49.66807395780193,1014.9048783849521,0,none
2024-01-04 10:00:00,22.354285266967374,48.764169239662785,1010.9216709006815,0,none
2024-01-04 11:00:00,21.577789369731367,59.60104197990416,1011.3610593784505,0,none
2024-01-04 12:00:00,20.814895636297813,55.511076313201556,1011.2219336772037,0,none
2024-01-04 13:00:00,19.4390835180554,64.99304019564273,1013.1462977605556,0,none
2024-01-04 14:00:00,17.751612498413788,64.32104939072242,1014.3728948726528,0,none
2024-01-04 15:00:00,17.032391090348828,74.5716869299178,1015.2248355583351,0,none
2024-01-04 16:00:00,16.016715717203798,69.57509681180024,1012.388415442994,0,none
2024-01-04 17:00:00,17.3325537328187,72.04734102176187,1013.1795104757001,0,none
2024-01-04 18:00:00,15.588799710982167,70.4564005962196,1012.9486835649396,0,none
2024-01-04 19:00:00,15.46063191776558,79.34466991770664,1013.1801638698439,0,none
2024-01-04 20:00:00,16.216111729127622,74.66736052860945,1013.69111139285,0,none
2024-01-04 21:00:00,,68.24048009226503,1012.100260805888,1,null
2024-01-04 22:00:00,18.690040282903823,66.28856779218205,1013.7905427159559,0,none
2024-01-04 23:00:00,19.384944129127152,66.03070238162503,1011.6891708927263,1,drift
2024-01-05 00:00:00,19.02672216685008,62.359782612512554,1010.9559485230127,1,drift
2024-01-05 01:00:00,23.916449610276075,54.79163837647586,1015.252062454005,1,drift
2024-01-05 02:00:00,23.171118149071873,55.76140715328107,1013.9992739114564,1,drift
2024-01-05 03:00:00,22.825883171867883,48.81148995049571,1012.6115195455708,1,drift
2024-01-05 04:00:00,25.157829498241203,48.60090297215795,1014.6585373136129,1,drift
2024-01-05 05:00:00,24.507977427204576,52.14426231695918,1011.195515269396,1,drift
2024-01-05 06:00:00,27.921596327444636,42.67590190240088,1012.8807824593474,1,drift
2024-01-05 07:00:00,26.080854451215536,46.71002260139237,1017.2685356987744,1,drift
2024-01-05 08:00:00,25.467228110782266,49.404664240026605,1014.709673478802,1,drift
2024-01-05 09:00:00,24.859410647064166,51.459946118666196,1016.417370470681,1,drift
2024-01-05 10:00:00,23.481033660754484,52.65363208732682,1016.0095578938881,1,drift
2024-01-05 11:00:00,22.02822936187901,56.55563237844434,1017.9325172708743,1,drift
2024-01-05 12:00:00,20.054636591511866,62.53579446320955,1018.6837671029064,1,drift
2024-01-05 13:00:00,19.67546500494594,63.45549229068579,1020.1950556215022,1,drift
2024-01-05 14:00:00,17.834306862846553,71.5566715394621,1016.9217310648243,1,drift
2024-01-05 15:00:00,16.748725824022458,72.17779276079828,1020.577401762569,1,drift
2024-01-05 16:00:00,15.747385188282376,69.28718100205687,1022.7400331607968,1,drift
2024-01-05 17:00:00,17.33875810505484,76.12154421108899,1020.7474759909929,1,drift
2024-01-05 18:00:00,18.186228573640527,76.49493447451606,1021.1798110806732,1,drift
2024-01-05 19:00:00,16.775757131849872,80.0625605493173,1021.2029428948863,1,drift
2024-01-05 20:00:00,17.280103648225158,70.74819189615728,1021.0072418534759,1,drift
2024-01-05 21:00:00,17.30794265428254,71.22067138529748,1023.4414635305914,1,drift
2024-01-05 22:00:00,19.85812246876683,64.86070741995238,1023.6504006576233,1,drift
2024-01-05 23:00:00,19.050299207512797,66.47052943432736,1016.4224881398193,0,none
2024-01-06 00:00:00,22.982776846834476,56.69221581818526,1013.6795343707665,0,none
2024-01-06 01:00:00,22.205794714758436,57.34146596194251,1013.8722351710549,0,none
2024-01-06 02:00:00,22.716289466971006,54.34254652030814,1010.873890555016,0,none
2024-01-06 03:00:00,25.60062584276707,46.115107995174206,1013.6426829533033,0,none
2024-01-06 04:00:00,26.698238092169728,47.95467626997338,1013.2739915504333,0,none
2024-01-06 05:00:00,24.960420169110357,37.34995086295185,1013.2506975203617,0,none
2024-01-06 06:00:00,26.50155580743358,40.43479279405769,1014.4605152047152,0,none
2024-01-06 07:00:00,24.105716484245487,44.31672485804988,1012.2007780961533,0,none
2024-01-06 08:00:00,24.8822342976609,47.56525459098675,1015.3112254053034,0,none
2024-01-06 09:00:00,25.059368656058894,51.595573221429696,1014.3933447565629,0,none
2024-01-06 10:00:00,22.50406912276711,53.187436145178474,1012.2201889632452,0,none
2024-01-06 11:00:00,22.506232386592043,54.47918860534447,1009.6754834619661,0,none
2024-01-06 12:00:00,21.259432931859077,66.92237112845959,1011.7928540036705,0,none
2024-01-06 13:00:00,19.206658435521117,64.37061091192547,1014.9977845797998,0,none
2024-01-06 14:00:00,18.41404361172914,65.4784673889881,1017.2647201024168,0,none
2024-01-06 15:00:00,17.236106197859346,72.52853524842662,1014.8050089397617,0,none
2024-01-06 16:00:00,15.79556235746622,74.06663808957722,1011.33316163137,0,none
2024-01-06 17:00:00,15.553646452423171,75.14560676434608,1013.8397355469248,0,none
2024-01-06 18:00:00,15.257964362784369,70.31406557441905,1013.5603230578154,0,none
2024-01-06 19:00:00,16.598952089250723,72.18814320265925,1016.8322890732222,0,none
2024-01-06 20:00:00,15.911399500125011,85.46081552957368,1010.1867870716892,0,none
2024-01-06 21:00:00,17.815366259722044,65.83455282153392,1012.3424971026865,0,none
2024-01-06 22:00:00,16.834307152345698,66.44984447342361,1013.536301679439,0,none
2024-01-06 23:00:00,19.508020324723564,62.61196088523126,1015.0533091627591,0,none
2024-01-07 00:00:00,19.957104921187476,63.11413673093442,1013.5599069983082,0,none
2024-01-07 01:00:00,24.243997720148545,56.78321092240007,1011.8337027489749,0,none
2024-01-07 02:00:00,24.253957613566254,52.713246217978316,1014.1753298672486,0,none
2024-01-07 03:00:00,24.41308839849197,48.38246279146287,1010.8802465853526,0,none
2024-01-07 04:00:00,23.91948406942076,55.58374008080951,1009.6310567926689,0,none
2024-01-07 05:00:00,26.61678286225703,41.935733116104494,1012.9094686532351,0,none
2024-01-07 06:00:00,26.089773463569376,49.65341780117977,1013.8122370468975,0,none
2024-01-07 07:00:00,25.74092684545732,47.57235648164402,1013.3738041660806,0,none
2024-01-07 08:00:00,25.6404004354019,49.941770257808066,1012.835030553969,0,none
2024-01-07 09:00:00,25.81782377666461,54.95797636941161,1008.9848855603877,0,none
2024-01-07 10:00:00,23.992492660307878,51.975663917369296,1015.4420774319885,0,none
2024-01-07 11:00:00,22.235459763378596,52.136894815067755,1010.9029255097101,0,none
2024-01-07 12:00:00,19.468923930393153,58.489123561374726,1016.1246159392088,0,none
2024-01-07 13:00:00,20.401621161410752,63.017261474330745,1014.0900400086134,0,none
2024-01-07 14:00:00,18.93095645218813,73.19957741803333,1014.1154964182127,0,none
2024-01-07 15:00:00,16.241880150425708,74.07852227182943,1014.7803924931762,0,none
2024-01-07 16:00:00,19.10294895715684,74.17290406118556,1014.4543522048269,0,none
2024-01-07 17:00:00,14.283773541690367,73.78749930189173,1016.3104204941931,0,none
2024-01-07 18:00:00,15.416619139908182,76.6581247466331,1010.6283642180086,0,none
2024-01-07 19:00:00,18.32423431642519,71.75633301708035,1007.9548183327339,0,none
2024-01-07 20:00:00,15.132367043284248,72.84838341041633,1012.8430121352543,0,none
2024-01-07 21:00:00,17.2443271900436,68.59054131769987,1014.4130421839999,0,none
2024-01-07 22:00:00,19.14362092626352,69.5544605316089,1011.4165667097353,0,none
2024-01-07 23:00:00,18.953750543340465,59.88566905846562,1017.4736425046982,0,none
2024-01-08 00:00:00,20.200376993616835,57.63402343108015,1014.242504255606,0,none
2024-01-08 01:00:00,21.500217201250408,61.05324100324489,1009.8592692137747,0,none
2024-01-08 02:00:00,24.23430741524185,48.0417537973592,1012.6084915445358,0,none
2024-01-08 03:00:00,25.10280059590464,48.82170620975531,1012.8057041013344,0,none
2024-01-08 04:00:00,25.668597660151846,46.89491506528509,1013.7632566229001,0,none
2024-01-08 05:00:00,25.734717912366946,40.65097752826218,1013.3276600226886,0,none
2024-01-08 06:00:00,26.116110117002044,45.40443928760869,1009.8009874448572,0,none
2024-01-08 07:00:00,27.655864745672094,52.18970478428131,1011.9558447629651,0,none
2024-01-08 08:00:00,26.33082689746511,49.211688615083354,1011.8245800878934,0,none
2024-01-08 09:00:00,24.638042950183074,53.14275157723397,1013.0824843795497,0,none
2024-01-08 10:00:00,23.686849319851458,55.6220207258937,1010.9784370271964,0,none
2024-01-08 11:00:00,21.737939475890734,54.259547084081,1011.6133311091942,0,none
2024-01-08 12:00:00,20.78352241743979,65.16408876621522,1010.4303325350187,0,none
2024-01-08 13:00:00,20.80711533453855,57.749777876260104,1013.2095284756947,0,none
2024-01-08 14:00:00,17.270650299624673,71.77459977584178,1011.229471971963,0,none
2024-01-08 15:00:00,16.366098527215176,71.28376378241506,1016.8773758212823,0,none
2024-01-08 16:00:00,16.507273657552492,67.78927758010778,1010.5134976942306,0,none
2024-01-08 17:00:00,17.88223427029024,80.84895406994956,1009.5294711747978,0,none
2024-01-08 18:00:00,16.850368544455723,75.73415968598553,1015.1681701539865,0,none
2024-01-08 19:00:00,18.425687248346367,76.48872312273649,1010.8574686077918,0,none
2024-01-08 20:00:00,17.089644966033923,71.01064135744149,1015.9961358291393,0,none
2024-01-08 21:00:00,17.23870522394024,68.95597858442841,1011.1269054637996,0,none
2024-01-08 22:00:00,19.549233147626506,68.68533416985072,1011.9667215995897,0,none
2024-01-08 23:00:00,19.51521543094809,63.39863897957035,1014.1731177069246,0,none
2024-01-09 00:00:00,21.88091906183438,62.28417988933376,1016.1234022570876,0,none
2024-01-09 01:00:00,22.21912011685054,56.42773078621257,1012.5523183681497,0,none
2024-01-09 02:00:00,23.544651977739363,51.294193501350136,1010.1863999412565,0,none
2024-01-09 03:00:00,25.65997636071015,50.15305408483356,1011.0043196091082,0,none
2024-01-09 04:00:00,26.33381479937755,45.576630051399654,1012.7299346877571,0,none
2024-01-09 05:00:00,27.013043008135064,48.77685841966018,1014.6373993491399,0,none
2024-01-09 06:00:00,25.06256465897299,42.19997426803861,1015.6827261715617,0,none
2024-01-09 07:00:00,26.099653321170262,48.98497777693972,1012.8223827261348,0,none
2024-01-09 08:00:00,26.34015857277508,39.46737286197074,1015.2947597747524,0,none
2024-01-09 09:00:00,23.99341915182586,51.58581049553045,1011.1268549601564,0,none
2024-01-09 10:00:00,25.447574115944846,49.420929204813916,1012.8723854967675,0,none
2024-01-09 11:00:00,23.638744223043787,56.270240953216955,1009.510631641528,0,none
2024-01-09 12:00:00,21.8695956053498,59.25719917844017,1014.2061396233253,0,none
2024-01-09 13:00:00,19.56829095955021,64.89554652275123,1012.5488406878826,0,none
2024-01-09 14:00:00,18.94304669259778,64.8162853661133,1012.4550316626954,0,none
2024-01-09 15:00:00,17.01925185993213,73.59745931927331,1017.0342699858501,0,none
2024-01-09 16:00:00,15.853635556946148,74.8933096776201,1011.8611950275534,0,none
2024-01-09 17:00:00,17.7492609608288,71.32543918558561,1014.319285108256,0,none
2024-01-09 18:00:00,17.663170908746142,71.55223885910377,1012.5914011632955,0,none
2024-01-09 19:00:00,17.421337973511317,78.10161861853793,1012.9338866723668,0,none
2024-01-09 20:00:00,,75.34199995628711,1009.9984389756553,1,null
2024-01-09 21:00:00,17.83770513759733,70.09710524008084,1014.0025366633362,0,none
2024-01-09 22:00:00,19.806462852729545,72.07861153129264,1014.4429138282936,0,none
2024-01-09 23:00:00,21.214260277140184,63.85425986851888,1013.5370402639754,0,none
2024-01-10 00:00:00,21.78392552393264,54.25214148337197,1011.603804524899,0,none
2024-01-10 01:00:00,22.071937765557742,57.032477383534925,1010.8446431911883,0,none
2024-01-10 02:00:00,23.64915664550777,46.645109862566194,1011.4124272413181,0,none
2024-01-10 03:00:00,24.50494063906213,56.97172736651382,1009.3845604004525,0,none
2024-01-10 04:00:00,25.53523153512896,42.08269047977928,1011.9470090399808,0,none
2024-01-10 05:00:00,28.564906672921115,49.41623188637048,1015.1742950625145,1,drift
2024-01-10 06:00:00,26.43723663930497,44.922432983695906,1012.6420925054955,1,drift
2024-01-10 07:00:00,25.9779035826606,44.90171098167068,1012.6823381784138,1,drift
2024-01-10 08:00:00,27.519754325133924,46.29925848192047,1017.9901517188501,1,drift
2024-01-10 09:00:00,26.18945863635806,45.4429596000866,1015.6976128671552,1,drift
2024-01-10 10:00:00,24.90083147960511,50.92796697425642,1014.0483798666438,1,drift
2024-01-10 11:00:00,24.01266174943182,55.297560039648175,1015.3425681323271,1,drift
2024-01-10 12:00:00,20.834726346721727,67.42041579305013,1020.2602328267858,1,drift
2024-01-10 13:00:00,20.441825439948595,63.986862942169,1015.8494488006663,1,drift
2024-01-10 14:00:00,20.593868568955074,64.61259199890853,1019.3522407861334,1,drift
2024-01-10 15:00:00,18.172135308494497,67.62065179972919,1018.9050719576298,1,drift
2024-01-10 16:00:00,18.464770259288407,75.7677429848678,1015.4170177044226,1,drift
2024-01-10 17:00:00,17.642023180855876,72.41718090653148,1016.4994563173905,1,drift
2024-01-10 18:00:00,17.778073832452932,79.7707801397632,1016.7665317251976,1,drift
2024-01-10 19:00:00,16.815778408844206,73.89624193260524,1020.2063119471761,1,drift
2024-01-10 20:00:00,18.197017053947846,78.09889861701639,1016.9026408082912,1,drift
2024-01-10 21:00:00,17.35352079625862,67.60946356726598,1018.6715128526705,1,drift
2024-01-10 22:00:00,19.16380267927113,66.78389757924133,1018.5094480507786,1,drift
2024-01-10 23:00:00,20.934536297752462,57.18591992991167,1021.4486946296914,1,drift
2024-01-11 00:00:00,21.74611608437699,59.70786270349383,1022.16302935325,1,drift
2024-01-11 01:00:00,23.604222271998804,56.187816250189584,1022.41610467974,1,drift
2024-01-11 02:00:00,24.684461662803283,51.55713740391268,1017.7847569597006,1,drift
2024-01-11 03:00:00,27.277608748306765,53.628708297427806,1020.8427220390054,1,drift
2024-01-11 04:00:00,27.08441895804423,45.7770107654927,1025.5438216726752,1,drift
2024-01-11 05:00:00,27.362136675585177,45.75853388875258,1011.9516234087408,0,none
2024-01-11 06:00:00,27.891611850607177,44.969989095106435,1017.4297493971262,0,none
2024-01-11 07:00:00,27.61847429756235,47.41795007890373,1013.2340001437813,0,none
2024-01-11 08:00:00,26.781677759535906,54.367077093280514,1011.5781914402011,0,none
2024-01-11 09:00:00,24.92630479200959,51.097255905944664,1011.1404190806015,0,none
2024-01-11 10:00:00,25.291779333885707,50.88474134830778,1011.69610772466,0,none
2024-01-11 11:00:00,23.28418428222511,56.15713209348362,1014.2431253340881,0,none
2024-01-11 12:00:00,22.121511624456712,64.8869372998905,1013.3705767629667,0,none
2024-01-11 13:00:00,20.631871161450192,61.872907835667725,1014.7096454786414,0,none
2024-01-11 14:00:00,18.96749172225218,68.42372074986191,1010.4178080833224,0,none
2024-01-11 15:00:00,18.51594229091609,73.56814032797229,1010.6667173879714,0,none
2024-01-11 16:00:00,17.104779369759882,71.38735830621334,1013.4659521368523,0,none
2024-01-11 17:00:00,16.516089717945682,76.53989746940645,1013.7343586224287,0,none
2024-01-11 18:00:00,16.802185283086672,73.26635710138979,1010.6917855457439,0,none
2024-01-11 19:00:00,17.503458125830974,79.97521160198356,1009.9501415491696,0,none
2024-01-11 20:00:00,16.78512300245427,71.66774578380958,1011.3904302720239,0,none
2024-01-11 21:00:00,18.50195906146916,65.62774275293441,1016.673283024543,0,none
2024-01-11 22:00:00,20.094934748749463,62.5642128072899,1010.3112817517823,0,none
2024-01-11 23:00:00,18.346306631666216,65.15190136897212,1013.0071035372695,0,none
2024-01-12 00:00:00,22.307564078456604,63.57848713065938,1011.8237271865435,0,none
2024-01-12 01:00:00,23.43832648831027,54.88685198148695,1011.2431318430275,0,none
2024-01-12 02:00:00,24.868757950896324,58.38346228017634,1012.9327166707209,0,none
2024-01-12 03:00:00,25.831751152914993,49.00580968180596,1012.3016572792162,0,none
2024-01-12 04:00:00,25.757681303673273,46.813286441295574,1014.0900958787378,0,none
2024-01-12 05:00:00,25.834546438291067,43.00086759587309,1013.1419442782277,0,none
2024-01-12 06:00:00,26.854767245935683,48.85478482070149,1012.0390374012879,0,none
2024-01-12 07:00:00,26.410054854881356,50.923788304352364,1013.336638802242,0,none
2024-01-12 08:00:00,27.70896371040893,42.025510099625414,1011.8788729827135,0,none
2024-01-12 09:00:00,25.20915095181894,50.970982393346425,1013.4083381520836,0,none
2024-01-12 10:00:00,28.607656680480783,55.15315245617577,1008.3991064984259,0,none
2024-01-12 11:00:00,25.412035587812564,54.24880248800898,1018.7844674568545,0,none
2024-01-12 12:00:00,23.591636484635508,56.14915582858958,1008.2836096191716,0,none
2024-01-12 13:00:00,20.9040657298745,62.59894081474335,1012.8347873400024,0,none
2024-01-12 14:00:00,18.952739650646507,64.73650153802213,1017.1769959482506,0,none
2024-01-12 15:00:00,18.073229841034824,74.18449942893487,1011.9855439436446,0,none
2024-01-12 16:00:00,16.554230083121258,76.37591432365213,1013.1162694864045,0,none
2024-01-12 17:00:00,18.7592845542449,74.08790351302395,1009.6596479414485,0,none
2024-01-12 18:00:00,17.2873490771729,74.6960107525076,1008.9734718842516,0,none
2024-01-12 19:00:00,16.456022214705904,73.15812273698164,1011.8825552807398,0,none
2024-01-12 20:00:00,16.715882001536034,77.8829924571648,1011.9156344568556,0,none
2024-01-12 21:00:00,17.46785563802104,72.86282083084669,1009.8272497887648,0,none
2024-01-12 22:00:00,20.528131588222774,69.93532221995466,1014.0420630824451,0,none
2024-01-12 23:00:00,20.648635678730844,62.71868325369462,1011.0036501829536,0,none
2024-01-13 00:00:00,21.15039649899866,60.44420871204726,1013.0199072544622,0,none
2024-01-13 01:00:00,23.811583357060332,55.092664961330975,1013.0729884220667,0,none
2024-01-13 02:00:00,23.280011405548127,53.93046290410504,1016.9044783514424,0,none
2024-01-13 03:00:00,25.95222443594527,43.734304560212465,1016.9495080415226,0,none
2024-01-13 04:00:00,25.594221374732754,46.008360845895744,1012.5672941920417,0,none
2024-01-13 05:00:00,28.237241842758916,39.88193592309268,1015.0089902953106,0,none
2024-01-13 06:00:00,27.422283156435917,48.61273374402065,1012.005377319622,0,none
2024-01-13 07:00:00,26.689691434246665,47.26806404009595,1013.530633335205,0,none
2024-01-13 08:00:00,27.533152584667356,43.04279537667348,1013.2970317971669,0,none
2024-01-13 09:00:00,25.155683151193596,45.11544196814549,1014.3389398025146,0,none
2024-01-13 10:00:00,25.57114777466896,48.81607376641154,1007.4689067240125,0,none
2024-01-13 11:00:00,22.598296281772573,51.66731776020855,1011.3193070232783,0,none
2024-01-13 12:00:00,22.818162938043507,59.42343860650487,1013.2630126363443,0,none
2024-01-13 13:00:00,20.205842343461164,60.56359272238993,1013.9909857882184,0,none
2024-01-13 14:00:00,20.36952136602718,67.68519599421353,1011.0139733300825,0,none
2024-01-13 15:00:00,19.473228213985344,72.63109615466794,1013.8746913438247,0,none
2024-01-13 16:00:00,18.207920039069386,75.9624387767767,1012.2097624906584,0,none
2024-01-13 17:00:00,16.405077423567906,79.9655693205938,1010.8825410229465,0,none
2024-01-13 18:00:00,15.775424076491873,67.4090105370176,1012.7767044742315,0,none
2024-01-13 19:00:00,16.714452973489923,71.58544777343596,1015.5735800125399,0,none
2024-01-13 20:00:00,16.943710758747372,77.84451949009747,1015.9550116335345,0,none
2024-01-13 21:00:00,19.315912689939037,70.71297624794916,1013.7320722758378,0,none
2024-01-13 22:00:00,21.07576919428533,69.35788936294475,1016.2498121942132,0,none
2024-01-13 23:00:00,21.47406678401653,69.58379459017986,1014.2943659653585,0,none
2024-01-14 00:00:00,20.585488996059468,59.36825993546952,1012.3425648031209,0,none
2024-01-14 01:00:00,23.60083404824524,60.280983130718,1015.7303933947852,0,none
2024-01-14 02:00:00,25.823299119130628,49.014412731255376,1014.774738224088,0,none
2024-01-14 03:00:00,25.6014078575265,49.014795491883255,1013.7875928749959,1,freeze
2024-01-14 04:00:00,24.47497881560893,49.014795491883255,1013.829916011794,1,freeze
2024-01-14 05:00:00,29.45282054453521,49.014795491883255,1014.714211495122,1,freeze
2024-01-14 06:00:00,27.85675618338354,49.014795491883255,1012.2756264823184,1,freeze
2024-01-14 07:00:00,28.46076439712385,49.014795491883255,1011.2207140860572,1,freeze
2024-01-14 08:00:00,27.7366099713986,49.014795491883255,1017.0142639368307,1,freeze
2024-01-14 09:00:00,26.370750598559436,50.93611489342452,1011.3803499403984,1,freeze
2024-01-14 10:00:00,25.554794918124298,50.93611489342452,1011.9921374211749,1,freeze
2024-01-14 11:00:00,24.262654780150086,50.93611489342452,1013.0950038233807,1,freeze
2024-01-14 12:00:00,25.042469267787595,50.93611489342452,1014.4306059511094,1,freeze
2024-01-14 13:00:00,20.14569406468391,50.93611489342452,1013.029873358455,1,freeze
2024-01-14 14:00:00,18.279759308047687,50.93611489342452,1015.3453722101539,1,freeze
2024-01-14 15:00:00,18.133396585388176,70.0357956190814,1014.1563487762348,0,none
2024-01-14 16:00:00,16.62898373910935,71.79133674484144,1013.748219344096,0,none
2024-01-14 17:00:00,17.923646756026496,71.66016329114667,1015.0799118594274,0,none
2024-01-14 18:00:00,15.791825649412376,76.60955857560236,1013.6165178607795,0,none
2024-01-14 19:00:00,16.966961656227863,74.04699688174598,1015.9809314226192,0,none
2024-01-14 20:00:00,16.837832693006956,72.92556745803873,1015.9239028927192,0,none
2024-01-14 21:00:00,39.457205969054314,68.3065652700851,1013.1997375996515,1,spike
2024-01-14 22:00:00,19.973089620233832,66.79340086085334,1012.7508584669915,0,none
2024-01-14 23:00:00,20.616283930768674,61.2108859612107,1012.3309871841276,0,none
2024-01-15 00:00:00,22.319128208351078,54.233211979423665,1016.0721331673193,0,none
2024-01-15 01:00:00,22.697479189714684,61.839576339498926,1013.4343373975148,0,none
2024-01-15 02:00:00,25.707273264533228,54.250151205366855,1011.7766582345121,0,none
2024-01-15 03:00:00,26.896133224581,51.894119425737834,1008.5901168019732,0,none
2024-01-15 04:00:00,25.976580463353976,43.78017359866391,1013.0397764365925,0,none
2024-01-15 05:00:00,28.24379387891893,41.475515612453314,1016.4453988502308,0,none
2024-01-15 06:00:00,26.34462957593171,42.3548662734625,1012.7430105189926,0,none
2024-01-15 07:00:00,26.858683065457978,50.04631321422734,1011.8837159341696,0,none
2024-01-15 08:00:00,24.75513223046048,48.47533614453199,1015.8356728323351,0,none
2024-01-15 09:00:00,26.998814302180612,46.36178787672283,1006.9239360265152,0,none
2024-01-15 10:00:00,26.1105554368445,52.965231220846604,1011.3672402297093,1,freeze
2024-01-15 11:00:00,24.37578623936175,52.965231220846604,1010.5007826391765,1,freeze
2024-01-15 12:00:00,22.193929252768783,52.965231220846604,1014.310016888501,1,freeze
2024-01-15 13:00:00,23.4392345690953,52.965231220846604,1009.0897887268592,1,freeze
2024-01-15 14:00:00,20.246428646949074,52.965231220846604,1013.9948165510089,1,freeze
2024-01-15 15:00:00,18.309870967758513,52.965231220846604,1011.1463673997575,1,freeze
2024-01-15 16:00:00,16.749996000436152,73.28997728124503,1013.0737139536521,0,none
2024-01-15 17:00:00,16.710531377995483,69.16085952163922,1015.2303343368887,1,drift
2024-01-15 18:00:00,17.885569078960987,71.35940745345837,1013.6646553780723,1,drift
2024-01-15 19:00:00,18.421997826083693,76.71855501465038,1016.216544082892,1,drift
2024-01-15 20:00:00,19.481781465111837,70.35199503211417,1015.5549750709976,1,drift
2024-01-15 21:00:00,20.011634534882035,75.64113184409491,1018.7943537866673,1,drift
2024-01-15 22:00:00,20.969937835347505,61.0742518681506,1016.956190232729,1,drift
2024-01-15 23:00:00,23.373920541708912,60.73171024344353,1015.14400246091,1,drift
2024-01-16 00:00:00,22.143505870086567,59.01371593920553,1015.9074720442778,1,drift
2024-01-16 01:00:00,24.73729300020236,55.910817938737786,1017.5766690623348,1,drift
2024-01-16 02:00:00,23.67699325046472,52.33800877975644,1017.7529234228105,1,drift
2024-01-16 03:00:00,25.396721168070822,53.43772245513568,1017.9888631985403,1,drift
2024-01-16 04:00:00,27.708708737763363,42.83020676998685,1020.535706927023,1,drift
2024-01-16 05:00:00,27.832950662092383,38.993490842646615,1021.6139318781628,1,drift
2024-01-16 06:00:00,27.636481180921443,45.15835381388824,1020.6866513726941,1,drift
2024-01-16 07:00:00,28.22305443364495,45.768724004948155,1022.3112529394398,1,drift
2024-01-16 08:00:00,27.29674211201629,52.075614566338885,1021.16609861635,1,drift
2024-01-16 09:00:00,25.366270592378836,51.2303164174166,1025.9968816528778,1,drift
2024-01-16 10:00:00,24.928385316892562,59.26952450020258,1022.203595399941,1,drift
2024-01-16 11:00:00,24.37209829498276,54.925941946042734,1028.7132888618514,1,drift
2024-01-16 12:00:00,20.918943986042656,59.00121083380868,1024.3534667476483,1,drift
2024-01-16 13:00:00,22.636004864147136,65.3046615745148,1025.9586830133612,1,drift
2024-01-16 14:00:00,20.338725107756787,68.97450168665488,1028.9770689027762,1,drift
2024-01-16 15:00:00,20.997460362072193,74.57618669822168,1024.8335880839863,1,drift
2024-01-16 16:00:00,17.32499500952908,69.99377118726278,1028.4661675352133,1,drift
2024-01-16 17:00:00,17.7241670493469,70.56108822218592,1023.8749783662536,1,drift
2024-01-16 18:00:00,17.001067558893556,71.83706511482147,1022.4403257912069,1,drift
2024-01-16 19:00:00,17.82339479058119,78.57846117520225,1018.0705141805944,1,drift
2024-01-16 20:00:00,18.864488831007115,75.3293467235945,1026.2473934686736,1,drift
2024-01-16 21:00:00,18.942862147365172,65.95343050328722,1024.405212568734,1,drift
2024-01-16 22:00:00,21.37350225044341,67.87111591853298,1023.0182989791456,1,drift
2024-01-16 23:00:00,22.54040526189989,61.089587504355144,1023.0347070445108,1,drift
2024-01-17 00:00:00,21.486552370993348,63.805242492744895,1013.3854118424797,0,none
2024-01-17 01:00:00,26.65471291229639,55.80302629347644,1015.1736916980042,0,none
2024-01-17 02:00:00,25.336839557909293,53.1285915328854,1011.6867132515985,0,none
2024-01-17 03:00:00,26.885890182867005,49.3267239011026,1013.2643765582623,0,none
2024-01-17 04:00:00,27.88909545501056,52.789973030799324,1013.5377842555455,0,none
2024-01-17 05:00:00,28.020612899962895,44.11801378180625,1016.4226145744573,0,none
2024-01-17 06:00:00,27.165961046558518,46.75386405572228,1015.7160066207193,0,none
2024-01-17 07:00:00,26.687621361816618,47.3673200564361,1013.6990762335904,0,none
2024-01-17 08:00:00,28.65448303245935,50.258287049485354,1014.1010663442119,0,none
2024-01-17 09:00:00,26.790035731812967,45.34791041872268,1012.633465837127,0,none
2024-01-17 10:00:00,25.446701042079045,46.87152885190832,1013.2770339217483,0,none
2024-01-17 11:00:00,22.34108973966578,53.81364020150611,1014.5221059722162,0,none
2024-01-17 12:00:00,22.925047900101347,62.078690091121246,1012.7841513713201,0,none
2024-01-17 13:00:00,21.496646299370237,60.95255257952023,1014.8766326083539,0,none
2024-01-17 14:00:00,21.32875924593774,64.07476069929137,1013.2041983130869,0,none
2024-01-17 15:00:00,20.255247450745344,73.2956332150291,1013.9911849229368,0,none
2024-01-17 16:00:00,21.054880313581243,68.4566598302324,1012.5508838267523,0,none
2024-01-17 17:00:00,19.09030095179767,72.5469660606115,1010.1430091098979,0,none
2024-01-17 18:00:00,17.711508868573247,70.4721319922769,1014.8752067831399,0,none
2024-01-17 19:00:00,17.23996886066419,77.97784896387762,1010.5312403991817,0,none
2024-01-17 20:00:00,18.115933501146543,77.28315460589064,1012.4062496578255,0,none
2024-01-17 21:00:00,21.028803906870678,70.66598657459187,1013.1087092913228,0,none
2024-01-17 22:00:00,19.66510732527915,63.578040764740685,1014.1012733676566,0,none
2024-01-17 23:00:00,22.121341505089276,65.24780998946528,1012.5234634934201,0,none
2024-01-18 00:00:00,23.07575293687639,56.74112950747527,1009.4022310130225,0,none
2024-01-18 01:00:00,24.372359606636273,58.57280921622118,1015.9852887544474,0,none
2024-01-18 02:00:00,25.459964711280755,53.151607262931385,1015.8238546722931,0,none
2024-01-18 03:00:00,27.593702800726927,48.95021737413479,1015.6653392174895,0,none
2024-01-18 04:00:00,26.861665787900094,44.70089339541732,1012.2414335225454,0,none
2024-01-18 05:00:00,28.59394050333559,41.88613443054203,1013.9656209222048,0,none
2024-01-18 06:00:00,27.798654505038726,48.376494578600976,1013.7688649035215,0,none
2024-01-18 07:00:00,28.99077323099966,42.82040765295254,1014.6127058200996,0,none
2024-01-18 08:00:00,28.286697667861485,49.86333394315541,1013.7535547382954,0,none
2024-01-18 09:00:00,26.418010417938444,49.496861659481844,1020.4596967801499,0,none
2024-01-18 10:00:00,26.747220170423578,55.3931932621335,1012.2314865962909,0,none
2024-01-18 11:00:00,23.139677860070243,56.75528426655926,1011.7177586118268,0,none
2024-01-18 12:00:00,23.948672294597632,60.83317559819526,1014.9495114181104,0,none
2024-01-18 13:00:00,22.53061871075229,63.469020478488225,1012.5530835769941,0,none
2024-01-18 14:00:00,20.93941274643364,65.40791926144745,1014.4400716519187,0,none
2024-01-18 15:00:00,19.225858260536214,64.78371947328009,1010.6144978389462,0,none
2024-01-18 16:00:00,18.594987477362338,72.76181349436908,1011.3347209709609,0,none
2024-01-18 17:00:00,19.96120321945215,75.91012246370528,1009.363998905031,0,none
2024-01-18 18:00:00,19.775159296959394,74.2000783459266,1013.5653024701634,0,none
2024-01-18 19:00:00,16.387148595470652,76.31970801785,1012.1809097218485,0,none
2024-01-18 20:00:00,17.35512420057168,69.72326764761937,1015.0456447549984,0,none
2024-01-18 21:00:00,20.97052132509569,71.98344654770601,1013.4453412798365,1,freeze
2024-01-18 22:00:00,19.445684119474496,71.98344654770601,1013.7727822531849,1,freeze
2024-01-18 23:00:00,22.47790963492536,71.98344654770601,1014.8889074910768,1,freeze
2024-01-19 00:00:00,21.99135938218998,71.98344654770601,1011.287565557989,1,freeze
2024-01-19 01:00:00,23.143360425408023,71.98344654770601,1014.0130264330717,1,freeze
2024-01-19 02:00:00,26.438854882629954,71.98344654770601,1008.8847780851453,1,freeze
2024-01-19 03:00:00,26.376859460072414,50.95888228922605,1014.3487718165323,0,none
2024-01-19 04:00:00,25.478566420048494,48.04373144300581,1015.8809127811536,0,none
2024-01-19 05:00:00,26.27685471402727,44.753510860236624,1015.1074970739629,0,none
2024-01-19 06:00:00,28.57065602490362,48.40650256943818,1014.4419332299364,0,none
2024-01-19 07:00:00,27.380922502335427,42.48639460999639,1012.5116154528006,0,none
2024-01-19 08:00:00,27.45434415928498,49.22937491653275,1013.8145079789825,0,none
2024-01-19 09:00:00,25.194886990798842,46.697283007536264,1012.562510199273,0,none
2024-01-19 10:00:00,24.98755345365065,54.296540372235754,1011.4653864205404,0,none
2024-01-19 11:00:00,26.14850558303744,59.040275478446254,1013.3281995657646,0,none
2024-01-19 12:00:00,23.632688151636543,57.92970269818361,1012.1150179720257,0,none
2024-01-19 13:00:00,22.917296044128122,63.610300287335704,1012.2521819874028,0,none
2024-01-19 14:00:00,20.557396501376804,72.74347450295843,1012.7542825070561,0,none
2024-01-19 15:00:00,20.082029319081233,72.74856624963084,1013.47343044606,0,none
2024-01-19 16:00:00,19.93617804110558,71.37353384562124,1014.1591552302365,0,none
2024-01-19 17:00:00,18.945278975479443,76.13358635040069,1013.2298574299961,0,none
2024-01-19 18:00:00,18.65311565110857,78.78849188491472,1011.1273061299071,0,none
2024-01-19 19:00:00,17.478792854059176,75.3248288464309,1013.6840291055476,0,none
2024-01-19 20:00:00,17.799248167361704,68.69178167403044,1014.1190095549715,0,none
2024-01-19 21:00:00,48.915001905437755,70.29886480768356,1009.3165135906711,1,spike
2024-01-19 22:00:00,21.405974816996498,73.6862074768057,1015.4644576023073,0,none
2024-01-19 23:00:00,21.09869348124154,67.00147046099137,1011.0040070087674,0,none
2024-01-20 00:00:00,23.91887360526953,58.66515497604477,1012.8620276105775,0,none
2024-01-20 01:00:00,24.32953748753489,56.55799075924366,1015.1896114532719,0,none
2024-01-20 02:00:00,25.599443066375947,51.42381655368694,1014.1343853128919,0,none
2024-01-20 03:00:00,25.676618032601173,49.8477510135293,1012.925084989503,0,none
2024-01-20 04:00:00,27.2103923748215,48.76675195914435,1012.382666717531,0,none
2024-01-20 05:00:00,29.0904012238685,47.463549657640336,1013.0741059111633,0,none
2024-01-20 06:00:00,27.97917220336349,48.67330134673854,1012.9308807094816,0,none
2024-01-20 07:00:00,28.21138910952151,46.04757034628861,1013.6322011875019,0,none
2024-01-20 08:00:00,28.678085575699967,44.634914588731085,1012.9516081257046,0,none
2024-01-20 09:00:00,27.738156061492887,49.279450774320836,1014.0519611124521,0,none
2024-01-20 10:00:00,25.957373160065135,54.45316189767004,1015.893007797871,0,none
2024-01-20 11:00:00,24.519021417267393,59.106792017174726,1011.0944344469102,0,none
2024-01-20 12:00:00,23.94091277954725,61.888185466459824,1009.6632735586466,0,none
2024-01-20 13:00:00,22.440955105948465,63.568108221673576,1012.9465915378826,0,none
2024-01-20 14:00:00,21.9992500077164,64.52423792770571,1013.2891085748853,0,none
2024-01-20 15:00:00,20.153967342620863,70.82263312480757,1011.2407287974498,0,none
2024-01-20 16:00:00,21.407841463367365,72.76436704528676,1014.0802432239518,0,none
2024-01-20 17:00:00,18.696601243495625,78.92093627139836,1013.7530517861552,0,none
2024-01-20 18:00:00,19.100358738751034,73.10236373190388,1015.1044846551916,0,none
2024-01-20 19:00:00,17.949223766675132,72.00613773597391,1014.7737374814423,0,none
2024-01-20 20:00:00,20.905819733573217,73.78572439335895,1010.1953053427012,0,none
2024-01-20 21:00:00,19.645086486793446,66.92671893606882,1010.5124942142556,0,none
2024-01-20 22:00:00,19.161374035469475,69.05270946563621,1012.9330951805725,0,none
2024-01-20 23:00:00,24.18575553136445,63.95348033728138,1012.7469597475933,0,none
2024-01-21 00:00:00,24.624759070815276,62.150735710852985,1011.9195770635415,0,none
2024-01-21 01:00:00,26.311297347947384,51.15120607539231,1013.4489946883409,0,none
2024-01-21 02:00:00,27.527195059921066,52.11632892520096,1013.4241032783526,0,none
2024-01-21 03:00:00,26.423863716731177,48.947689868727416,1011.2601140569423,0,none
2024-01-21 04:00:00,29.446622490694637,40.31640358513758,1011.1875792613992,0,none
2024-01-21 05:00:00,28.554528192849403,47.27114323756392,1012.6142538300627,0,none
2024-01-21 06:00:00,29.29045494947936,42.23900873250731,1012.3590520706088,0,none
2024-01-21 07:00:00,29.822907633304066,46.950749958071164,1012.4794108488004,0,none
2024-01-21 08:00:00,28.169872705137067,49.950906434690125,1015.4720973939068,0,none
2024-01-21 09:00:00,28.062939248575518,50.468324433759825,1014.8819961206879,0,none
2024-01-21 10:00:00,25.586037134949926,52.91675167224039,1011.1300661005895,0,none
2024-01-21 11:00:00,24.594289452409125,59.653934580497776,1014.2862609835655,0,none
2024-01-21 12:00:00,22.444585389162505,61.807180437837815,1011.8498079065644,0,none
2024-01-21 13:00:00,22.11593917167559,59.66882792953436,1013.2856217958303,0,none
2024-01-21 14:00:00,22.444582296497185,67.7947991061896,1012.8286854789255,0,none
2024-01-21 15:00:00,19.517353162712705,75.34523138151341,1014.3448936151278,0,none
2024-01-21 16:00:00,19.538382955987107,72.13458258003853,1014.8786490781644,1,freeze
2024-01-21 17:00:00,20.834830344158256,72.13458258003853,1011.1603542867044,1,freeze
2024-01-21 18:00:00,18.643802876887744,72.13458258003853,1012.4950471120037,1,freeze
2024-01-21 19:00:00,18.416762816176906,72.13458258003853,1012.9391178573684,1,freeze
2024-01-21 20:00:00,19.184773693431946,72.13458258003853,1013.6104734747198,1,freeze
2024-01-21 21:00:00,21.378721974342866,72.13458258003853,1012.7840771622219,1,freeze
2024-01-21 22:00:00,20.724998216608885,67.32071265542218,1012.4003522519426,0,none
2024-01-21 23:00:00,21.936683728952037,65.91136617541812,1011.1273353198958,0,none
2024-01-22 00:00:00,23.402215810881334,62.28236226152702,1014.1443416649529,0,none
2024-01-22 01:00:00,23.142161592454247,53.606832130456326,1013.2628859354774,0,none
2024-01-22 02:00:00,26.66167133571979,52.129983071968354,1011.5780915098998,0,none
2024-01-22 03:00:00,27.180637045010386,43.89291002384062,1014.6961316163712,0,none
2024-01-22 04:00:00,26.811300004504112,46.988210724362006,1010.7972672957978,0,none
2024-01-22 05:00:00,14.517882802668161,41.52666428874116,1016.3167643130168,1,spike
2024-01-22 06:00:00,27.88087672136424,44.66581945175879,1013.7226350770848,0,none
2024-01-22 07:00:00,,42.83941906902634,1010.0569723074595,1,null
2024-01-22 08:00:00,26.631305627271022,44.17472814183029,1014.7671213865135,0,none
2024-01-22 09:00:00,26.91270734463904,51.53954115604592,1013.4389688626155,0,none
2024-01-22 10:00:00,26.97091892282678,51.04530337919401,1014.7458340089927,0,none
2024-01-22 11:00:00,23.983352568189623,52.113734677868,1013.0053987305203,0,none
2024-01-22 12:00:00,22.360511479809084,61.73429362031386,1010.5795989416641,0,none
2024-01-22 13:00:00,22.920236751087558,65.94276158657593,1010.79636599966,0,none
2024-01-22 14:00:00,22.07568267452228,67.009555294793,1009.9915284621138,0,none
2024-01-22 15:00:00,19.708622305209026,69.88208528064317,1015.4551839740511,0,none
2024-01-22 16:00:00,19.06469461993577,67.48121416472593,1013.9751846344984,0,none
2024-01-22 17:00:00,19.098427152634503,70.75800765242064,1015.5887057637738,0,none
2024-01-22 18:00:00,18.98610433532787,73.83191923304484,1012.04052511661,0,none
2024-01-22 19:00:00,18.488864719530863,73.05622172538162,1015.9680167545791,0,none
2024-01-22 20:00:00,19.522816022637848,69.91846875217855,1012.7105978371508,0,none
2024-01-22 21:00:00,21.362667500178894,71.59346554067255,1012.9652735048954,0,none
2024-01-22 22:00:00,20.858604189251043,70.3815342699552,1010.3770888461627,0,none
2024-01-22 23:00:00,23.089863777280684,60.30253142799939,1010.5102904745241,0,none
2024-01-23 00:00:00,23.050667669066126,61.52637510786473,1011.560805067713,0,none
2024-01-23 01:00:00,24.139035492209068,62.293814453728174,1010.8238076786419,0,none
2024-01-23 02:00:00,26.883298217468766,54.22963728068369,1008.3987398689777,0,none
2024-01-23 03:00:00,27.779062909265733,52.05574130406541,1012.8026467482974,0,none
2024-01-23 04:00:00,28.54418766328602,47.014761690985665,1012.6556666631571,0,none
2024-01-23 05:00:00,29.051365832909575,46.396289574743946,1012.849328785855,0,none
2024-01-23 06:00:00,29.77522503327788,43.90023539912456,1013.2578020710213,0,none
2024-01-23 07:00:00,28.162729050868464,42.690860521644304,1014.7716917925851,0,none
2024-01-23 08:00:00,27.64358054926207,50.14174466089439,1014.1266815834352,0,none
2024-01-23 09:00:00,28.404943536239784,52.62486415633614,1012.8402113985712,0,none
2024-01-23 10:00:00,26.098071380050765,53.87885870341608,1013.5787662608833,1,drift
2024-01-23 11:00:00,25.753152228924264,57.66909611494586,1015.3745454489848,1,drift
2024-01-23 12:00:00,23.79491285366365,66.08194179277255,1011.8625055658526,1,drift
2024-01-23 13:00:00,22.108972298684545,63.74716631236617,1010.5969695366434,1,drift
2024-01-23 14:00:00,19.560437699203696,61.315682891924965,1014.3346359025417,1,drift
2024-01-23 15:00:00,20.32414746083854,71.95203637774253,1011.0017231991692,1,drift
2024-01-23 16:00:00,19.305460949558743,71.33269757247571,1017.2020298330887,1,drift
2024-01-23 17:00:00,18.444758663053754,75.73001163662185,1018.0303505259659,1,drift
2024-01-23 18:00:00,21.032031800020203,75.41160004021089,1011.1596582367673,1,drift
2024-01-23 19:00:00,19.185342319189704,80.30192562639859,1017.3033478380571,1,drift
2024-01-23 20:00:00,19.241478137841582,73.41981168545837,1019.469209205494,1,drift
2024-01-23 21:00:00,21.253187886981742,70.09055763169529,1016.6943298533803,1,drift
2024-01-23 22:00:00,20.86571527206368,66.60100810318461,1018.8569804528802,1,drift
2024-01-23 23:00:00,23.194856697278468,62.85268674562464,1017.0879757402146,1,drift
2024-01-24 00:00:00,24.374385473014495,55.21290564112231,1020.4291868871981,1,drift
2024-01-24 01:00:00,23.94989510988146,49.996104479144286,1019.7789662266972,1,drift
2024-01-24 02:00:00,28.90143884543215,53.4634255037803,1016.8140788404943,1,drift
2024-01-24 03:00:00,26.815694876988154,45.663490166001836,1016.6920299758029,1,drift
2024-01-24 04:00:00,30.24660393185217,43.343878275495,1018.9366918999877,1,drift
2024-01-24 05:00:00,28.595205519001908,48.49449606487535,1019.4453102212703,1,drift
2024-01-24 06:00:00,28.775629916554337,44.78961029764771,1023.3403923123551,1,drift
2024-01-24 07:00:00,28.266526480773994,44.447450154440794,1024.0775696404428,1,drift
2024-01-24 08:00:00,29.24470851205863,46.62437622571621,1026.8687205694803,1,drift
2024-01-24 09:00:00,27.08967413603679,50.45015332714366,1025.609813327452,1,drift
2024-01-24 10:00:00,25.917415909472503,55.55023792845759,1012.9037855614947,1,drift
2024-01-24 11:00:00,25.23989020418563,53.699597810518256,1017.3963285345694,1,drift
2024-01-24 12:00:00,23.535406965013493,58.947744931334235,1018.5424020856498,1,drift
2024-01-24 13:00:00,22.333051318102378,61.83955300615159,1021.3884257017493,1,drift
2024-01-24 14:00:00,20.9847471344168,65.28956352855924,1019.3043718594936,1,drift
2024-01-24 15:00:00,20.65263885802308,74.57495704415717,1018.123496979546,1,drift
2024-01-24 16:00:00,19.931984962565572,76.98607018351119,1019.2304306038045,1,drift
2024-01-24 17:00:00,19.630934255020918,74.46298441768148,1019.1635515850916,1,drift
2024-01-24 18:00:00,19.808591757912748,77.63301524825582,1019.5710504540438,1,drift
2024-01-24 19:00:00,18.712894500512927,71.55365423550032,1019.4237194009964,1,drift
2024-01-24 20:00:00,20.266351244878894,77.62671221786655,1022.6411268625698,1,drift
2024-01-24 21:00:00,20.280711086316867,70.13836429995928,1019.0418493027378,1,drift
2024-01-24 22:00:00,21.197511315346013,68.15601430607731,1019.0026621782872,1,drift
2024-01-24 23:00:00,24.968119766228526,62.49842935305912,1023.4329023500151,1,drift
2024-01-25 00:00:00,23.27137031643427,62.86385790970919,1018.8387745979483,1,drift
2024-01-25 01:00:00,25.790334830319356,58.91200847321182,1024.4302288194526,1,drift
2024-01-25 02:00:00,28.07824291615742,54.79332046313265,1014.5869055543983,0,none
2024-01-25 03:00:00,28.69394396258747,50.96819146091371,1013.092514965857,0,none
2024-01-25 04:00:00,28.642432849837896,48.66718422369061,1016.2592541503549,0,none
2024-01-25 05:00:00,28.318232236013397,43.49161031174387,1012.7720173602892,0,none
2024-01-25 06:00:00,30.45553938165667,45.31461236971354,1009.2005105278705,0,none
2024-01-25 07:00:00,29.070654213033013,41.89661515518124,1014.4163028186254,0,none
2024-01-25 08:00:00,28.67545353048975,45.51395332715006,1012.5863062613771,0,none
2024-01-25 09:00:00,27.46967222060905,48.9606367474805,1012.0309102848609,0,none
2024-01-25 10:00:00,26.37754894304477,58.65706732696182,1014.0574965453717,0,none
2024-01-25 11:00:00,26.248786088534487,61.811110773176225,1011.7390555059778,0,none
2024-01-25 12:00:00,24.19236079564929,59.20535020695535,1016.1706758718619,0,none
2024-01-25 13:00:00,23.524950325410465,65.73398557384611,1015.5781543757415,0,none
2024-01-25 14:00:00,20.471679662397882,68.12863307708686,1014.270171043197,0,none
2024-01-25 15:00:00,20.415581011004132,68.00215367918533,1014.2891151564304,0,none
2024-01-25 16:00:00,19.57014431786328,71.56312897041043,1015.4817577579357,0,none
2024-01-25 17:00:00,19.792879441293046,74.26136692906479,1012.8136924777837,0,none
2024-01-25 18:00:00,18.841803081561718,69.41153778339522,1012.317204976464,0,none
2024-01-25 19:00:00,17.760131730337427,75.19422151728355,1009.2606045188677,0,none
2024-01-25 20:00:00,19.208934213036883,75.81428480604048,1012.302742980024,0,none
2024-01-25 21:00:00,19.06711707591732,72.76126674378176,1016.3069406027408,0,none
2024-01-25 22:00:00,21.379228960373375,63.986372927562,1011.5993263126123,0,none
2024-01-25 23:00:00,22.668753547815893,64.43988631227869,1015.7221886429246,0,none
2024-01-26 00:00:00,24.334433716602177,57.153344629746684,1013.5220299274484,0,none
2024-01-26 01:00:00,25.831405313732294,58.940011565973165,1011.1251571014259,0,none
2024-01-26 02:00:00,26.20058408321212,56.788085275047095,1012.7328887293367,0,none
2024-01-26 03:00:00,26.392160701371356,46.20244879887556,1014.2123153296207,0,none
2024-01-26 04:00:00,27.96617662472622,50.62238316784017,1012.9830867469612,0,none
2024-01-26 05:00:00,30.26165798633923,45.67958723021954,1012.5205039729561,0,none
2024-01-26 06:00:00,28.646973252928206,43.36590040561422,1008.1479050848168,0,none
2024-01-26 07:00:00,30.72508954639191,51.149780259565674,1016.4103559678408,0,none
2024-01-26 08:00:00,28.832447056648995,42.74818708207778,1011.0943813461454,0,none
2024-01-26 09:00:00,28.666206043818548,48.79350664416482,1012.7864397465412,0,none
2024-01-26 10:00:00,25.026479675187623,53.02762238519147,1007.6806012525168,0,none
2024-01-26 11:00:00,26.15161205771525,55.60960138451481,1014.2939918821847,0,none
2024-01-26 12:00:00,25.730319525824026,61.44148700731131,1013.6330306286202,0,none
2024-01-26 13:00:00,21.636329941984553,63.45386311919903,1010.1194749802359,0,none
2024-01-26 14:00:00,21.768803907201303,61.50823054730985,1012.4093148849372,0,none
2024-01-26 15:00:00,22.01393468362335,69.4388503508516,1013.7843278682975,0,none
2024-01-26 16:00:00,20.11585312097002,66.97001546966598,1013.8160209501818,0,none
2024-01-26 17:00:00,18.816858271759532,73.56680236788728,1012.9439619737001,0,none
2024-01-26 18:00:00,19.56521658752426,70.60110137078968,1014.0605876782753,0,none
2024-01-26 19:00:00,17.04279500830758,75.1966887811487,1013.9239633479483,0,none
2024-01-26 20:00:00,19.6004092695273,80.22837192030354,1011.6357349498829,0,none
2024-01-26 21:00:00,21.930020171595057,68.82879438130504,1013.6603942261312,0,none
2024-01-26 22:00:00,20.896237851888444,65.71895257363641,1015.5521037427757,0,none
2024-01-26 23:00:00,24.109187486365762,66.18314947188951,1013.7080975890209,0,none
2024-01-27 00:00:00,24.593159495235238,58.33434186780747,1014.9458267037589,0,none
2024-01-27 01:00:00,25.295164065144345,60.16549297192973,1012.0307890119143,0,none
2024-01-27 02:00:00,25.711079518718847,55.729816942330714,1013.836968517208,0,none
2024-01-27 03:00:00,29.17428051654027,49.78533353938024,1006.7381312014511,0,none
2024-01-27 04:00:00,28.14711302152256,48.28105376652144,1010.8535744885503,0,none
2024-01-27 05:00:00,27.829727260654376,45.977816755989664,1012.995452032263,0,none
2024-01-27 06:00:00,29.466276162772235,45.00304863324317,1009.1389602082911,0,none
2024-01-27 07:00:00,27.605954853615867,42.056685591228515,1015.1973213026257,0,none
2024-01-27 08:00:00,28.971726371175777,49.1021334320275,1016.2770825839116,0,none
2024-01-27 09:00:00,29.190420019308366,44.17430367390531,1013.5396111473983,0,none
2024-01-27 10:00:00,26.12021198305518,50.28247213791067,1015.1774882648757,0,none
2024-01-27 11:00:00,26.892582297948596,61.60385429136661,1012.5347684266235,0,none
2024-01-27 12:00:00,24.443722689608332,61.482098545100015,1011.4121818900641,0,none
2024-01-27 13:00:00,,57.553607283704146,1012.568979976591,1,null
2024-01-27 14:00:00,21.923385872041557,68.00364876527757,1014.4376056938655,0,none
2024-01-27 15:00:00,20.74929785718704,77.50687717701271,1011.8689529756676,0,none
2024-01-27 16:00:00,19.811219704428254,69.54034497230526,1015.033091878972,0,none
2024-01-27 17:00:00,19.641930168691463,78.80879568560776,1011.8057035653948,0,none
2024-01-27 18:00:00,19.376500999056812,69.35634772612529,1014.5183621802888,0,none
2024-01-27 19:00:00,20.226267904090893,67.42103523356975,1013.0436483158804,0,none
2024-01-27 20:00:00,20.78777481829827,72.8461506863723,1012.5816513070008,0,none
2024-01-27 21:00:00,19.317091515230565,68.6770811735039,1017.5542538605736,0,none
2024-01-27 22:00:00,21.167172418967745,70.24589507174696,1011.0294823678298,0,none
2024-01-27 23:00:00,22.865164378062317,65.08900590945261,1015.5101773068113,1,drift
2024-01-28 00:00:00,24.767197683647765,56.161485930079465,1014.3425886814856,1,drift
2024-01-28 01:00:00,26.281158286281972,63.34337131255543,1015.2363300037124,1,drift
2024-01-28 02:00:00,26.739414377314446,51.897588628884535,1016.5976598081296,1,drift
2024-01-28 03:00:00,27.47440523916778,56.07873621285551,1016.6280270171172,1,drift
2024-01-28 04:00:00,28.44570323556751,47.16553858734504,1018.4970750015016,1,drift
2024-01-28 05:00:00,30.79916644927942,47.38591850690427,1012.7565491159585,1,drift
2024-01-28 06:00:00,30.109707255766235,45.74463344048007,1016.3532441318963,1,drift
2024-01-28 07:00:00,28.219979899876144,43.421337275313235,1019.1348327059335,1,drift
2024-01-28 08:00:00,28.3685643303233,47.29589637551778,1016.4201622483081,1,drift
2024-01-28 09:00:00,28.426527873077568,49.123560838938424,1019.0361871814836,1,drift
2024-01-28 10:00:00,25.04146464654519,51.04121038955083,1016.9589168005635,1,drift
2024-01-28 11:00:00,26.110527262074594,55.57750909362176,1023.2249978155636,1,drift
2024-01-28 12:00:00,24.142848242349004,61.54927678628397,1019.2984209124932,1,drift
2024-01-28 13:00:00,24.28350333268349,60.02803374143804,1020.6266219547671,1,drift
2024-01-28 14:00:00,22.875391089215846,67.19607136570812,1018.3464808943578,1,drift
2024-01-28 15:00:00,21.425941759493572,70.67504202394242,1021.3336161705961,1,drift
2024-01-28 16:00:00,19.620284806353077,74.68288138325555,1019.8816541674388,1,drift
2024-01-28 17:00:00,20.12710108480254,75.62878647021607,1022.3653635686832,1,drift
2024-01-28 18:00:00,20.31199327968191,75.63915428695377,1021.0423674466576,1,drift
2024-01-28 19:00:00,18.80596907169657,71.5423312604942,1022.654936802747,1,drift
2024-01-28 20:00:00,19.920846003785833,68.31511533239566,1022.019258291606,1,drift
2024-01-28 21:00:00,22.032715756769548,68.59166196090911,1020.7711748731505,1,drift
2024-01-28 22:00:00,22.850084109862852,60.57768773542625,1024.3828540122868,1,drift
2024-01-28 23:00:00,23.182363033507357,60.97963054586372,1011.4237344396055,0,none
2024-01-29 00:00:00,24.30887607436054,59.701134161992925,1011.6934526530786,0,none
2024-01-29 01:00:00,27.019577364552383,54.22175838223218,1013.445649799501,0,none
2024-01-29 02:00:00,26.948770991574303,52.12303600844235,1011.7380128604457,0,none
2024-01-29 03:00:00,29.506096330157515,49.59380257920441,1014.427546849602,0,none
2024-01-29 04:00:00,29.870112749424436,48.877886366413286,1015.5757165323345,0,none
2024-01-29 05:00:00,28.670102098860188,47.71203532442307,1013.2709523403635,0,none
2024-01-29 06:00:00,30.249919581810023,45.95777716449754,1010.5810886088149,0,none
2024-01-29 07:00:00,28.28812702712375,39.44415439766046,1009.2179598195703,0,none
2024-01-29 08:00:00,28.98176586293952,52.32219512107826,1014.8779901674408,0,none
2024-01-29 09:00:00,28.357494671625492,50.53361700442389,1012.0845085183562,0,none
2024-01-29 10:00:00,27.326539272157575,52.90174632095927,1012.4415248626175,0,none
2024-01-29 11:00:00,25.652247246768194,54.46907632951476,1015.8796377023157,0,none
2024-01-29 12:00:00,23.68702263615358,62.210967541431366,1014.3197634187057,0,none
2024-01-29 13:00:00,22.26347688986982,60.59930991039349,1011.4644024818365,0,none
2024-01-29 14:00:00,22.557386910495936,68.17041520592342,1015.0771880408442,0,none
2024-01-29 15:00:00,20.858692943618813,65.08572418191173,1011.3883132449176,0,none
2024-01-29 16:00:00,21.149674627148627,72.65968522388373,1018.2837772160331,0,none
2024-01-29 17:00:00,20.925759709196182,74.71071981274918,1008.351207705013,0,none
2024-01-29 18:00:00,19.739120460870023,74.21985264673947,1011.2772736975076,0,none
2024-01-29 19:00:00,20.735910419742147,73.88891871379283,1014.5383168047733,0,none
2024-01-29 20:00:00,19.545173921598227,73.3279668931234,1012.4502426120714,0,none
2024-01-29 21:00:00,21.829230366118924,70.92229757443181,1011.7861280036367,0,none
2024-01-29 22:00:00,22.588997295545877,60.20359357464598,1011.4509092114107,0,none
2024-01-29 23:00:00,22.377608584595187,60.8258532314178,1013.0095210858849,0,none
2024-01-30 00:00:00,23.354232711923853,54.63711343714294,1015.1531092850823,0,none
2024-01-30 01:00:00,25.84850236204781,56.22980006701895,1015.092060029246,0,none
2024-01-30 02:00:00,26.270605732992987,54.818746939975824,1013.146989462793,0,none
2024-01-30 03:00:00,30.345685102704678,52.14937995365422,1011.2204314818432,0,none
2024-01-30 04:00:00,10.706056166248352,46.94235610147539,1013.8022939292562,1,spike
2024-01-30 05:00:00,30.671155162889182,54.06676541044021,1014.6683404756191,0,none
2024-01-30 06:00:00,29.359895350103645,46.464074201248955,1013.54397906053,0,none
2024-01-30 07:00:00,29.06754468509287,45.727845166723135,1014.896844584387,0,none
2024-01-30 08:00:00,29.827909112766488,43.51849825492032,1010.0888634041394,0,none
2024-01-30 09:00:00,27.425105180340026,52.09413065183784,1005.9713394712425,0,none
2024-01-30 10:00:00,27.11567859807244,52.91893551298911,1012.3140197257196,0,none
2024-01-30 11:00:00,26.104289888236778,55.866681858564185,1012.034030816417,0,none
2024-01-30 12:00:00,24.06661242732111,61.99781305464429,1011.1111236882401,0,none
2024-01-30 13:00:00,22.656056429031672,64.53789081487102,1013.0480153663707,0,none
2024-01-30 14:00:00,22.539120220603166,67.01417740431005,1015.6543843670255,0,none
2024-01-30 15:00:00,21.921393817397487,69.96181350390715,1011.2113858468125,0,none
2024-01-30 16:00:00,21.46462864996466,72.8258246796052,1014.1878314082585,0,none
2024-01-30 17:00:00,19.800867497885548,76.9962415081366,1014.1663956843231,0,none
2024-01-30 18:00:00,20.191651980075687,72.68495138663927,1015.9256988257036,0,none
2024-01-30 19:00:00,20.698324687204195,77.05477297869966,1011.835821612216,0,none
2024-01-30 20:00:00,19.30217594170347,72.08505911140531,1013.6405373147629,0,none
2024-01-30 21:00:00,20.6912400798717,70.03877802822353,1008.1340751692568,0,none
2024-01-30 22:00:00,22.691465686430483,68.62857930873298,1013.5280685640317,0,none
2024-01-30 23:00:00,23.88504941897759,59.896374208473745,1013.5030131728878,0,none
2024-01-31 00:00:00,25.748471212834655,62.275625619751274,1011.2691578605599,0,none
2024-01-31 01:00:00,25.453590206034068,53.662723889954506,1014.290312123849,0,none
2024-01-31 02:00:00,27.981402754586632,52.563476932968015,1015.7143424317236,0,none
2024-01-31 03:00:00,26.431254007993644,52.145693724701395,1013.4954361737682,0,none
2024-01-31 04:00:00,28.493097425933758,45.25655686139217,1008.1055587660103,0,none
2024-01-31 05:00:00,29.782526346738535,46.87033416512528,1014.5599529694507,0,none
2024-01-31 06:00:00,28.251717085172206,44.67520609794784,1014.1182870669024,0,none
2024-01-31 07:00:00,30.49249312984874,48.12039322273783,1014.2406738562956,0,none
2024-01-31 08:00:00,30.05858734838565,48.42507524849327,1010.1661306414868,0,none
2024-01-31 09:00:00,26.596915431803428,52.69489502525474,1015.3032680932429,0,none
2024-01-31 10:00:00,27.88872754087944,50.89882999528168,1011.1870674979621,0,none
2024-01-31 11:00:00,25.766728976722277,54.08927600076454,1013.2599243846694,0,none
2024-01-31 12:00:00,25.891846631236174,65.4792154070817,1012.4119039724391,0,none
2024-01-31 13:00:00,23.326141569798367,71.30533826541766,1014.6923104609962,0,none
2024-01-31 14:00:00,21.514723069593828,68.76835346829965,1013.6722215099376,0,none
2024-01-31 15:00:00,22.59409784805316,69.35025193765696,1011.6813511638301,0,none
2024-01-31 16:00:00,,67.85476032785557,1014.084633478809,1,null
2024-01-31 17:00:00,22.380297956656275,73.5569228637697,1012.9362262292701,0,none
2024-01-31 18:00:00,20.98989317799266,74.95676790341133,1014.8111614671568,0,none
2024-01-31 19:00:00,20.724345300005826,80.58011979495357,1013.6136111811823,0,none
2024-01-31 20:00:00,22.96525682119902,68.29333971082592,1012.3199181594268,0,none
2024-01-31 21:00:00,21.83596288615633,73.90776593133813,1015.267830265656,0,none
2024-01-31 22:00:00,21.927911816919963,67.98458598458956,1014.2135644928225,0,none
2024-01-31 23:00:00,24.981804245510563,66.92875513540507,1013.847120401643,0,none
2024-02-01 00:00:00,26.38093312143817,55.37110334301747,1012.1564609643882,0,none
2024-02-01 01:00:00,26.21135057755937,53.146867189123846,1018.7742928683307,0,none
2024-02-01 02:00:00,28.263358738891757,53.786675526067384,1013.141378849176,0,none
2024-02-01 03:00:00,29.112919076835038,46.332303579902465,1012.4292189631994,0,none
2024-02-01 04:00:00,,50.62971138607153,1011.2893533337847,1,null
2024-02-01 05:00:00,29.342499978736768,46.53116506578951,1011.9693636828894,0,none
2024-02-01 06:00:00,29.399770097346774,47.758861784770055,1010.7228476189741,0,none
2024-02-01 07:00:00,32.00526120849138,47.01395348003891,1014.0910703757743,0,none
2024-02-01 08:00:00,32.95154718919204,45.99603320659363,1012.4554202127463,0,none
2024-02-01 09:00:00,28.55222365851758,44.902545682015905,1011.5017935427601,0,none
2024-02-01 10:00:00,28.09220408891883,55.91732962972274,1010.3154085113047,0,none
2024-02-01 11:00:00,24.894265614297673,53.62253515576678,1014.2326566567356,0,none
2024-02-01 12:00:00,25.161491557715948,58.015191790877054,1011.5800283837003,0,none
2024-02-01 13:00:00,23.475167929894482,64.47529673246055,1015.2735177042451,0,none
2024-02-01 14:00:00,22.624153546890806,64.09574260649451,1011.6358602721606,0,none
2024-02-01 15:00:00,20.854067128626802,71.10043914463469,1013.2108826868769,0,none
2024-02-01 16:00:00,22.88599920229816,72.96283302685211,1012.521278476021,0,none
2024-02-01 17:00:00,19.987260652350315,69.19499419603694,1014.856943213719,0,none
2024-02-01 18:00:00,18.96266119716063,71.07153955670506,1014.6027127705514,0,none
2024-02-01 19:00:00,19.502162531824528,71.31531250286297,1013.4619042959117,0,none
2024-02-01 20:00:00,20.3782050477412,75.52943924235453,1015.9156178666445,0,none
2024-02-01 21:00:00,22.099849281680225,65.64381072405664,1017.2634274873474,0,none
2024-02-01 22:00:00,,74.12565562793509,1011.6647691886848,1,null
2024-02-01 23:00:00,23.745526537944933,64.3099074920416,1013.2708603965903,0,none
2024-02-02 00:00:00,24.88562128506083,58.89246644547163,1009.1382573728978,0,none
2024-02-02 01:00:00,27.36466510752772,60.23946452707659,1010.9832024922406,0,none
2024-02-02 02:00:00,26.724770253234645,53.79638424021841,1013.6510191992081,0,none
2024-02-02 03:00:00,28.868332738260392,47.888530943203364,1012.0609374921693,0,none
2024-02-02 04:00:00,29.44483191295653,45.19776721485756,1014.985947117634,0,none
2024-02-02 05:00:00,30.395707265322688,46.07265529945482,1011.6462668442999,0,none
2024-02-02 06:00:00,30.554855268220994,50.56616119917506,1013.8270596165913,0,none
2024-02-02 07:00:00,30.858576414667812,44.43143432433584,1016.3373449537947,0,none
2024-02-02 08:00:00,29.219233247877966,50.840489703749085,1012.9303731440693,0,none
2024-02-02 09:00:00,30.24218431486989,54.797427521188844,1014.3119721346121,0,none
2024-02-02 10:00:00,30.21820659628851,54.51490391876569,1012.9451544396155,0,none
2024-02-02 11:00:00,27.67908736838756,55.36654127270865,1010.6807247202478,0,none
2024-02-02 12:00:00,26.873459710361416,61.95239815059227,1014.0725099018309,0,none
2024-02-02 13:00:00,22.11011076292934,64.13610115726615,1013.8944295038393,0,none
2024-02-02 14:00:00,22.66278924251898,68.64960294469155,1012.1207727316854,0,none
2024-02-02 15:00:00,23.46150681240542,69.15803017092017,1011.6679178380082,0,none
2024-02-02 16:00:00,20.839565649010577,74.65233313362856,1018.6666264660026,0,none
2024-02-02 17:00:00,20.238621689496043,68.51181361829995,1018.3249988317576,0,none
2024-02-02 18:00:00,20.1553907532698,78.62200660374883,1015.1736202571144,0,none
2024-02-02 19:00:00,20.40610505357889,74.02111038107387,1012.7841515408898,0,none
2024-02-02 20:00:00,20.56976827529494,75.50414257309711,1017.1170964857578,0,none
2024-02-02 21:00:00,21.171388314698397,72.58125932282303,1012.0558966110787,0,none
2024-02-02 22:00:00,22.505303002848738,68.37675912870901,1012.1323858756267,0,none
2024-02-02 23:00:00,24.60609975852867,71.37668164814902,1012.2318294476645,0,none
2024-02-03 00:00:00,27.99880086037252,52.74374047120155,1010.6287887414743,0,none
2024-02-03 01:00:00,28.354576934704042,58.47508451443133,1014.5416029238653,0,none
2024-02-03 02:00:00,27.53653417724803,52.99579419279551,1014.6576485655224,0,none
2024-02-03 03:00:00,30.990942652509478,49.35065534523855,1012.4344728577614,0,none
2024-02-03 04:00:00,30.18001808143676,43.71470805389754,1019.1998402652301,0,none
2024-02-03 05:00:00,31.468379495723976,45.46796489069728,1014.2421197208498,0,none
2024-02-03 06:00:00,29.97673768526998,38.573432013807476,1016.4293876456178,0,none
2024-02-03 07:00:00,30.720501967894887,49.49028100321615,1012.2197302913175,0,none
2024-02-03 08:00:00,29.84332560844709,48.78593696098425,1011.3258104612872,0,none
2024-02-03 09:00:00,30.28921012954665,50.67406166619404,1013.3455578404074,0,none
2024-02-03 10:00:00,28.368404340971356,50.409882259233626,1012.956721417176,0,none
2024-02-03 11:00:00,28.52923860018684,58.93967157284829,1012.6495107869447,0,none
2024-02-03 12:00:00,25.362571755186814,62.02980897149777,1012.2937205248232,0,none
2024-02-03 13:00:00,24.94255193988125,68.18559504195149,1008.0635301183527,0,none
2024-02-03 14:00:00,23.821670185523512,64.44261607823486,1013.9635401425785,0,none
2024-02-03 15:00:00,21.974931815618458,69.45748973047984,1011.7495157804923,0,none
2024-02-03 16:00:00,22.50477609387287,73.76607728007328,1014.9567397937718,0,none
2024-02-03 17:00:00,19.412185910037756,79.77665138664963,1016.0535593210608,0,none
2024-02-03 18:00:00,21.63945793037544,74.6679347607238,1014.2301350247312,0,none
2024-02-03 19:00:00,,78.13444619555844,1015.0652312325631,1,null
2024-02-03 20:00:00,20.07221753637791,71.72238615394257,1015.2295284136372,0,none
2024-02-03 21:00:00,23.541284992953432,70.14829382256242,1011.0430979916443,0,none
2024-02-03 22:00:00,24.337943730429362,70.61565379336152,1010.8617240722366,0,none
2024-02-03 23:00:00,25.126427962345794,58.459161867765715,1010.8458523167927,0,none
2024-02-04 00:00:00,24.680842671969383,63.96378512350099,1012.6932240606445,0,none
2024-02-04 01:00:00,27.189969444207296,56.052749278652286,1012.0117684006797,0,none
2024-02-04 02:00:00,28.528397935572894,50.597281610174896,1013.876444073386,0,none
2024-02-04 03:00:00,28.293542329170403,45.44209823432426,1012.736409899763,0,none
2024-02-04 04:00:00,32.223088998685874,47.88884578281562,1011.9629362895016,0,none
2024-02-04 05:00:00,31.20478813782313,48.66185629674396,1012.5380254357405,0,none
2024-02-04 06:00:00,31.77183910517228,45.53106035320498,1014.1271449443649,0,none
2024-02-04 07:00:00,30.07242524679918,47.775424581594606,1014.5072497452832,0,none
2024-02-04 08:00:00,28.750385177396343,45.95961804955629,1012.7902499723866,0,none
2024-02-04 09:00:00,27.186622829195997,49.28326246354796,1013.3177855218797,0,none
2024-02-04 10:00:00,26.87096531483132,50.21322272303952,1012.1185905012838,0,none
2024-02-04 11:00:00,23.98679333530526,55.97836039230875,1016.0525897420888,0,none
2024-02-04 12:00:00,24.80427125350796,63.07327875818346,1015.400709025037,0,none
2024-02-04 13:00:00,23.898131811401182,63.18955449603545,1011.6545552327534,0,none
2024-02-04 14:00:00,23.179716225316664,65.61870362650784,1013.2858681818552,0,none
2024-02-04 15:00:00,21.26346847713163,71.34293504126572,1013.0759695845579,0,none
2024-02-04 16:00:00,20.04291930290702,73.38696609318727,1014.303007386653,0,none
2024-02-04 17:00:00,20.201727041169338,79.28684009367366,1014.5165694045219,0,none
2024-02-04 18:00:00,20.595854252315476,80.41947834650323,1012.1615641179698,0,none
2024-02-04 19:00:00,20.78626650558061,77.78295589983276,1013.3243428455282,0,none
2024-02-04 20:00:00,21.186089466252493,74.94035878965995,1011.2393334969814,0,none
2024-02-04 21:00:00,23.788308213063587,69.14673630563034,1013.4434991766067,0,none
2024-02-04 22:00:00,22.564376787025434,67.49638177519016,1013.7283077427592,0,none
2024-02-04 23:00:00,24.679562155482035,61.836165047493616,1013.0726373101901,0,none
2024-02-05 00:00:00,26.303491904096692,63.92202858993571,1013.6502606664974,0,none
2024-02-05 01:00:00,27.01665533812324,49.78758732429349,1012.0187080341901,0,none
2024-02-05 02:00:00,28.43813100608755,52.080792840970695,1014.0869502089788,0,none
2024-02-05 03:00:00,29.649968074379327,49.58590533320765,1012.9824549825806,0,none
2024-02-05 04:00:00,28.395160241950776,47.33103573897274,1013.7304215643464,0,none
2024-02-05 05:00:00,31.679037131467275,44.487511481635686,1014.951491279103,0,none
2024-02-05 06:00:00,29.99074671268226,39.03718239347522,1013.50126487959,0,none
2024-02-05 07:00:00,31.355916080244633,46.701835760622615,1015.1251590555777,0,none
2024-02-05 08:00:00,29.1800627950996,44.420927160084005,1014.2466783754295,0,none
2024-02-05 09:00:00,30.496883331449318,52.433662094451755,1011.5495921660508,0,none
2024-02-05 10:00:00,27.6867227538956,46.938598040969254,1014.5114790067888,0,none
2024-02-05 11:00:00,25.163007824495057,52.02829978169184,1011.5621480627385,0,none
2024-02-05 12:00:00,24.201951979955066,66.89435088258199,1012.0481797989457,0,none
2024-02-05 13:00:00,24.384018222907994,59.6044922548648,1013.3046104980172,0,none
2024-02-05 14:00:00,22.071918103972394,68.99342264413976,1011.727718456077,0,none
2024-02-05 15:00:00,22.51861960930075,68.17844110725245,1014.4792038358122,0,none
2024-02-05 16:00:00,21.158820950859955,70.27790199337547,1011.734663323173,0,none
2024-02-05 17:00:00,20.616463881364577,77.42296381838945,1012.9364062658034,0,none
2024-02-05 18:00:00,21.64165494908127,79.09119538778656,1016.9865064835072,0,none
2024-02-05 19:00:00,20.87739682519993,75.46140007996954,1010.5892712827788,0,none
2024-02-05 20:00:00,20.166741472732365,71.35932167454575,1013.2838681434741,0,none
2024-02-05 21:00:00,23.507558202585997,70.09778621276769,1015.1029029400526,0,none
2024-02-05 22:00:00,24.03964584852236,65.63431349861608,1011.6406523719859,0,none
2024-02-05 23:00:00,25.179028425977915,72.52403371083746,1012.4854642420112,0,none
2024-02-06 00:00:00,26.50574487465782,61.12357502094997,1012.0066558926005,0,none
2024-02-06 01:00:00,27.590546346548088,55.581843597990606,1010.4849672834475,0,none
2024-02-06 02:00:00,29.38467796111455,53.054684663054125,1013.8902701840182,0,none
2024-02-06 03:00:00,31.39453893740697,55.44095571636236,1011.0519786700634,0,none
2024-02-06 04:00:00,31.6902898837443,51.20679824069171,1013.6692383152008,0,none
2024-02-06 05:00:00,31.393686379285516,38.629484834374196,1016.0109450411214,0,none
2024-02-06 06:00:00,31.15780664306405,44.97334844346622,1008.3869605200206,0,none
2024-02-06 07:00:00,29.946434110063713,50.49466834205879,1015.1893142744162,0,none
2024-02-06 08:00:00,30.896122965488395,47.254896209254206,1010.8556146642177,0,none
2024-02-06 09:00:00,29.29997586653611,47.753470134349136,1014.0409903365412,0,none
2024-02-06 10:00:00,27.508954898135546,56.431542438970865,1007.584913825922,0,none
2024-02-06 11:00:00,27.25400973300863,54.296353748419726,1017.7024512833377,0,none
2024-02-06 12:00:00,25.297360786462225,61.18347610845568,1016.9371367691043,0,none
2024-02-06 13:00:00,25.103735167353413,63.00211393248689,1010.3567712833841,0,none
2024-02-06 14:00:00,24.038381857156953,68.54281219613127,1019.1106947758814,0,none
2024-02-06 15:00:00,22.440672476390976,67.62258248778953,1013.4382863037229,0,none
2024-02-06 16:00:00,20.940813780775258,71.14453751265088,1010.6290985643604,0,none
2024-02-06 17:00:00,21.194204980809207,71.21938963321841,1012.7031964505252,0,none
2024-02-06 18:00:00,21.236272440577107,77.57998950539718,1014.0752025877439,0,none
2024-02-06 19:00:00,19.902813831989665,72.00133103547047,1014.956272091162,0,none
2024-02-06 20:00:00,23.059848332535005,72.98370416393188,1015.2271617223901,0,none
2024-02-06 21:00:00,23.207682814775843,73.92033127291117,1012.929818115652,0,none
2024-02-06 22:00:00,22.899820356619447,64.6561008695365,1014.3451303109991,0,none
2024-02-06 23:00:00,23.595493669809187,62.3549137155171,1013.6655677680526,0,none
2024-02-07 00:00:00,25.641224354274485,62.88178329055257,1012.3616093200985,0,none
2024-02-07 01:00:00,27.992942801931232,55.921452384428854,1014.7877328029658,0,none
2024-02-07 02:00:00,29.275417181463737,49.78278582385057,1012.2653362920147,0,none
2024-02-07 03:00:00,29.06226010318251,51.76811102464863,1009.122923951647,0,none
2024-02-07 04:00:00,29.158477405323993,48.08779715315942,1014.9870384974844,0,none
2024-02-07 05:00:00,30.289057689490313,48.33777778710739,1007.9891590034434,0,none
2024-02-07 06:00:00,30.127849474510853,41.98371679426475,1010.335495386504,0,none
2024-02-07 07:00:00,30.64849486728207,45.68718933383705,1013.9352441864594,0,none
2024-02-07 08:00:00,29.541429073976953,45.7373530989908,1012.953317373191,0,none
2024-02-07 09:00:00,29.046347138130805,49.75340772420515,1014.4665100786682,0,none
2024-02-07 10:00:00,27.665151873486785,55.00618768007219,1013.7402625840974,0,none
2024-02-07 11:00:00,28.84375033056475,57.5214964430219,1013.6298592876492,0,none
2024-02-07 12:00:00,24.146821048892278,60.48558817835518,1012.431399618345,0,none
2024-02-07 13:00:00,22.616862503771497,66.62836206385582,1011.4030009093236,0,none
2024-02-07 14:00:00,21.68140442619835,66.42513181945792,1017.8730999806783,0,none
2024-02-07 15:00:00,21.28160523683125,75.42290594831526,1011.3239569938777,0,none
2024-02-07 16:00:00,20.846909424531372,70.79223649212103,1011.3423361210469,0,none
2024-02-07 17:00:00,22.439665531820975,72.91686061377287,1011.5965470282011,0,none
2024-02-07 18:00:00,22.576157414285966,76.22895260216755,1010.9103264591084,0,none
2024-02-07 19:00:00,21.626671661129407,77.08931084828102,1013.3984706503563,0,none
2024-02-07 20:00:00,22.821525175680772,72.99744096139793,1012.4490921671756,0,none
2024-02-07 21:00:00,22.340010018753265,68.20649825630807,1011.6259756186935,0,none
2024-02-07 22:00:00,22.763311314307472,63.057859089722726,1014.5516949839074,0,none
2024-02-07 23:00:00,24.307269759423523,62.62722346642111,1013.0056130341766,0,none
2024-02-08 00:00:00,24.214102442061346,53.310852069276876,1012.1889728775255,0,none
2024-02-08 01:00:00,29.319013437698366,58.09285548441858,1014.6391307453813,0,none
2024-02-08 02:00:00,28.598755018610625,50.49220963004219,1012.5762916027668,0,none
2024-02-08 03:00:00,29.99611191872939,49.83964640736497,1012.2426806446765,0,none
2024-02-08 04:00:00,30.113491214534886,45.95149204347036,1015.4844027151653,0,none
2024-02-08 05:00:00,30.267601146827488,42.44855630178193,1015.3349860333212,0,none
2024-02-08 06:00:00,31.99865161786999,51.11723520623195,1009.9910546138129,0,none
2024-02-08 07:00:00,30.56052590033156,40.62815938357668,1010.1272390465957,0,none
2024-02-08 08:00:00,29.05248452858604,47.212603131144796,1014.3175483508113,0,none
2024-02-08 09:00:00,28.249032511229622,50.593011906051714,1014.6243600000722,0,none
2024-02-08 10:00:00,28.875404182748934,51.050073107266755,1013.9932530439846,0,none
2024-02-08 11:00:00,26.20584402951461,57.73426617067897,1011.8850849953336,0,none
2024-02-08 12:00:00,25.286928472728132,62.84466899403964,1013.4740243500611,0,none
2024-02-08 13:00:00,26.214971757071748,59.564290088784375,1011.8121134460752,0,none
2024-02-08 14:00:00,22.548175227450475,67.68004229530476,1012.3045896014984,0,none
2024-02-08 15:00:00,,67.9099285319521,1015.1861611220589,1,null
2024-02-08 16:00:00,22.878693028101136,70.59351951216787,1013.160508954859,0,none
2024-02-08 17:00:00,20.61554677679315,73.41526640129607,1015.3747277165905,0,none
2024-02-08 18:00:00,20.75685367780399,80.96740735476742,1014.0098153865782,0,none
2024-02-08 19:00:00,20.210567187944278,74.43370404297822,1018.597092171149,0,none
2024-02-08 20:00:00,21.33505958665922,73.94778727413194,1013.2299867947246,0,none
2024-02-08 21:00:00,22.17481807137178,75.43895479136414,1012.088164530451,0,none
2024-02-08 22:00:00,21.90161724570546,75.74012707990906,1011.9752226182202,0,none
2024-02-08 23:00:00,24.174476988207886,65.55506871659723,1011.3401267422588,0,none
2024-02-09 00:00:00,28.196322570795772,65.96217569982913,1014.1763573349613,0,none
2024-02-09 01:00:00,28.70070009468983,55.36123394962904,1013.4924352413141,0,none
2024-02-09 02:00:00,28.910711380317974,52.15531762270165,1010.6040664622186,0,none
2024-02-09 03:00:00,29.75797952714746,43.50332102512365,1013.2808278189098,0,none
2024-02-09 04:00:00,31.223923169610337,49.28196060933734,1011.5612357326902,0,none
2024-02-09 05:00:00,31.1968112193407,47.65725048389464,1013.6951569966448,0,none
2024-02-09 06:00:00,30.35800894720345,41.857757061019235,1012.6264782735947,0,none
2024-02-09 07:00:00,31.189612885217255,48.630857242639436,1012.6442511291441,0,none
2024-02-09 08:00:00,30.60798690815274,48.49563712128158,1012.4504154645564,0,none
2024-02-09 09:00:00,29.36311627995949,50.93260485447294,1013.8969678913202,0,none
2024-02-09 10:00:00,28.129387795095173,51.55230175227334,1018.2674854723015,0,none
2024-02-09 11:00:00,26.838573772638426,53.44976892050036,1015.2872292721494,0,none
2024-02-09 12:00:00,27.52141226162493,57.05542654243208,1015.3407504715054,0,none
2024-02-09 13:00:00,23.92687977925273,58.131307961460266,1015.5394572959308,0,none
2024-02-09 14:00:00,23.80866172520949,69.14667296709864,1007.3774474307459,0,none
2024-02-09 15:00:00,22.664868369339015,66.93478917226844,1014.9399533578351,0,none
2024-02-09 16:00:00,23.81482647758507,77.38142108969294,1012.313516876464,0,none
2024-02-09 17:00:00,20.300686993392976,76.70695321597225,1012.3443742272262,0,none
2024-02-09 18:00:00,20.2335456561758,73.13611178537859,1012.4653138222121,0,none
2024-02-09 19:00:00,19.871448750716265,70.13670240824582,1015.0945812243892,0,none
2024-02-09 20:00:00,22.198377676950958,79.15234443810135,1013.4387080569853,0,none
2024-02-09 21:00:00,23.070403902769826,65.76730044731335,1012.2126305561753,0,none
2024-02-09 22:00:00,22.617900619693405,66.14144059898774,1011.555736300056,0,none
2024-02-09 23:00:00,24.14300220505394,66.27629469418665,1012.0608696142991,0,none
2024-02-10 00:00:00,27.26142724483663,67.30296972753662,1011.677917254594,0,none
2024-02-10 01:00:00,27.257722388423268,52.139957230104045,1011.4841517336772,0,none
2024-02-10 02:00:00,29.420004731433004,52.43239223262757,1011.0437362540712,0,none
2024-02-10 03:00:00,30.86877872053107,54.61225660590379,1009.1049425790823,0,none
2024-02-10 04:00:00,32.27809179212522,43.34045101503532,1010.9635236601307,0,none
2024-02-10 05:00:00,,46.8820470250167,1012.5335920553474,1,null
2024-02-10 06:00:00,32.3716101300213,44.813343654325344,1010.6774668819285,0,none
2024-02-10 07:00:00,31.78223992884892,43.569912368745165,1013.0789147640726,0,none
2024-02-10 08:00:00,32.30940921307864,45.70789868453281,1011.6373940307228,0,none
2024-02-10 09:00:00,29.152437077855282,44.997746238787755,1014.58017269534,0,none
2024-02-10 10:00:00,31.043344976940702,49.60311896398164,1013.9203280888391,0,none
2024-02-10 11:00:00,28.439107342360284,58.12182270094931,1015.236135013085,0,none
2024-02-10 12:00:00,25.81590069223509,58.56463847331398,1012.177053389728,0,none
2024-02-10 13:00:00,24.349998365449142,60.21395166692341,1010.8121348777777,0,none
2024-02-10 14:00:00,24.614840449971297,66.64703803875511,1013.8178036677117,0,none
2024-02-10 15:00:00,22.13582426780603,67.83325522051943,1014.211019617119,0,none
2024-02-10 16:00:00,22.272309172364437,73.97675018849277,1012.8867453456365,0,none
2024-02-10 17:00:00,20.75765073419689,79.08462394504146,1011.0361629481581,0,none
2024-02-10 18:00:00,22.751644292520055,76.78550235173955,1013.8733993988067,0,none
2024-02-10 19:00:00,21.94469724956898,76.74569873400435,1010.8066111133547,0,none
2024-02-10 20:00:00,23.536925546394453,73.69182888297973,1011.5221418428071,0,none
2024-02-10 21:00:00,23.30561856331502,66.18590442733611,1012.017108681333,0,none
2024-02-10 22:00:00,22.057400147909465,72.20048949425701,1011.4457716831969,0,none
2024-02-10 23:00:00,25.445651010941777,63.655759295899195,1015.3474225435901,0,none
2024-02-11 00:00:00,27.12682223568263,60.561749224758856,1012.1828523097066,0,none
2024-02-11 01:00:00,29.2196395186011,54.882003803137124,1013.2026368568958,0,none
2024-02-11 02:00:00,27.484895342416827,52.018415231235615,1010.2561539974795,0,none
2024-02-11 03:00:00,29.843330444251283,53.631170944875514,1013.4650134333906,0,none
2024-02-11 04:00:00,31.601560492654595,47.70461985970301,1017.6224089732507,0,none
2024-02-11 05:00:00,30.102933053383037,45.128345668178014,1013.5033399208367,0,none
2024-02-11 06:00:00,30.666067959528924,44.357788654996334,1011.8881843659693,0,none
2024-02-11 07:00:00,32.47767217677412,46.77780557132939,1011.8348062669659,0,none
2024-02-11 08:00:00,32.988099672637134,43.77647149369404,1013.6366051085643,0,none
2024-02-11 09:00:00,29.452264331617943,50.177083334477906,1015.5949157653508,0,none
2024-02-11 10:00:00,28.82983790780574,54.06175847482819,1010.9949038503865,0,none
2024-02-11 11:00:00,24.970477477078497,56.50090580112691,1009.7881652199522,0,none
2024-02-11 12:00:00,25.984758184414208,58.42586356728762,1011.6387889641209,0,none
2024-02-11 13:00:00,25.950044201934055,63.98989329418827,1011.5999710938671,0,none
2024-02-11 14:00:00,23.74109462348917,68.38106148376164,1011.3929676279599,0,none
2024-02-11 15:00:00,23.818912330152934,64.20125043945445,1014.3791756182703,0,none
2024-02-11 16:00:00,22.66502142223739,71.8644894351951,1018.1309505518562,0,none
2024-02-11 17:00:00,22.083858496585453,74.44210784264175,1010.041182446767,0,none
2024-02-11 18:00:00,20.48286870344507,77.33542860380913,1009.5476531456351,0,none
2024-02-11 19:00:00,22.111100473089053,76.31651848630818,1012.5680447512766,0,none
2024-02-11 20:00:00,21.76133140160322,70.86220706288448,1009.6754602258235,0,none
2024-02-11 21:00:00,21.537803653472018,71.12085256245604,1015.1196543677696,0,none
2024-02-11 22:00:00,24.14167224230992,72.12475194499106,1012.3052896035202,0,none
2024-02-11 23:00:00,25.35382700455714,60.67513335193182,1016.9062423836154,0,none
2024-02-12 00:00:00,26.762032173781325,60.20141752185785,1012.8927561514237,0,none
2024-02-12 01:00:00,29.49022098631488,53.448651517759906,1013.7375460726653,0,none
2024-02-12 02:00:00,30.096215430490663,53.16108602184614,1011.7348172883635,0,none
2024-02-12 03:00:00,28.55187708712767,52.97075763833674,1012.3555398006667,0,none
2024-02-12 04:00:00,30.087447759251518,43.838963487407916,1011.2706038495629,0,none
2024-02-12 05:00:00,30.763324071453475,48.05207950437682,1012.7641343451572,0,none
2024-02-12 06:00:00,31.67970906840223,44.37216441563021,1013.3655546009833,0,none
2024-02-12 07:00:00,31.10412354062212,47.56556328350857,1012.6855589483521,0,none
2024-02-12 08:00:00,30.543065716662554,51.24961963842175,1013.6255883478434,0,none
2024-02-12 09:00:00,31.01424071393354,50.70842884249936,1011.1380134489381,0,none
2024-02-12 10:00:00,28.6844812821683,58.378473848683065,1012.7064588710343,0,none
2024-02-12 11:00:00,29.255919405057377,52.516995404695614,1015.9406326702252,0,none
2024-02-12 12:00:00,26.160165015751183,62.37943022747494,1010.5607627502758,0,none
2024-02-12 13:00:00,25.85064675569751,66.75790241125611,1014.2257933611917,0,none
2024-02-12 14:00:00,25.155825271791535,69.43090410535639,1013.432754960155,0,none
2024-02-12 15:00:00,24.758599245541372,67.36303073609822,1014.3087033160999,0,none
2024-02-12 16:00:00,24.539052856394715,73.64447492548882,1014.7267722251541,0,none
2024-02-12 17:00:00,20.541449342684192,73.14108610538723,1011.569354801397,0,none
2024-02-12 18:00:00,21.320237136196397,73.65150323930655,1011.3426520039043,0,none
2024-02-12 19:00:00,23.557557579158605,78.99214937473116,1009.4506556170282,1,drift
2024-02-12 20:00:00,21.58877789944727,79.64419697712003,1017.7258021325246,1,drift
2024-02-12 21:00:00,23.29073983896031,72.8232712822924,1013.974095016612,1,drift
2024-02-12 22:00:00,25.38631112736379,68.60079444552932,1013.8964331594113,1,drift
2024-02-12 23:00:00,25.793695297212075,64.38890436218033,1014.3855212144455,1,drift
2024-02-13 00:00:00,27.035822527207458,56.203909978699976,1014.4863951514712,1,drift
2024-02-13 01:00:00,28.487751919996857,53.49789217129246,1016.3336737607433,1,drift
2024-02-13 02:00:00,28.66946925224638,50.20510676410716,1018.089682923851,1,drift
2024-02-13 03:00:00,29.43359722623702,48.80628757517297,1017.0703934178624,1,drift
2024-02-13 04:00:00,32.323703433449296,49.18598204026646,1018.0592905291215,1,drift
2024-02-13 05:00:00,31.830994630687922,44.17781255077125,1014.6031090479505,1,drift
2024-02-13 06:00:00,33.20787853719821,43.4235600757506,1018.4580809260926,1,drift
2024-02-13 07:00:00,31.908412632634445,43.72443589954644,1020.72565454217,1,drift
2024-02-13 08:00:00,31.672772333554025,50.187357833801755,1021.6365500571164,1,drift
2024-02-13 09:00:00,28.808454994967413,45.903575490539424,1015.4882324147852,1,drift
2024-02-13 10:00:00,30.906846157802203,48.94222241323352,1019.6473730260126,1,drift
2024-02-13 11:00:00,29.705977745996876,57.120738942017,1017.224063560319,1,drift
2024-02-13 12:00:00,27.363554774401067,63.34639650444408,1018.3536927493637,1,drift
2024-02-13 13:00:00,25.002553300708556,62.58655879850926,1018.7663716515585,1,drift
2024-02-13 14:00:00,23.69434620162202,69.43845419413081,1021.8992675141562,1,drift
2024-02-13 15:00:00,23.764370481229435,67.61609491536143,1020.0908090072274,1,drift
2024-02-13 16:00:00,22.658723820047605,65.45839090519915,1020.7413650354192,1,drift
2024-02-13 17:00:00,22.394927613052438,75.5112633348669,1025.9055687693985,1,drift
2024-02-13 18:00:00,20.752142188913982,71.97201152285075,1023.9351563423312,1,drift
2024-02-13 19:00:00,23.685734544680685,73.64489023746043,1008.879305271104,0,none
2024-02-13 20:00:00,23.04743000741814,73.16010125376083,1012.1835504529807,0,none
2024-02-13 21:00:00,23.805876323514063,65.38028805273458,1011.3677642193406,0,none
2024-02-13 22:00:00,23.6073894879858,68.54926807352646,1018.9348602379202,0,none
2024-02-13 23:00:00,24.14390651564732,65.36930357723236,1010.6641360607994,0,none
2024-02-14 00:00:00,27.111464160089493,59.046054804977885,1014.1422101911708,0,none
2024-02-14 01:00:00,28.88616648082982,54.63922721188982,1013.6252442478269,0,none
2024-02-14 02:00:00,29.591157481007222,51.78445262787982,1013.3695588226028,0,none
2024-02-14 03:00:00,30.724100701069634,47.02232528604942,1009.0416747145323,0,none
2024-02-14 04:00:00,30.680008519231542,52.2167804037613,1016.2203357359057,0,none
2024-02-14 05:00:00,31.60867096084258,44.703608963155126,1012.0776395628058,0,none
2024-02-14 06:00:00,32.471520648925406,47.81512840551309,1012.2486936608003,0,none
2024-02-14 07:00:00,32.29896926422794,41.98744282141948,1012.8130057030035,0,none
2024-02-14 08:00:00,31.407828158529092,48.93768854143276,1015.9391780357386,0,none
2024-02-14 09:00:00,31.247564140363462,47.2057009466726,1010.6821989731193,0,none
2024-02-14 10:00:00,30.104936694408778,49.28588858476779,1014.5855836164043,0,none
2024-02-14 11:00:00,27.121662745943578,56.926545168224244,1012.420790534,0,none
2024-02-14 12:00:00,26.789964954507266,63.06788719310424,1015.4472888237173,0,none
2024-02-14 13:00:00,23.597727707689533,61.939924070834046,1019.8928288297543,0,none
2024-02-14 14:00:00,23.592222845022842,70.21014181836613,1016.1883057750088,0,none
2024-02-14 15:00:00,21.86927909620987,73.82401283721292,1011.4155778014541,0,none
2024-02-14 16:00:00,22.327638244385817,74.70231702285795,1010.5102607211899,0,none
2024-02-14 17:00:00,23.691082430021325,72.45397986583754,1011.9618270510987,0,none
2024-02-14 18:00:00,20.48637942649861,75.14141481278178,1012.068694460047,0,none
2024-02-14 19:00:00,20.026501254886366,71.37247819922328,1015.5077208080066,0,none
2024-02-14 20:00:00,22.42291183644048,77.45910818785636,1014.2317344487508,0,none
2024-02-14 21:00:00,22.29718861111816,66.64225084469534,1013.025686836264,0,none
2024-02-14 22:00:00,24.55279163781313,74.99410841765301,1012.9795560640391,0,none
2024-02-14 23:00:00,24.973376535385547,58.04358671075107,1013.5614449722622,0,none
2024-02-15 00:00:00,27.33111644035149,56.9878978813728,1012.2682893166983,0,none
2024-02-15 01:00:00,28.476742618949867,54.881064275546265,1013.8388168464529,0,none
2024-02-15 02:00:00,29.342810839320215,51.342377372411306,1006.8037324434298,0,none
2024-02-15 03:00:00,28.783232899256447,50.38330916258441,1011.9951078121636,0,none
2024-02-15 04:00:00,33.11013555736931,48.46475018719516,1014.5253254004575,0,none
2024-02-15 05:00:00,30.097317403409853,40.839013343028654,1014.8825699938967,0,none
2024-02-15 06:00:00,34.024745434524206,46.742067649756656,1012.1141881017593,0,none
2024-02-15 07:00:00,32.109792661850776,47.93659225637735,1012.0334826893816,0,none
2024-02-15 08:00:00,31.3435704730641,47.43119858578981,1010.504060101299,0,none
2024-02-15 09:00:00,30.668900880712616,50.62798856928641,1012.8670719264239,0,none
2024-02-15 10:00:00,31.28592418395361,53.10185168106794,1014.10759748292,0,none
2024-02-15 11:00:00,30.90984313894749,60.16959996106196,1011.6255251240486,0,none
2024-02-15 12:00:00,27.934079405965644,61.2110586478798,1014.5076801052534,0,none
2024-02-15 13:00:00,24.897121595691186,64.59520055945916,1014.455751183094,0,none
2024-02-15 14:00:00,24.28900526737427,61.8586161772694,1012.7670818864351,0,none
2024-02-15 15:00:00,22.805654208566988,62.76529945767146,1015.1869342957317,0,none
2024-02-15 16:00:00,22.43221358572866,69.24763187118027,1012.1669044731544,0,none
2024-02-15 17:00:00,23.525084381639314,78.21539538882752,1011.0056059915859,0,none
2024-02-15 18:00:00,22.458575625781204,74.5919071787256,1012.3163356271386,0,none
2024-02-15 19:00:00,22.62406788124794,71.59639754880399,1011.9030833966319,0,none
2024-02-15 20:00:00,20.782600109702248,69.69921003012466,1016.4432758146593,0,none
2024-02-15 21:00:00,22.519990523962985,70.98979340026179,1011.6990498690004,0,none
2024-02-15 22:00:00,23.592598233834586,68.84703587254533,1010.6142978868706,0,none
2024-02-15 23:00:00,25.687389819838483,63.50262649004362,1009.5534995178899,0,none
2024-02-16 00:00:00,26.410437127258845,58.992056853581225,1012.2285246891497,0,none
2024-02-16 01:00:00,28.02091546155058,54.3778308878352,1012.3356104762648,0,none
2024-02-16 02:00:00,31.271238216345857,53.54057144599638,1015.7465391791723,0,none
2024-02-16 03:00:00,30.896220016818766,54.866081632064905,1012.8196129744416,0,none
2024-02-16 04:00:00,29.66805933728845,50.711095725670546,1014.1772244887534,0,none
2024-02-16 05:00:00,31.565910787938165,42.12326000463695,1012.2591536192332,0,none
2024-02-16 06:00:00,31.704222739168145,39.264854930737016,1013.7313551598143,0,none
2024-02-16 07:00:00,29.057708938156605,47.13502120994695,1013.2729669215199,0,none
2024-02-16 08:00:00,30.988292739818554,49.66375665524966,1010.180124991979,0,none
2024-02-16 09:00:00,29.790278337150102,47.24319347459634,1008.9683076178718,0,none
2024-02-16 10:00:00,29.932693855870035,52.85013336421875,1013.0960522637309,0,none
2024-02-16 11:00:00,27.621312067531807,59.936341763583236,1010.0417642381307,0,none
2024-02-16 12:00:00,26.851072968897704,62.29167155910404,1014.1943428292167,0,none
2024-02-16 13:00:00,24.372878018546043,63.90991306169771,1012.6743962611357,0,none
2024-02-16 14:00:00,24.315729589875918,65.4363176230615,1010.3260230055749,0,none
2024-02-16 15:00:00,22.902371172067312,71.92268805159452,1012.1995772243666,0,none
2024-02-16 16:00:00,21.31775670992599,69.30083950366688,1013.881486667461,0,none
2024-02-16 17:00:00,22.678169890611464,73.25077667964717,1010.004208080355,0,none
2024-02-16 18:00:00,22.6568965276637,83.3788855228676,1010.9406665570718,0,none
2024-02-16 19:00:00,24.25550141722897,75.34305180354794,1012.7618370133903,0,none
2024-02-16 20:00:00,22.63944256679982,72.77672318667669,1011.3469340207754,0,none
2024-02-16 21:00:00,24.590806396866647,72.34254281765246,1011.8927389998339,0,none
2024-02-16 22:00:00,24.992750605104963,71.38445986796428,1012.4773214428617,0,none
2024-02-16 23:00:00,27.14117135912049,65.88134206833165,1014.9971870461796,0,none
2024-02-17 00:00:00,25.412952207074117,61.265977821652605,1008.3358635069105,0,none
2024-02-17 01:00:00,30.64747389244252,55.13043091648562,1013.4114337105045,0,none
2024-02-17 02:00:00,28.892960785284515,56.489104638658695,1011.1113043001155,0,none
2024-02-17 03:00:00,28.557674209503332,49.433061715684964,1011.5057885792365,0,none
2024-02-17 04:00:00,31.484615725198182,48.274669565626745,1011.6922717466261,0,none
2024-02-17 05:00:00,32.59382557141246,46.76022737589115,1010.4058023203853,0,none
2024-02-17 06:00:00,32.2265863417893,41.433325182532556,1013.9126564662572,0,none
2024-02-17 07:00:00,31.275430362800826,44.66889303385691,1012.0706641797951,0,none
2024-02-17 08:00:00,30.902265795277078,43.445583739006,1012.8737242693142,0,none
2024-02-17 09:00:00,30.552943747010605,54.52702379130316,1011.4889589061755,0,none
2024-02-17 10:00:00,30.439086876306124,47.46022971082632,1011.5781767644995,0,none
2024-02-17 11:00:00,27.25163211874239,56.161850228505145,1016.8698413568662,0,none
2024-02-17 12:00:00,27.623475972670356,64.91968947921956,1011.3666457987539,0,none
2024-02-17 13:00:00,26.678174671811043,65.40035980502707,1008.1665782885236,0,none
2024-02-17 14:00:00,8.762344512041324,64.21738059611494,1014.1034371128964,1,spike
2024-02-17 15:00:00,22.847100203850733,72.14105656532291,1011.8748363175429,0,none
2024-02-17 16:00:00,22.452486237775634,71.81051688500574,1012.2654584716896,0,none
2024-02-17 17:00:00,22.514140206236476,73.15183122712922,1015.8707137912817,0,none
2024-02-17 18:00:00,22.483152460424368,77.80167945787416,1013.576044875108,0,none
2024-02-17 19:00:00,21.878144254335517,73.70163932715356,1017.4365645473208,0,none
2024-02-17 20:00:00,23.33176425780574,73.15233412229287,1015.1998363126013,0,none
2024-02-17 21:00:00,23.993904136779104,69.61085896192517,1016.8934638959637,0,none
2024-02-17 22:00:00,25.54662751440822,68.69978906168944,1012.1371577282077,0,none
2024-02-17 23:00:00,24.994012426165213,57.88591700643906,1011.4501675407942,0,none
2024-02-18 00:00:00,27.74295397771402,56.14072745104555,1010.7070216859242,0,none
2024-02-18 01:00:00,28.478179073131283,49.19517340514357,1013.4724579598644,0,none
2024-02-18 02:00:00,29.78060726977285,54.17703515125379,1014.6849765215269,0,none
2024-02-18 03:00:00,29.828108919249868,49.378024040628695,1014.4312787230425,0,none
2024-02-18 04:00:00,30.65008972530146,43.98834870243194,1011.8424144904756,0,none
2024-02-18 05:00:00,33.462935296220444,42.990942220765874,1012.7050668770845,0,none
2024-02-18 06:00:00,32.780461719175385,43.552001415614306,1014.3572748588824,0,none
2024-02-18 07:00:00,31.365084867107214,39.755696900439325,1014.5149797699163,0,none
2024-02-18 08:00:00,29.028229200342633,46.786378436916635,1016.4713147635972,0,none
2024-02-18 09:00:00,30.686457343974336,54.92507304543162,1015.516290797193,0,none
2024-02-18 10:00:00,31.34158786399282,50.50168697093191,1014.6188320826745,0,none
2024-02-18 11:00:00,29.656024008282067,53.031548521631194,1009.6366480264782,0,none
2024-02-18 12:00:00,27.838510278595507,62.388080406478245,1011.3706722023632,0,none
2024-02-18 13:00:00,24.388327315441828,61.127343488654354,1012.9467048564259,0,none
2024-02-18 14:00:00,23.597827464717824,70.70757992509897,1012.1553428434385,0,none
2024-02-18 15:00:00,22.793889711352705,64.9512403347948,1013.5322936359233,0,none
2024-02-18 16:00:00,23.015106681755725,73.0816443063663,1017.0097937622803,0,none
2024-02-18 17:00:00,20.97775549003593,72.17056363654899,1012.6892058511168,0,none
2024-02-18 18:00:00,21.888728916785208,72.75126325088954,1012.6429549510975,0,none
2024-02-18 19:00:00,22.3698931977551,72.09986744250287,1012.0374935637132,0,none
2024-02-18 20:00:00,25.337578398086215,74.89323045102387,1018.1734194064067,0,none
2024-02-18 21:00:00,22.863847839876968,68.13684468346226,1015.5238720324575,0,none
2024-02-18 22:00:00,25.920936829764255,68.6634588178067,1011.0560505951873,0,none
2024-02-18 23:00:00,25.692831064401908,68.14460167666473,1012.3668000045875,0,none
2024-02-19 00:00:00,27.847026842416142,58.08490225991785,1013.6646172819828,0,none
2024-02-19 01:00:00,27.493254690699178,55.161217749331776,1013.23274530485,0,none
2024-02-19 02:00:00,30.949390277304154,50.86981236106486,1013.1425208526621,0,none
2024-02-19 03:00:00,29.705092484021538,48.64554279521628,1011.6990851408915,0,none
2024-02-19 04:00:00,32.044434500539616,41.47703904958802,1014.2981895513625,0,none
2024-02-19 05:00:00,34.23215540364807,48.15840942834274,1015.1556638278637,0,none
2024-02-19 06:00:00,32.85413802599319,42.64262358434437,1010.6403224671384,0,none
2024-02-19 07:00:00,34.98083087550414,45.35360775611033,1011.5452371281366,0,none
2024-02-19 08:00:00,31.731235241331657,45.55364642657365,1008.8767189773787,0,none
2024-02-19 09:00:00,31.326947505020055,49.62981419772262,1011.2120197072314,0,none
2024-02-19 10:00:00,30.283928836432363,52.19851981676168,1015.1917936324955,0,none
2024-02-19 11:00:00,28.2083318437681,55.056563326587806,1013.1174664031695,0,none
2024-02-19 12:00:00,26.909834587761132,56.46091144964037,1011.2360488948485,0,none
2024-02-19 13:00:00,26.709842525410878,65.07762725582229,1014.5428841639924,0,none
2024-02-19 14:00:00,26.46093444582713,63.095791032810695,1011.8127190208735,0,none
2024-02-19 15:00:00,23.46734729312588,72.10323353773866,1011.9489337770258,0,none
2024-02-19 16:00:00,22.258617748024804,75.00064444565893,1012.7627812931897,0,none
2024-02-19 17:00:00,21.745911372708726,68.35227307527718,1012.6794757344494,0,none
2024-02-19 18:00:00,24.093468305429912,71.66022114545459,1012.1800803241862,0,none
2024-02-19 19:00:00,21.962603274322177,74.49982763246142,1017.2765808437612,0,none
2024-02-19 20:00:00,23.200785110947727,71.93327716962091,1012.1533767946778,0,none
2024-02-19 21:00:00,23.16770318257727,73.60609255904306,1012.630083406194,1,freeze
2024-02-19 22:00:00,25.671673779446046,73.60609255904306,1013.0003556942422,1,freeze
2024-02-19 23:00:00,26.940006645828383,73.60609255904306,1015.521721695881,1,freeze
2024-02-20 00:00:00,28.706013605861266,73.60609255904306,1018.2145955669578,1,freeze
2024-02-20 01:00:00,29.071486776370875,73.60609255904306,1015.4918644467432,1,freeze
2024-02-20 02:00:00,29.92878660791238,73.60609255904306,1011.9506273179028,1,freeze
2024-02-20 03:00:00,31.19240637188041,47.90825923758142,1014.882078699856,0,none
2024-02-20 04:00:00,31.86430205753008,47.606173315951665,1011.398482741531,0,none
2024-02-20 05:00:00,32.14796195029294,43.99057744560859,1008.4806347694579,0,none
2024-02-20 06:00:00,32.39850582246858,41.27872635931384,1013.3759670771093,0,none
2024-02-20 07:00:00,32.55422826496926,47.31007898607778,1013.2923734159718,0,none
2024-02-20 08:00:00,31.480914069866223,51.89720028695409,1013.9309612002526,0,none
2024-02-20 09:00:00,30.443579042040735,47.71026750768442,1010.5464956594742,0,none
2024-02-20 10:00:00,29.127324152086466,49.64116844646023,1013.337183382554,0,none
2024-02-20 11:00:00,28.4452213391234,54.45538636117191,1012.4954530057055,0,none
2024-02-20 12:00:00,27.15751182772764,59.76825412998586,1014.4533796235123,0,none
2024-02-20 13:00:00,28.45232178102218,57.67936527309607,1011.5028739252429,0,none
2024-02-20 14:00:00,25.777683366259815,69.51508274823271,1013.3207616580802,0,none
2024-02-20 15:00:00,23.796151510470196,66.27382612997243,1014.2802886389603,0,none
2024-02-20 16:00:00,22.359636294849608,75.15303330124479,1012.2417095933833,0,none
2024-02-20 17:00:00,23.42992442920693,70.23320310217399,1012.6863275401602,0,none
2024-02-20 18:00:00,22.610693134801338,72.06310609628115,1015.7540312574242,0,none
2024-02-20 19:00:00,22.653056633646205,71.22186211458062,1014.604550334692,0,none
2024-02-20 20:00:00,23.082291576246018,75.58027268472429,1013.437089403405,0,none
2024-02-20 21:00:00,23.802381018367885,71.79281909841549,1013.9435641250421,0,none
2024-02-20 22:00:00,25.111618158401633,64.67014991821397,1012.9618880223184,0,none
2024-02-20 23:00:00,25.853053966959212,69.80397703136418,1013.1024475993112,0,none
2024-02-21 00:00:00,27.96579765198291,59.49664951911851,1012.7860013454375,0,none
2024-02-21 01:00:00,28.440527888007683,58.49982945926342,1014.6431061613312,0,none
2024-02-21 02:00:00,28.180839599958198,56.124446562370935,1012.2797530497523,0,none
2024-02-21 03:00:00,32.47652199224366,47.808317880097675,1015.1011191441336,0,none
2024-02-21 04:00:00,32.14057962473649,45.19528538355208,1014.2820865275278,0,none
2024-02-21 05:00:00,33.48334485186904,47.1946377829266,1012.4155147886534,0,none
2024-02-21 06:00:00,33.16551153387385,50.55165255042074,1009.9717237037039,0,none
2024-02-21 07:00:00,32.47460056672274,39.74603724310664,1010.9262638524285,0,none
2024-02-21 08:00:00,33.212864896831434,51.16602019786469,1012.5361001310148,0,none
2024-02-21 09:00:00,30.525523113121753,47.16777595027395,1019.7550022411724,1,freeze
2024-02-21 10:00:00,30.18232581989787,47.16777595027395,1012.5379268951144,1,freeze
2024-02-21 11:00:00,29.35477459728199,47.16777595027395,1016.149431033315,1,freeze
2024-02-21 12:00:00,28.389224941828722,47.16777595027395,1014.8373159379918,1,freeze
2024-02-21 13:00:00,26.604297695959218,47.16777595027395,1015.4837231774537,1,freeze
2024-02-21 14:00:00,26.019120526024558,47.16777595027395,1016.0593035603085,1,freeze
2024-02-21 15:00:00,23.16192763736203,71.7594342264608,1008.5152624397767,0,none
2024-02-21 16:00:00,24.511337492060346,71.61642086209461,1011.1338154456031,0,none
2024-02-21 17:00:00,23.705754290359348,73.6579326778727,1013.1373102412638,0,none
2024-02-21 18:00:00,22.8539456557929,75.4001845769792,1013.7434282476327,0,none
2024-02-21 19:00:00,25.464813593998713,74.78380055235455,1016.5070051337352,0,none
2024-02-21 20:00:00,22.91534481897917,72.27049470103663,1012.5378041235763,0,none
2024-02-21 21:00:00,25.457871205827228,69.36299964463603,1013.9951614427785,0,none
2024-02-21 22:00:00,25.78182901742538,75.54623529169609,1010.3208728277705,0,none
2024-02-21 23:00:00,26.90408631855712,65.20687132211926,1007.6149105641217,0,none
2024-02-22 00:00:00,29.00018480129307,57.78768811140969,1015.4478009984826,0,none
2024-02-22 01:00:00,29.393211287439584,53.95027002234196,1012.9703593462359,0,none
2024-02-22 02:00:00,30.495840527564347,56.53031153936213,1012.0413999537304,0,none
2024-02-22 03:00:00,31.795793781398217,48.108641129824115,1014.4153234383779,0,none
2024-02-22 04:00:00,31.672047689147316,50.473715757044936,1013.7382195088267,0,none
2024-02-22 05:00:00,33.0145638452418,48.71152592943865,1015.3126129767553,0,none
2024-02-22 06:00:00,33.36258265761159,50.09264743209134,1010.600064807412,0,none
2024-02-22 07:00:00,33.86586683729773,47.49576999941989,1010.0024584112865,0,none
2024-02-22 08:00:00,33.39795132429789,49.833673723879066,1014.6022876319212,0,none
2024-02-22 09:00:00,30.91760459247697,47.00738504095344,1012.7062504445566,0,none
2024-02-22 10:00:00,29.59454598444017,51.75255990690061,1011.868896589844,0,none
2024-02-22 11:00:00,27.4320986353081,60.057840021841656,1016.8473315585251,0,none
2024-02-22 12:00:00,28.07390005698425,62.0971395434031,1012.399607541555,0,none
2024-02-22 13:00:00,25.63596133954852,62.95275920798208,1011.9421911569592,0,none
2024-02-22 14:00:00,26.49404875301869,67.36519926689908,1015.0080713541514,0,none
2024-02-22 15:00:00,22.415532912152702,75.80952090409271,1014.7468088549011,1,freeze
2024-02-22 16:00:00,23.62369442271772,75.80952090409271,1009.0771598700718,1,freeze
2024-02-22 17:00:00,23.435606840902945,75.80952090409271,1014.1934383235986,1,freeze
2024-02-22 18:00:00,22.875621617616154,75.80952090409271,1013.0169665579283,1,freeze
2024-02-22 19:00:00,22.594388267433406,75.80952090409271,1014.6083586722184,1,freeze
2024-02-22 20:00:00,23.648095126727164,75.80952090409271,1012.4847942123585,1,freeze
2024-02-22 21:00:00,22.87306369266104,77.31804786264621,1016.0343075144227,0,none
2024-02-22 22:00:00,25.17610199144618,70.83866494532354,1013.9626595659819,0,none
2024-02-22 23:00:00,23.98463345925517,61.76408503560544,1017.0960021786275,0,none
2024-02-23 00:00:00,30.31804557338244,54.17986191081209,1012.8584512922664,0,none
2024-02-23 01:00:00,29.21207563829827,54.10436854786105,1009.3955790884339,0,none
2024-02-23 02:00:00,30.639083285907766,56.86242223248106,1010.1588616264444,0,none
2024-02-23 03:00:00,31.990561146194203,56.825185578046096,1016.1288228741457,0,none
2024-02-23 04:00:00,32.30565385679123,46.532286109222774,1011.8598568486058,0,none
2024-02-23 05:00:00,33.96323380466462,45.24264034358811,1013.8619942330238,0,none
2024-02-23 06:00:00,31.8778787002868,47.320281252457875,1015.1039664544933,0,none
2024-02-23 07:00:00,32.116201522295725,49.41230663397404,1010.7307825030649,0,none
2024-02-23 08:00:00,32.865596940855326,55.62496333261167,1013.4605993234634,0,none
2024-02-23 09:00:00,30.03375670398539,38.24510756036755,1011.2099757158717,0,none
2024-02-23 10:00:00,28.96381233607784,49.2089652954606,1014.3792414335838,0,none
2024-02-23 11:00:00,29.877030726540237,61.18180552669039,1010.2153491358932,0,none
2024-02-23 12:00:00,27.741153925494785,59.11039975977227,1012.5147608973665,0,none
2024-02-23 13:00:00,26.159607990301556,65.31569881177356,1014.4077400024156,0,none
2024-02-23 14:00:00,25.4699825398957,64.54596161695106,1010.5394106081129,0,none
2024-02-23 15:00:00,23.000286849868655,72.17922986881283,1015.8280474403294,1,freeze
2024-02-23 16:00:00,22.277995629194947,72.17922986881283,1013.9032429000451,1,freeze
2024-02-23 17:00:00,22.69152775932492,72.17922986881283,1010.4163007818534,1,freeze
2024-02-23 18:00:00,22.405463859370073,72.17922986881283,1014.0360175888685,1,freeze
2024-02-23 19:00:00,23.25065712700545,72.17922986881283,1012.0484885051268,1,freeze
2024-02-23 20:00:00,23.41653035154056,72.17922986881283,1015.0444197485226,1,freeze
2024-02-23 21:00:00,24.68784822264131,69.83293701713346,1012.6748279070754,0,none
2024-02-23 22:00:00,24.22174939166873,68.22971327864474,1012.46420853492,0,none
2024-02-23 23:00:00,26.934559164649237,60.56243440041433,1011.8174879778732,0,none
2024-02-24 00:00:00,27.95341821169063,60.52800494914378,1014.2976264129564,0,none
2024-02-24 01:00:00,30.770355008636812,63.48231549018374,1014.3397007492141,0,none
2024-02-24 02:00:00,31.142708026082317,52.434524122731375,1013.147910906324,0,none
2024-02-24 03:00:00,31.702598016569272,50.06405017539361,1014.7149421282846,0,none
2024-02-24 04:00:00,31.937790246054792,49.90829386384681,1015.1585622906659,0,none
2024-02-24 05:00:00,32.5557513237726,42.02810681359056,1016.368273031578,0,none
2024-02-24 06:00:00,35.457010191886674,40.31806548027811,1013.9761323119685,0,none
2024-02-24 07:00:00,32.444613759725826,45.46559885009305,1010.8563602288037,0,none
2024-02-24 08:00:00,32.18638675717302,46.24937531465614,1011.7595045168923,0,none
2024-02-24 09:00:00,31.82033334361104,51.906285804121275,1011.2573787168388,0,none
2024-02-24 10:00:00,31.666205163931814,51.72838372208398,1013.1895529726115,0,none
2024-02-24 11:00:00,30.711593145748928,54.45522994949872,1011.7034284201526,0,none
2024-02-24 12:00:00,27.699997640010952,61.5261679735277,1015.2567757384377,0,none
2024-02-24 13:00:00,26.260040611196494,65.31066488714164,1013.9118496749452,0,none
2024-02-24 14:00:00,25.300299212883598,68.26728500939194,1010.464416397397,0,none
2024-02-24 15:00:00,24.329685360691276,74.32205633407119,1009.0570026255369,0,none
2024-02-24 16:00:00,22.184425014866605,71.33422859278045,1012.6762550969311,0,none
2024-02-24 17:00:00,22.9909644395602,77.87797841961988,1013.3830059834457,0,none
2024-02-24 18:00:00,23.253870239568275,75.13341972318378,1012.4724894809513,0,none
2024-02-24 19:00:00,22.564817352397757,69.98186812015207,1014.852581755181,0,none
2024-02-24 20:00:00,24.10417527531092,71.6063595611356,1010.975583600862,0,none
2024-02-24 21:00:00,24.538921151204576,66.80068060923077,1015.0353643803898,0,none
2024-02-24 22:00:00,25.492886381666384,60.48983236994109,1012.0466778227595,0,none
2024-02-24 23:00:00,27.64813829697252,59.77872562087158,1013.7927940666278,0,none
2024-02-25 00:00:00,28.37583964756555,58.08578174328651,1011.2809621468019,0,none
2024-02-25 01:00:00,29.969001411331828,59.9109182880068,1010.7971934459865,0,none
2024-02-25 02:00:00,29.708253307723165,54.33128219673787,1011.2566404495582,0,none
2024-02-25 03:00:00,30.99998388446514,50.09907231301281,1012.8295366502609,0,none
2024-02-25 04:00:00,32.82442029503163,43.914224603255406,1011.3236493196166,0,none
2024-02-25 05:00:00,33.06588157283081,48.402066518981584,1015.6436985896444,0,none
2024-02-25 06:00:00,32.89638139974112,42.22778987593188,1015.9743066323165,0,none
2024-02-25 07:00:00,35.212137839160334,40.97695368532801,1014.6183868410288,0,none
2024-02-25 08:00:00,33.555267975560966,47.608772881659064,1015.9530564367185,0,none
2024-02-25 09:00:00,30.11657793316881,55.11332705971114,1013.5889376016585,0,none
2024-02-25 10:00:00,30.608680732360487,56.92083500409212,1009.8363731633133,0,none
2024-02-25 11:00:00,29.245304202587942,54.69968817224924,1015.6552768857913,0,none
2024-02-25 12:00:00,28.59364159171138,59.45291956925763,1011.8782737729122,0,none
2024-02-25 13:00:00,25.931399116860497,64.1224836689996,1015.1045547749136,0,none
2024-02-25 14:00:00,25.281459884496243,60.56239048183956,1010.7302909099233,0,none
2024-02-25 15:00:00,24.912441526798528,65.82417020673702,1013.1685924257306,0,none
2024-02-25 16:00:00,21.17436857611472,71.91057726384072,1013.1126355025103,0,none
2024-02-25 17:00:00,24.281527470989214,73.50588720700894,1013.3863192444084,0,none
2024-02-25 18:00:00,23.047173751012544,78.65004746164333,1014.4861277492886,0,none
2024-02-25 19:00:00,25.311871975791636,75.90383252501981,1013.9517628618112,0,none
2024-02-25 20:00:00,24.87114050637058,73.41293453258974,1013.8524405036943,0,none
2024-02-25 21:00:00,25.190952545540487,73.04992615627039,1013.3561303918672,0,none
2024-02-25 22:00:00,26.12011208063336,65.66098157317458,1011.8605408607268,0,none
2024-02-25 23:00:00,27.94677291301879,64.67944244601492,1014.1431203596755,0,none
2024-02-26 00:00:00,28.52713588669825,53.070747713324394,1011.6813005916113,0,none
2024-02-26 01:00:00,29.475534774607265,53.66650562486712,1013.5675074170334,0,none
2024-02-26 02:00:00,30.255487665345406,57.6809013534093,1014.8584722462795,0,none
2024-02-26 03:00:00,31.786049664560913,50.175598068162564,1011.5434369673324,0,none
2024-02-26 04:00:00,32.199902271276635,47.02054860033425,1011.7518576198934,0,none
2024-02-26 05:00:00,31.400079732154065,41.52325147770418,1011.093154843789,0,none
2024-02-26 06:00:00,33.94746435005075,46.84550552848096,1014.8190657793612,0,none
2024-02-26 07:00:00,31.69194688817361,42.71816082964538,1012.6892274250893,0,none
2024-02-26 08:00:00,33.5033656579254,44.413141321070796,1012.861922380602,0,none
2024-02-26 09:00:00,31.763296568346536,45.67552017468551,1014.4318754192685,0,none
2024-02-26 10:00:00,31.238303814987134,54.281642444406764,1014.8247278992386,0,none
2024-02-26 11:00:00,30.433779016380043,46.61054080998428,1015.3982471488775,0,none
2024-02-26 12:00:00,28.968852284319592,57.50739632546207,1011.9314712625873,0,none
2024-02-26 13:00:00,27.62278140171782,64.95540139295665,1012.7663571026839,0,none
2024-02-26 14:00:00,26.350747100258378,69.95361145826244,1012.7258396755894,0,none
2024-02-26 15:00:00,25.137784418369417,70.17075845743638,1008.1293119586944,0,none
2024-02-26 16:00:00,22.518163812723575,72.86699428136143,1013.3908256605816,0,none
2024-02-26 17:00:00,23.87955032866783,79.60184166417706,1015.2170229217409,0,none
2024-02-26 18:00:00,22.358934871285914,72.93362425265512,1016.5452253178605,0,none
2024-02-26 19:00:00,23.21179549093228,80.04871636739517,1011.8064222045499,0,none
2024-02-26 20:00:00,21.758904760165002,74.30646291976736,1015.1638958108617,0,none
2024-02-26 21:00:00,23.4483067923139,69.66800843635956,1012.6245844969021,0,none
2024-02-26 22:00:00,25.368170679237334,69.80615603413924,1016.1858893187018,0,none
2024-02-26 23:00:00,28.159240211277798,59.82625305283209,1012.8562513476231,0,none
2024-02-27 00:00:00,27.682096960679587,59.22018099170082,1011.258471037399,0,none
2024-02-27 01:00:00,29.772228095987778,55.27585490594643,1011.74236359036,0,none
2024-02-27 02:00:00,30.357935646550818,55.4820359330091,1017.615160475315,0,none
2024-02-27 03:00:00,33.61946833083249,49.096306037090464,1014.6021778802804,0,none
2024-02-27 04:00:00,32.41404459639422,47.3271131648876,1015.3423022707851,0,none
2024-02-27 05:00:00,33.39798222136979,46.84501639830719,1016.3085813141751,1,drift
2024-02-27 06:00:00,34.16166299927107,46.9979348769273,1015.6231036084902,1,drift
2024-02-27 07:00:00,34.13887165564488,47.674316428215434,1014.0071120649519,1,drift
2024-02-27 08:00:00,30.14205607247478,49.19696838965545,1014.4821686240418,1,drift
2024-02-27 09:00:00,30.312361157441035,46.08437189436003,1010.9628720762366,1,drift
2024-02-27 10:00:00,30.86491548260308,50.605946769558564,1013.9256134345126,1,drift
2024-02-27 11:00:00,31.154959218628353,59.144624996753905,1016.8944772722768,1,drift
2024-02-27 12:00:00,28.58634082279675,61.45494389671285,1017.3439156938985,1,drift
2024-02-27 13:00:00,27.22997905710343,67.02492490470935,1016.4521504733342,1,drift
2024-02-27 14:00:00,25.480454109809855,63.67663601695173,1018.730191589002,1,drift
2024-02-27 15:00:00,24.49179575317677,68.40619960008878,1015.8939327695867,1,drift
2024-02-27 16:00:00,25.9416710945276,70.28832678330954,1017.6849084317595,1,drift
2024-02-27 17:00:00,22.304325535025797,70.7044464258107,1014.3508023125125,1,drift
2024-02-27 18:00:00,23.06459074552848,78.74458155264054,1014.8041044358332,1,drift
2024-02-27 19:00:00,24.87441691246365,78.65204338250369,1017.4688593417545,1,drift
2024-02-27 20:00:00,23.31613792229055,75.46829517803535,1016.9058834730998,1,drift
2024-02-27 21:00:00,25.290520815877073,68.85270396106878,1019.06016401668,1,drift
2024-02-27 22:00:00,26.18898304946499,68.60846953468514,1025.2505197157068,1,drift
2024-02-27 23:00:00,25.781887675492403,62.43934912479764,1022.2596750432295,1,drift
2024-02-28 00:00:00,28.859992985455055,57.183726326797526,1021.9112364309989,1,drift
2024-02-28 01:00:00,29.176274806361672,59.33177676992488,1020.6593428377183,1,drift
2024-02-28 02:00:00,30.769775524754408,49.60730266821194,1021.3391892867254,1,drift
2024-02-28 03:00:00,30.07407871971352,45.64238701548907,1027.1807090421955,1,drift
2024-02-28 04:00:00,33.129255884476805,43.55611926930453,1019.990061501602,1,drift
2024-02-28 05:00:00,33.36312843525293,41.33812170350982,1013.7515690594026,0,none
2024-02-28 06:00:00,32.58828429329452,49.340412390354174,1008.4939561028391,0,none
2024-02-28 07:00:00,34.35587660507091,46.47995828216194,1012.3342908654453,0,none
2024-02-28 08:00:00,31.555059250295603,50.067978901077836,1014.8812991602274,1,drift
2024-02-28 09:00:00,32.01072868267832,50.83568636546708,1014.0509273757949,1,drift
2024-02-28 10:00:00,30.72323832659964,54.128023436708304,1013.755084859743,1,drift
2024-02-28 11:00:00,29.73003316998219,57.476692209760806,1015.5057180941764,1,drift
2024-02-28 12:00:00,28.14719445122235,59.48214258688396,1013.3210322695712,1,drift
2024-02-28 13:00:00,27.373586439712014,65.9105598894704,1015.4398030121121,1,drift
2024-02-28 14:00:00,25.57559582851945,65.69155353856976,1014.7552195294442,1,drift
2024-02-28 15:00:00,25.11698636116009,73.94963860373795,1017.3289625575451,1,drift
2024-02-28 16:00:00,23.80126467601187,72.49024279420212,1019.8491620680265,1,drift
2024-02-28 17:00:00,24.055951581113266,70.53314977013521,1018.1323217623743,1,drift
2024-02-28 18:00:00,23.578641533552226,71.71519400032972,1020.2660967169633,1,drift
2024-02-28 19:00:00,23.67315881246872,73.96977704656462,1019.7393731376382,1,drift
2024-02-28 20:00:00,23.815211521079835,73.15954923613246,1014.8156893784403,1,drift
2024-02-28 21:00:00,27.11388097709688,70.42888428669146,1018.4249091797062,1,drift
2024-02-28 22:00:00,27.143269900646985,65.21508676055304,1016.4461094039583,1,drift
2024-02-28 23:00:00,28.503754458435072,63.34545823120001,1024.9286639783797,1,drift
2024-02-29 00:00:00,27.39211495202281,60.001462433750014,1018.4798369857314,1,drift
2024-02-29 01:00:00,46.99350903549851,54.45002706590116,1016.7684302830638,1,drift
2024-02-29 02:00:00,30.8240835760002,55.68670649452996,1023.02315512185,1,drift
2024-02-29 03:00:00,31.802013477843534,49.324289430494495,1023.6540728401845,1,drift
2024-02-29 04:00:00,30.73040642727416,42.24824605910696,1016.895655490507,1,drift
2024-02-29 05:00:00,33.140988892155605,41.59773697299274,1022.287451494783,1,drift
2024-02-29 06:00:00,33.87096292468699,49.95387471791158,1022.2871122235753,1,drift
2024-02-29 07:00:00,31.208772393596075,45.76779946437659,1020.3369312390746,1,drift
2024-02-29 08:00:00,32.978014745490235,46.11996683802869,1011.5758946233904,0,none
2024-02-29 09:00:00,31.4179111742545,51.914636604611914,1011.8658392316149,0,none
2024-02-29 10:00:00,,50.75520839891687,1013.3479435098559,1,null
2024-02-29 11:00:00,29.214999354904684,58.807724606174546,1011.6658530391006,0,none
2024-02-29 12:00:00,30.429412032036844,57.71844440339351,1014.456148629707,0,none
2024-02-29 13:00:00,29.13608304330129,65.42441489800001,1012.4287706742252,0,none
2024-02-29 14:00:00,26.65263137837067,70.3887289052014,1013.942611511261,0,none
2024-02-29 15:00:00,24.498994333573656,68.46225073347513,1010.9574112577878,0,none
2024-02-29 16:00:00,23.213928197645394,73.82296991041089,1015.208133990831,1,drift
2024-02-29 17:00:00,22.508318393458556,69.52717590780199,1018.2081365604824,1,drift
2024-02-29 18:00:00,24.547834892924442,72.69251342471269,1012.1346101704788,1,drift
2024-02-29 19:00:00,22.297156702328103,72.02030822885247,1014.9977455059288,1,drift
2024-02-29 20:00:00,22.964085437853615,77.13804299394879,1014.0729634998879,1,drift
2024-02-29 21:00:00,26.650920786406157,71.87841361224505,1019.9649945763024,1,drift
2024-02-29 22:00:00,25.06031086595995,67.22693954039092,1015.1878929746777,1,drift
2024-02-29 23:00:00,28.873911652421192,62.72513729878392,1016.7116956163619,1,drift
2024-03-01 00:00:00,29.54909293105573,54.663733051461705,1015.0077861158678,1,drift
2024-03-01 01:00:00,28.263580029380126,59.124901748499454,1015.7168827032407,1,drift
2024-03-01 02:00:00,30.677542010761556,57.475727293455,1018.1972391992825,1,drift
2024-03-01 03:00:00,31.417593746080435,44.90414472607216,1017.2050889090264,1,drift
2024-03-01 04:00:00,33.43493417324563,42.76881960200757,1017.8293505698609,1,drift
2024-03-01 05:00:00,32.828888548001615,50.64896610507837,1015.8570037737464,1,drift
2024-03-01 06:00:00,32.69221366483878,46.21134346550802,1021.4038973567419,1,drift
2024-03-01 07:00:00,33.23645365262872,45.21310495696441,1019.238567881402,1,drift
2024-03-01 08:00:00,31.776707721290396,43.2275136248175,1019.0880602161851,1,drift
2024-03-01 09:00:00,32.37998108271163,50.76672982414503,1023.0372158920621,1,drift
2024-03-01 10:00:00,29.876593763293183,47.65133000976633,1021.888797764472,1,drift
2024-03-01 11:00:00,29.21642905330138,58.96795588674254,1025.139849249998,1,drift
2024-03-01 12:00:00,28.812702707595548,59.78576479166169,1024.3628071231096,1,drift
2024-03-01 13:00:00,25.25895777592162,65.14969174892735,1025.4142097538495,1,drift
2024-03-01 14:00:00,26.283106531128453,71.68058893195872,1018.9867030257798,1,drift
2024-03-01 15:00:00,24.240380472680062,68.20653442967074,1024.3677411234958,1,drift
2024-03-01 16:00:00,24.983979703202348,70.4966764884582,1013.8298238675739,0,none
2024-03-01 17:00:00,24.54147000663315,74.14046382530246,1015.8493563063449,0,none
2024-03-01 18:00:00,24.467735434775093,79.11691839555806,1011.9004589336829,0,none
2024-03-01 19:00:00,24.302336670930245,77.36968528492086,1011.9195019418753,0,none
2024-03-01 20:00:00,25.602329993729725,74.02332624342597,1014.23309398271,0,none
2024-03-01 21:00:00,25.94481654887568,72.03153073970125,1012.9713332287298,0,none
2024-03-01 22:00:00,26.40968262049355,69.62911038048169,1011.8963754056274,0,none
2024-03-01 23:00:00,28.3594345353168,62.39305336905932,1008.3693844532455,0,none
2024-03-02 00:00:00,27.392291422940232,60.43886686863993,1013.5974752121165,0,none
2024-03-02 01:00:00,31.452192468070642,54.562537985681885,1010.2696104708707,0,none
2024-03-02 02:00:00,30.21576172289603,52.142190239084705,1010.4920712083812,0,none
2024-03-02 03:00:00,33.66328001756744,49.007632452758024,1014.6123318541041,0,none
2024-03-02 04:00:00,34.204391106260665,43.81957392687494,1011.7585307451786,0,none
2024-03-02 05:00:00,33.623500428427214,44.13355503106257,1014.308388461362,0,none
2024-03-02 06:00:00,35.07905991024579,43.506722744099044,1012.3991861132043,0,none
2024-03-02 07:00:00,33.79130221988098,44.06687033034684,1013.6467525703492,0,none
2024-03-02 08:00:00,31.21457103902669,47.17908029702309,1016.6878376192738,0,none
2024-03-02 09:00:00,31.974039708518422,45.646919497091645,1013.1740248684125,0,none
2024-03-02 10:00:00,30.251089406511895,54.1949728609012,1015.8504866239697,0,none
2024-03-02 11:00:00,30.64339868200846,53.42283272940275,1015.3623795100214,0,none
2024-03-02 12:00:00,30.440622427644712,53.02322721076845,1013.3543103817161,0,none
2024-03-02 13:00:00,28.023881408326538,61.858630568495464,1012.6494534024265,0,none
2024-03-02 14:00:00,25.47262754261421,64.19846556163046,1015.2474818171668,0,none
2024-03-02 15:00:00,24.87373083553978,68.64812007526001,1012.8195196713942,0,none
2024-03-02 16:00:00,22.92765368500932,71.85204983049023,1010.7330925408849,0,none
2024-03-02 17:00:00,23.611949285145176,71.61889690831684,1015.2414872491424,0,none
2024-03-02 18:00:00,26.163585326657333,75.60473109617546,1015.1608182400245,0,none
2024-03-02 19:00:00,23.688803023203278,73.37794116287021,1014.2478421347456,0,none
2024-03-02 20:00:00,24.321739912634463,74.99948464950496,1012.4521990062242,0,none
2024-03-02 21:00:00,27.445294582051158,74.25493930466617,1014.2763655007711,0,none
2024-03-02 22:00:00,26.974889834146083,65.2555211472297,1012.8368966239606,0,none
2024-03-02 23:00:00,27.848482196485815,63.43025919942444,1013.139327972845,0,none
2024-03-03 00:00:00,28.620182312241948,56.42333574924303,1009.7067093687168,0,none
2024-03-03 01:00:00,31.69457725735652,60.2503490598378,1011.8666912357655,0,none
2024-03-03 02:00:00,31.433088106342534,51.865760231762465,1009.5001587642464,0,none
2024-03-03 03:00:00,31.705630616167085,49.32721799202048,1011.4134668005536,0,none
2024-03-03 04:00:00,33.62727264004025,45.71376265491216,1016.6238082351774,0,none
2024-03-03 05:00:00,32.97694136048919,45.88211631054518,1011.2657718216282,0,none
2024-03-03 06:00:00,35.27936426125058,47.29383699966051,1013.4431543759493,0,none
2024-03-03 07:00:00,33.21034991065181,45.727423668139124,1014.6295379111891,0,none
2024-03-03 08:00:00,31.408627010740446,46.596196280922214,1015.4399096396932,0,none
2024-03-03 09:00:00,30.26718913042462,48.05716503135061,1012.7536143659121,0,none
2024-03-03 10:00:00,31.651096267081975,55.46881503239508,1015.9358644126402,0,none
2024-03-03 11:00:00,31.094824488729497,54.06494615841716,1011.6539558945391,0,none
2024-03-03 12:00:00,30.380435094019017,61.4959243017683,1014.1977944600113,0,none
2024-03-03 13:00:00,26.384344973484254,66.04341868697307,1012.3990948682799,0,none
2024-03-03 14:00:00,26.279784616318416,66.09793701239502,1013.6325047521772,0,none
2024-03-03 15:00:00,24.752696145406876,68.28254956555949,1012.6449943001428,0,none
2024-03-03 16:00:00,25.60524306804031,74.63227864049855,1013.8319501362193,0,none
2024-03-03 17:00:00,23.26105167818314,74.71088526575761,1012.5437693511029,0,none
2024-03-03 18:00:00,23.721775112905018,75.09040152125986,1009.5449864011641,0,none
2024-03-03 19:00:00,24.338175968734614,81.73270640031576,1007.7581725183258,0,none
2024-03-03 20:00:00,24.94851111582143,78.3838866150218,1011.9701973763952,0,none
2024-03-03 21:00:00,25.513325154790948,68.14304133687357,1011.5155416349783,0,none
2024-03-03 22:00:00,25.55468075945659,69.45425734513515,1017.3653366708651,0,none
2024-03-03 23:00:00,27.978985105485766,61.751834853940466,1016.0457085837597,0,none
2024-03-04 00:00:00,29.337224785449408,67.37168637638071,1013.0918996004386,0,none
2024-03-04 01:00:00,30.23106508952632,48.03181103737636,1011.7695066774683,0,none
2024-03-04 02:00:00,31.324286186544985,55.61499323081935,1011.0502123550408,0,none
2024-03-04 03:00:00,31.252795407262816,56.03688913179143,1011.4892158488202,0,none
2024-03-04 04:00:00,32.768991101537075,48.628806775434434,1012.6503573924972,0,none
2024-03-04 05:00:00,33.66345072779423,47.91080308598765,1011.4868005421333,0,none
2024-03-04 06:00:00,35.980216065783466,47.57951364524909,1011.7120478275966,0,none
2024-03-04 07:00:00,34.30586591413132,48.16507877853579,1015.475660741583,0,none
2024-03-04 08:00:00,33.24705992891788,49.09446270215159,1012.8825629843974,0,none
2024-03-04 09:00:00,31.928799865368756,54.08082991144359,1011.0040213603131,0,none
2024-03-04 10:00:00,31.439878816889408,54.99095037749971,1011.3755113579554,0,none
2024-03-04 11:00:00,31.55474612770276,57.150922971573976,1013.1026562813238,0,none
2024-03-04 12:00:00,30.137936913875727,58.594419427394755,1012.7317388066829,0,none
2024-03-04 13:00:00,25.55009658879184,64.92842144027831,1012.2189233122089,0,none
2024-03-04 14:00:00,26.805385578784847,71.36672964130054,1014.4019222977946,0,none
2024-03-04 15:00:00,8.791537669946354,72.75394497461792,1010.2290179230041,1,spike
2024-03-04 16:00:00,23.834457485823474,74.07507878532223,1014.4951384625656,0,none
2024-03-04 17:00:00,24.803997959710465,77.222312908477,1014.1191399090999,0,none
2024-03-04 18:00:00,23.774111640939466,76.17872981086376,1011.0181784601128,0,none
2024-03-04 19:00:00,24.763405257235068,76.93828814608267,1014.8346794179886,0,none
2024-03-04 20:00:00,26.246025733528285,74.52746020089732,1012.2327659645824,0,none
2024-03-04 21:00:00,26.48742782482492,74.50926398209349,1012.9456247247341,0,none
2024-03-04 22:00:00,27.258583057160628,63.83551524550513,1015.4927210423755,0,none
2024-03-04 23:00:00,25.634676789153033,58.87559382072316,1011.4286004326011,0,none
2024-03-05 00:00:00,30.437608575577315,63.468203846293314,1013.796766880261,0,none
2024-03-05 01:00:00,31.594854317985853,57.67997013318348,1014.0205922589765,0,none
2024-03-05 02:00:00,32.45098579211041,53.40500032752256,1013.6840307443465,0,none
2024-03-05 03:00:00,31.30358567006195,50.83421032417983,1014.8239678969733,0,none
2024-03-05 04:00:00,32.303904958216364,46.10580676032095,1012.9714598627125,0,none
2024-03-05 05:00:00,34.213977546603616,44.01431601845459,1012.0882920444303,0,none
2024-03-05 06:00:00,33.33495056636153,48.959908616943316,1011.4437752219158,0,none
2024-03-05 07:00:00,35.956808828571226,43.73490097218752,1014.0409645104342,0,none
2024-03-05 08:00:00,33.975280754385864,52.07072454305159,1013.4670254218955,0,none
2024-03-05 09:00:00,33.687450157175434,45.3882508275991,1010.1781203979543,0,none
2024-03-05 10:00:00,32.38921554061955,50.67838269042086,1014.6223274315098,0,none
2024-03-05 11:00:00,28.765533134775527,54.24249091096849,1012.1773592956911,0,none
2024-03-05 12:00:00,29.327062995191753,52.763851377307816,1010.6374479678553,0,none
2024-03-05 13:00:00,28.226508659211735,60.40666847671775,1011.7065018675899,0,none
2024-03-05 14:00:00,27.591271603725147,68.2758583080047,1011.6280453349897,0,none
2024-03-05 15:00:00,26.20117742573487,70.7528064389912,1014.4261004375908,0,none
2024-03-05 16:00:00,25.20349839464741,72.7006377677946,1011.955638549404,0,none
2024-03-05 17:00:00,24.744036490880763,69.71103356829184,1012.7536714936489,0,none
2024-03-05 18:00:00,23.708216566078722,71.60345134365583,1012.3768230136825,0,none
2024-03-05 19:00:00,24.264697669680814,73.39417965695205,1012.8966343476707,0,none
2024-03-05 20:00:00,24.259060552037816,75.06020802091723,1011.4982874867424,0,none
2024-03-05 21:00:00,23.931850102089715,71.95495152064392,1011.1710272021094,0,none
2024-03-05 22:00:00,25.39791864399121,72.23429752344111,1013.6739834532359,0,none
2024-03-05 23:00:00,27.71002108047547,61.695531588172194,1012.1055604386977,0,none
2024-03-06 00:00:00,29.507919958873117,58.37541601110777,1012.1769709037904,0,none
2024-03-06 01:00:00,31.126301525325466,54.285121805515374,1014.9733792270556,0,none
2024-03-06 02:00:00,31.5536113083616,53.04985409695386,1012.74839307886,1,drift
2024-03-06 03:00:00,33.07424200649707,47.75511868201016,1014.023194995702,1,drift
2024-03-06 04:00:00,32.56131043073433,47.16373513146747,1014.3104754027172,1,drift
2024-03-06 05:00:00,34.49135953154,44.80211186177109,1015.535830087131,1,drift
2024-03-06 06:00:00,34.004372346346216,45.34637937244262,1016.5694288115277,1,drift
2024-03-06 07:00:00,32.583134520975676,41.825195518555105,1014.7714661586081,1,drift
2024-03-06 08:00:00,32.49992265065691,48.50971784983864,1018.0730345130171,1,drift
2024-03-06 09:00:00,31.43420022608847,52.33170886694634,1016.6117766063973,1,drift
2024-03-06 10:00:00,32.08386086432134,56.480434723861094,1012.7370153266772,1,drift
2024-03-06 11:00:00,32.00674738339873,55.49456568907739,1015.6759129593099,1,drift
2024-03-06 12:00:00,28.856912492398173,64.35811002410173,1017.3622973134642,1,drift
2024-03-06 13:00:00,28.2599232185578,66.52579311016662,1015.6895931030631,1,drift
2024-03-06 14:00:00,27.737456597726982,69.20678290874821,1017.4712250839009,1,drift
2024-03-06 15:00:00,24.953584823307384,69.62964178590727,1020.0642319105268,1,drift
2024-03-06 16:00:00,24.506956270156095,72.84309969071242,1021.4396906652421,1,drift
2024-03-06 17:00:00,24.31647008995501,74.35865261087376,1020.4459921875966,1,drift
2024-03-06 18:00:00,23.546041432586343,71.39924424591963,1020.6070509962333,1,drift
2024-03-06 19:00:00,24.366365941645324,72.39333596651424,1021.1680473530702,1,drift
2024-03-06 20:00:00,25.39135699827306,72.9300415717154,1022.1825923230947,1,drift
2024-03-06 21:00:00,26.514623629860946,69.31329348827504,1016.6816372338881,1,drift
2024-03-06 22:00:00,26.23843848415098,68.97530071607804,1019.8285803377719,1,drift
2024-03-06 23:00:00,27.607152647764558,63.784708907430236,1023.628495571667,1,drift
2024-03-07 00:00:00,28.24228997878742,54.4379323686278,1021.864334656752,1,drift
2024-03-07 01:00:00,30.16849998454791,56.97228569648461,1022.6542414246842,1,drift
2024-03-07 02:00:00,32.6886867785509,51.488882660001984,1012.7303484163115,0,none
2024-03-07 03:00:00,33.91829146931329,46.60804493965372,1011.6796646121802,0,none
2024-03-07 04:00:00,33.31295354713086,47.682632368634316,1018.0233226044373,0,none
2024-03-07 05:00:00,32.56395680739969,44.90940662256234,1011.7237156428532,0,none
2024-03-07 06:00:00,35.33457491518921,46.03332919216343,1013.3507319644173,0,none
2024-03-07 07:00:00,35.079381500627456,45.14999625068871,1015.2047901186536,0,none
2024-03-07 08:00:00,34.41569926980397,41.44997671087285,1015.690563845629,0,none
2024-03-07 09:00:00,33.333794918807804,50.81498404770895,1014.595222324445,0,none
2024-03-07 10:00:00,30.573947074916546,57.39528734335979,1011.6872799369153,0,none
2024-03-07 11:00:00,31.04973022280894,54.512354712098585,1012.8203871063515,0,none
2024-03-07 12:00:00,30.60356191040843,62.9370442434129,1014.206208704095,0,none
2024-03-07 13:00:00,28.20933080503017,59.819656204472,1013.7251404572072,0,none
2024-03-07 14:00:00,25.389889654073418,67.15812972179047,1014.2540186636829,1,drift
2024-03-07 15:00:00,27.244090385081712,70.6383139913615,1015.0692895814244,1,drift
2024-03-07 16:00:00,25.711315790854723,67.91925771037435,1012.514700363348,1,drift
2024-03-07 17:00:00,24.028258067666822,70.10063823939687,1015.2928427691138,1,drift
2024-03-07 18:00:00,24.61788335765023,76.94290946516995,1017.0359462236997,1,drift
2024-03-07 19:00:00,25.71790156483144,73.31353010416362,1015.4998618897619,1,drift
2024-03-07 20:00:00,25.362862374324557,74.30019836640693,1016.0095359182316,1,drift
2024-03-07 21:00:00,25.671731445045072,69.2912362545557,1015.323813386185,1,drift
2024-03-07 22:00:00,27.686702138644826,65.20519074605515,1017.383600283367,1,drift
2024-03-07 23:00:00,26.96940439625451,55.818144930784754,1015.8412198473679,1,drift
2024-03-08 00:00:00,30.358557737427653,61.97071467842476,1017.9267903837402,1,drift
2024-03-08 01:00:00,31.739318206000583,56.061322750443935,1016.7299360497664,1,drift
2024-03-08 02:00:00,30.243249671651473,54.040711698279665,1021.316317932209,1,drift
2024-03-08 03:00:00,32.99567887488277,47.36676560557829,1015.5050965127016,1,drift
2024-03-08 04:00:00,33.14695368069282,46.17666682278743,1019.626282638367,1,drift
2024-03-08 05:00:00,34.21285101362995,42.37803606066871,1020.6644944033497,1,drift
2024-03-08 06:00:00,36.401844834642894,46.238157238872816,1022.0459745849627,1,drift
2024-03-08 07:00:00,35.3893334660382,43.13232081562187,1021.0360851574712,1,drift
2024-03-08 08:00:00,35.00910606846495,48.77381878549714,1019.5720274431438,1,drift
2024-03-08 09:00:00,30.81754242979031,51.835465760701105,1021.9855727311887,1,drift
2024-03-08 10:00:00,32.956602639567635,50.40894632627426,1021.0277339943212,1,drift
2024-03-08 11:00:00,30.755222265340823,52.767344287804214,1019.4317474111488,1,drift
2024-03-08 12:00:00,28.724388130096646,62.40704495594873,1024.1829185242823,1,drift
2024-03-08 13:00:00,26.68906494313873,61.743956814300326,1023.6447785678661,1,drift
2024-03-08 14:00:00,27.23207342701035,71.51462771408005,1011.3322051623076,0,none
2024-03-08 15:00:00,26.02570723914978,73.65024057479951,1010.3755735556026,0,none
2024-03-08 16:00:00,25.255941363702153,75.52997950304352,1013.3503296919832,0,none
2024-03-08 17:00:00,23.448412885305434,73.89880316256368,1009.8658106916135,0,none
2024-03-08 18:00:00,24.010537146069584,71.869878269642,1010.6925919614516,0,none
2024-03-08 19:00:00,23.029132992859473,76.29143725767966,1016.629716355625,0,none
2024-03-08 20:00:00,23.503252837819,71.82688773097563,1015.903464933819,0,none
2024-03-08 21:00:00,25.560175328711335,73.36198182005656,1008.7839892878864,0,none
2024-03-08 22:00:00,24.915637759083438,67.48380036533057,1010.7286403361234,0,none
2024-03-08 23:00:00,26.262027842250966,58.728462576953355,1012.112513368455,0,none
2024-03-09 00:00:00,29.330638437175217,53.63592770737178,1010.3790034281994,0,none
2024-03-09 01:00:00,30.62956681924894,58.92418952960825,1012.5313926422491,0,none
2024-03-09 02:00:00,31.205634900317833,53.08003155175749,1011.2050524116764,0,none
2024-03-09 03:00:00,33.148538750804775,53.79074826483027,1012.6181020564354,0,none
2024-03-09 04:00:00,33.301129500297634,46.63454649566109,1016.7724279108951,0,none
2024-03-09 05:00:00,33.58305417781787,44.53545623902529,1012.900188794687,0,none
2024-03-09 06:00:00,33.81275859849146,50.63183169417925,1010.4889784005336,0,none
2024-03-09 07:00:00,33.52132977250572,50.46709995948034,1013.2055538367342,0,none
2024-03-09 08:00:00,35.41786982462228,43.49420424758321,1012.5093454744136,0,none
2024-03-09 09:00:00,33.094087257799146,53.44031432213333,1013.2870157218917,0,none
2024-03-09 10:00:00,30.741552920510674,45.81080799064269,1013.5150575418601,0,none
2024-03-09 11:00:00,31.2902355828539,50.14435087164203,1015.5656897657788,0,none
2024-03-09 12:00:00,29.567041864882942,58.63026318409942,1013.613774231123,0,none
2024-03-09 13:00:00,28.23292094725378,62.44625531699296,1016.7596533529345,0,none
2024-03-09 14:00:00,27.70451168005123,66.8421342270311,1015.2607255507693,0,none
2024-03-09 15:00:00,25.63141692590611,67.96184682014933,1012.7708894618133,0,none
2024-03-09 16:00:00,25.444699484501562,72.29671784989868,1014.5355768034219,0,none
2024-03-09 17:00:00,23.14295550855113,72.81007662816727,1015.8004607768952,0,none
2024-03-09 18:00:00,23.38987026041272,77.37673171007172,1011.5847771187384,0,none
2024-03-09 19:00:00,23.42787238290233,75.72465820438667,1015.6161186053026,0,none
2024-03-09 20:00:00,27.03590716251245,71.94094604041109,1013.571737395288,0,none
2024-03-09 21:00:00,25.99235585995048,67.6460726647864,1009.0497844632004,0,none
2024-03-09 22:00:00,25.454313046099564,66.05137040142579,1016.2052653917405,0,none
2024-03-09 23:00:00,29.23571948856734,64.05877630451164,1015.1278209482432,0,none
2024-03-10 00:00:00,28.32530442747889,62.63405652382906,1011.0438292481607,0,none
2024-03-10 01:00:00,30.580462793486273,56.09681949929102,1010.3441017538184,0,none
2024-03-10 02:00:00,32.38337425827422,50.088873689122764,1011.3211603258341,0,none
2024-03-10 03:00:00,32.77457741337247,50.8128885690717,1013.97761330555,0,none
2024-03-10 04:00:00,32.622169718415094,48.33628404225113,1011.6179778511175,0,none
2024-03-10 05:00:00,35.22219798930782,47.96124283879492,1011.200778047297,0,none
2024-03-10 06:00:00,35.577798907816586,45.9618774031224,1012.3936132904684,0,none
2024-03-10 07:00:00,34.358944874841356,45.92375672040777,1011.9638426871185,0,none
2024-03-10 08:00:00,34.1407942840425,48.35855399410584,1013.2700597704536,0,none
2024-03-10 09:00:00,33.363574437831474,43.000452636478066,1010.5076781385778,0,none
2024-03-10 10:00:00,33.92722643042739,51.572522758591404,1011.4089091580415,0,none
2024-03-10 11:00:00,31.48490394018981,52.09355796793956,1016.1108491526345,0,none
2024-03-10 12:00:00,29.362318499277094,66.0076919016744,1013.7747951272219,0,none
2024-03-10 13:00:00,29.904472098480902,64.00653780777232,1012.0739146812402,0,none
2024-03-10 14:00:00,26.567290470302847,65.01651126981555,1012.3968921293808,1,freeze
2024-03-10 15:00:00,25.021886198697644,65.01651126981555,1009.9522234862526,1,freeze
2024-03-10 16:00:00,25.82895564448039,65.01651126981555,1012.4313227003616,1,freeze
2024-03-10 17:00:00,24.40097370026992,65.01651126981555,1013.6376919800936,1,freeze
2024-03-10 18:00:00,24.154558966329816,65.01651126981555,1014.2410880787797,1,freeze
2024-03-10 19:00:00,24.06704866777645,65.01651126981555,1011.4729363539794,1,freeze
2024-03-10 20:00:00,25.426008628515476,70.33949624449414,1013.0816370224501,0,none
2024-03-10 21:00:00,23.964391009922846,72.00258717177387,1011.3774369440262,0,none
2024-03-10 22:00:00,26.93071433649685,67.00583305187237,1011.3704816913254,0,none
2024-03-10 23:00:00,27.47453725012327,61.64405593313827,1014.2495902385918,0,none
2024-03-11 00:00:00,29.01811502547738,60.99041894252233,1010.297308038226,0,none
2024-03-11 01:00:00,29.95763764698861,53.28219088528455,1012.5959490005916,0,none
2024-03-11 02:00:00,31.52324561685017,53.240938968018064,1010.888217388097,0,none
2024-03-11 03:00:00,31.951778713957108,51.4622792392158,1011.3269207532367,0,none
2024-03-11 04:00:00,34.347214180728066,43.13596971495349,1014.0624233904922,0,none
2024-03-11 05:00:00,33.16497996980753,45.54905189451997,1015.9232614319986,0,none
2024-03-11 06:00:00,32.90861680828104,44.05085335236984,1013.0639665747991,0,none
2024-03-11 07:00:00,34.575696640876785,43.29847380488489,1010.0698001831058,0,none
2024-03-11 08:00:00,33.98172155778929,45.27339877955936,1010.5375136088966,0,none
2024-03-11 09:00:00,33.60970919576486,49.56431233557971,1013.3294905632921,0,none
2024-03-11 10:00:00,31.29909392999029,57.06928104086293,1016.0640571559132,0,none
2024-03-11 11:00:00,30.11421303087181,60.41040001803423,1012.0538828003458,1,freeze
2024-03-11 12:00:00,30.609281133657674,60.41040001803423,1011.8670700124396,1,freeze
2024-03-11 13:00:00,27.52924076560859,60.41040001803423,1012.1984283043449,1,freeze
2024-03-11 14:00:00,26.34128233286381,60.41040001803423,1014.8853146036963,1,freeze
2024-03-11 15:00:00,25.76310054876943,60.41040001803423,1018.1540232283515,1,freeze
2024-03-11 16:00:00,24.908371488796117,60.41040001803423,1011.0052218815684,1,freeze
2024-03-11 17:00:00,24.335339564818444,78.07967819620188,1012.5397844896867,0,none
2024-03-11 18:00:00,23.20071359106974,71.5760511380834,1011.4652511473305,0,none
2024-03-11 19:00:00,23.652250283989932,71.79803464707348,1012.9245367623854,0,none
2024-03-11 20:00:00,24.28576224176888,73.00929287865193,1007.9838122506698,0,none
2024-03-11 21:00:00,25.560740656655287,64.03374346168519,1014.0349331614276,1,drift
2024-03-11 22:00:00,25.119333503177263,68.19044532887348,1011.7465762989971,1,drift
2024-03-11 23:00:00,29.63441580378629,65.26887052308447,1013.601446903257,1,drift
2024-03-12 00:00:00,29.649355453503794,61.18827894956593,1012.2348118590819,1,drift
2024-03-12 01:00:00,31.234200249920683,53.948347260472225,1017.4055990710444,1,drift
2024-03-12 02:00:00,33.63921765588847,57.04109662015267,1016.7645046624367,1,drift
2024-03-12 03:00:00,32.67413778914306,44.2431872850371,1013.997558361273,1,drift
2024-03-12 04:00:00,34.334959830300285,45.8930608821081,1017.371228407554,1,drift
2024-03-12 05:00:00,33.413325864796086,55.41053318145899,1017.8929248669037,1,drift
2024-03-12 06:00:00,34.20948095644184,45.205954872839165,1014.5683868318155,1,drift
2024-03-12 07:00:00,34.71384327195608,43.40403377575983,1016.2123462100689,1,drift
2024-03-12 08:00:00,34.050391381364705,44.822380798387876,1016.9691002715485,1,drift
2024-03-12 09:00:00,31.83244373395363,42.217145788037,1018.0875445386773,1,drift
2024-03-12 10:00:00,31.076409506062284,48.049855050498486,1019.6002507705979,1,drift
2024-03-12 11:00:00,28.713088641361235,58.38522037921891,1015.7331879098903,1,drift
2024-03-12 12:00:00,29.620824952556926,58.372250561810226,1019.8035747415352,1,drift
2024-03-12 13:00:00,27.903213269160503,64.67948646872478,1022.0546454460941,1,drift
2024-03-12 14:00:00,25.784890049480943,69.51181579604157,1017.2158423912484,1,drift
2024-03-12 15:00:00,25.047142401474385,68.36243339420439,1021.9523725370269,1,drift
2024-03-12 16:00:00,26.134367833077352,68.44976605233985,1017.6567920310642,1,drift
2024-03-12 17:00:00,25.90973083174252,71.32528313330737,1023.031753746868,1,drift
2024-03-12 18:00:00,23.64884443396134,73.47625811949788,1021.7408323776,1,drift
2024-03-12 19:00:00,24.680154740639054,76.4004954776141,1022.8415473677682,1,drift
2024-03-12 20:00:00,22.87905804217397,76.01166439309137,1024.3358749914803,1,drift
2024-03-12 21:00:00,25.32738146542579,65.3586415945132,1015.2297156336774,0,none
2024-03-12 22:00:00,26.6644699909618,69.50765959458793,1012.6958984415454,0,none
2024-03-12 23:00:00,29.786438985358377,66.06655525637565,1014.928123160303,0,none
2024-03-13 00:00:00,29.96853710677855,62.52404168021241,1012.6044787653279,0,none
2024-03-13 01:00:00,29.248710591301165,56.45602850824053,1012.8802396577521,0,none
2024-03-13 02:00:00,30.572044722475663,54.737373969930644,1014.1670534866519,0,none
2024-03-13 03:00:00,31.102956823931795,42.344478478332086,1010.7778611922175,0,none
2024-03-13 04:00:00,32.98634391134735,51.40929980374453,1012.1104356928403,0,none
2024-03-13 05:00:00,34.66202775558133,49.892677605528924,1014.0459048937823,0,none
2024-03-13 06:00:00,35.586628625917974,47.386604605977254,1013.6641652704425,0,none
2024-03-13 07:00:00,32.80702956234755,40.53687878210677,1012.0145242289345,0,none
2024-03-13 08:00:00,34.274178051342986,51.72792540351577,1011.7673465152176,0,none
2024-03-13 09:00:00,33.14240703483417,47.8357965022818,1013.3215592835762,0,none
2024-03-13 10:00:00,30.672712344175036,52.61027030752702,1014.3132912222261,0,none
2024-03-13 11:00:00,31.006259651289337,55.630770512765245,1013.805522081337,0,none
2024-03-13 12:00:00,28.333470910206692,64.94328829901877,1014.5476286186582,0,none
2024-03-13 13:00:00,27.986115003903446,61.16760138709663,1015.6595412409359,0,none
2024-03-13 14:00:00,26.67494662954369,66.211084050433,1014.9231854926072,0,none
2024-03-13 15:00:00,25.37800545927492,75.46680213088412,1014.4586406587064,0,none
2024-03-13 16:00:00,26.71458009719239,74.51159813916551,1014.1157138579069,0,none
2024-03-13 17:00:00,24.074845735134897,71.4734294303507,1011.5871916170263,0,none
2024-03-13 18:00:00,26.17358859040695,72.07081240883218,1012.5713527543879,0,none
2024-03-13 19:00:00,25.193203558366505,71.02377504305782,1015.3390598668418,0,none
2024-03-13 20:00:00,23.96047989576523,69.3908716248673,1015.0971195693331,0,none
2024-03-13 21:00:00,25.99643009054924,69.19777483490272,1010.7374106947351,0,none
2024-03-13 22:00:00,27.280940691374113,68.52188917845776,1011.7659090616739,0,none
2024-03-13 23:00:00,27.988798386538033,65.92104157795102,1012.4268744038307,0,none
2024-03-14 00:00:00,29.563867789356586,55.16645691498775,1011.9316006836998,0,none
2024-03-14 01:00:00,29.90725205064968,56.553942884872825,1014.4164960633948,0,none
2024-03-14 02:00:00,32.9304416132428,53.65679206683257,1013.74943042222,0,none
2024-03-14 03:00:00,33.49458012297062,49.27466508317011,1011.5890326260859,0,none
2024-03-14 04:00:00,34.67626947399468,50.83468100186464,1011.4249933316598,0,none
2024-03-14 05:00:00,35.90435560390259,43.21036627762305,1015.3788781941345,0,none
2024-03-14 06:00:00,57.69946144713548,44.00259147227338,1014.07802785671,1,spike
2024-03-14 07:00:00,35.308813115785725,45.59957884979751,1015.1652732388238,0,none
2024-03-14 08:00:00,33.456666443655266,49.3842581596305,1011.9418087448723,0,none
2024-03-14 09:00:00,30.228230966730347,47.95612938863725,1009.4210394134707,0,none
2024-03-14 10:00:00,32.554228416675926,46.49086821885091,1013.1202171487092,0,none
2024-03-14 11:00:00,30.755650427211947,54.95001376656809,1013.3136386873052,0,none
2024-03-14 12:00:00,29.331474410475337,61.41090443990444,1014.0500960797548,0,none
2024-03-14 13:00:00,27.976083562989903,65.34445615663559,1015.7122918069214,0,none
2024-03-14 14:00:00,27.14294277598455,71.72728428476165,1011.0757828124158,0,none
2024-03-14 15:00:00,24.567984257384513,76.78437746130862,1011.3014729070753,0,none
2024-03-14 16:00:00,25.151849695418623,72.28069168481761,1010.9542110238482,0,none
2024-03-14 17:00:00,24.814239623045474,75.54689203816157,1014.6489313170641,0,none
2024-03-14 18:00:00,25.82318900539781,72.89668219091062,1014.1702140488833,0,none
2024-03-14 19:00:00,25.189625712990942,75.38867584866095,1014.5450811059262,0,none
2024-03-14 20:00:00,26.087400580475304,66.7111945330847,1014.9366416351398,0,none
2024-03-14 21:00:00,27.65098822951727,67.9994077421363,1013.290899377661,0,none
2024-03-14 22:00:00,27.040887523779247,64.52533526804473,1011.6557595033362,0,none
2024-03-14 23:00:00,27.338709303087512,61.05008760865072,1012.9828957709436,1,drift
2024-03-15 00:00:00,28.146699292227634,56.518493630062046,1013.0560716619477,1,drift
2024-03-15 01:00:00,29.32259196126487,56.54180448217737,1017.0187507135101,1,drift
2024-03-15 02:00:00,31.909155814989486,51.93775790060857,1010.4244472938777,1,drift
2024-03-15 03:00:00,33.65473334222752,51.66892038722486,1014.5923822414383,1,drift
2024-03-15 04:00:00,33.98786141901064,48.68582793971127,1016.9687791499844,1,drift
2024-03-15 05:00:00,35.818789581077596,48.442281699358745,1017.9754896775992,1,drift
2024-03-15 06:00:00,35.061148326086006,46.29486084816374,1015.6636642386804,1,drift
2024-03-15 07:00:00,33.688950431666235,45.885875047186204,1015.9584926420158,1,drift
2024-03-15 08:00:00,33.01224606153723,46.59100930561012,1014.493309094737,1,drift
2024-03-15 09:00:00,33.40774954089703,52.6151797953381,1018.834783189481,1,drift
2024-03-15 10:00:00,33.70345913066778,52.186054931054244,1019.2407267341788,1,drift
2024-03-15 11:00:00,31.110922014669498,52.831625329860806,1015.6554608730191,1,drift
2024-03-15 12:00:00,31.91038172645285,58.56900726193048,1020.8740735020829,1,drift
2024-03-15 13:00:00,28.273808227381426,63.01289917699362,1017.9701099427972,1,drift
2024-03-15 14:00:00,26.540951723535137,68.53466533848353,1023.294626698356,1,drift
2024-03-15 15:00:00,25.94767441419183,72.92041869194969,1020.4233507372838,1,drift
2024-03-15 16:00:00,25.29274930577898,71.3794375269183,1022.3153154311883,1,drift
2024-03-15 17:00:00,24.918414976193965,77.9937373944577,1023.8297364164112,1,drift
2024-03-15 18:00:00,24.12008615116592,74.2942629335929,1019.1889850985217,1,drift
2024-03-15 19:00:00,26.647010884078295,72.4052344112797,1026.0769366674588,1,drift
2024-03-15 20:00:00,25.31008144784986,75.65761981053768,1023.805066994068,1,drift
2024-03-15 21:00:00,24.575545622168633,69.64049799252501,1025.1574247590027,1,drift
2024-03-15 22:00:00,25.419873434869018,63.50773155468868,1024.470190537578,1,drift
2024-03-15 23:00:00,30.585688325834703,65.18647161326987,1017.542865847242,1,drift
2024-03-16 00:00:00,27.910699697820423,62.753768316396446,1017.3897187691523,1,drift
2024-03-16 01:00:00,31.744882508649322,59.64389330330302,1018.6776533607615,1,drift
2024-03-16 02:00:00,32.9901298989532,47.862388350265576,1016.8141779911123,1,drift
2024-03-16 03:00:00,32.30075186252846,53.63325206683102,1018.7963541363436,1,drift
2024-03-16 04:00:00,34.849850104844535,53.053506372225975,1017.5451610020715,1,drift
2024-03-16 05:00:00,35.39113716390132,41.3136245144875,1017.9651155833302,1,drift
2024-03-16 06:00:00,35.86834357048793,43.77615425443109,1020.0060912656952,1,drift
2024-03-16 07:00:00,34.54096190171406,43.261972281251204,1019.9648802822693,1,drift
2024-03-16 08:00:00,32.821610623937,50.36283738613001,1020.4505199856428,1,drift
2024-03-16 09:00:00,35.55505928790026,51.00481829276651,1023.0272052399434,1,drift
2024-03-16 10:00:00,31.2857823385509,53.790080682278635,1017.4080193362627,1,drift
2024-03-16 11:00:00,31.133309247469157,53.83003202376789,1019.7168955557521,1,drift
2024-03-16 12:00:00,30.113584305524085,59.12174645097765,1018.2557809828012,1,drift
2024-03-16 13:00:00,28.342511571365836,60.07764417110766,1021.0901457818657,1,drift
2024-03-16 14:00:00,26.425784675216345,69.14086787557545,1022.821773665003,1,drift
2024-03-16 15:00:00,27.12701845221854,64.01632652175468,1025.0729815720113,1,drift
2024-03-16 16:00:00,25.512161980925775,77.18351532876811,1026.3602298275282,1,drift
2024-03-16 17:00:00,23.3468231960958,75.33670947048769,1019.8009284851636,1,drift
2024-03-16 18:00:00,25.23409790041711,74.13824753092064,1013.9544813488785,0,none
2024-03-16 19:00:00,25.2606059314231,77.10133251420598,1011.1867261738836,0,none
2024-03-16 20:00:00,22.146667802542282,74.66708851949353,1010.6939988041879,0,none
2024-03-16 21:00:00,26.866927490174362,76.78902401714855,1010.4633291676664,0,none
2024-03-16 22:00:00,26.846573286654678,68.42343162416526,1013.8780660860032,0,none
2024-03-16 23:00:00,29.457162671689286,65.5142769110134,1012.0040825398331,0,none
2024-03-17 00:00:00,28.848075664595267,58.216819132329476,1016.1523711550917,0,none
2024-03-17 01:00:00,28.13484701433953,60.246735294051376,1011.5926057633659,0,none
2024-03-17 02:00:00,32.90555143660704,54.44937793943942,1015.0654371363065,0,none
2024-03-17 03:00:00,34.6196921613648,46.921820390193034,1013.9826681772622,0,none
2024-03-17 04:00:00,35.10658623777757,48.86764617819368,1012.0698566961754,0,none
2024-03-17 05:00:00,36.00541356713655,49.23568483851339,1013.2990565633913,0,none
2024-03-17 06:00:00,35.29225734441256,48.499835945353254,1014.4495213813725,0,none
2024-03-17 07:00:00,34.78159204030088,45.083752480511784,1012.3519868369606,0,none
2024-03-17 08:00:00,34.07662891646473,47.387460757515946,1013.7058529769773,0,none
2024-03-17 09:00:00,33.6668147067878,51.13242886857131,1013.2092999958116,0,none
2024-03-17 10:00:00,32.63375049953261,51.80005715889428,1012.0099668929068,0,none
2024-03-17 11:00:00,31.150021423279888,58.83783521653676,1014.6715036547604,0,none
2024-03-17 12:00:00,29.92121895458626,58.454954754267604,1013.2807350561267,0,none
2024-03-17 13:00:00,27.831472308865113,61.24419707444241,1013.5949777842372,0,none
2024-03-17 14:00:00,27.64973334492528,68.65685299270667,1014.6102774165051,0,none
2024-03-17 15:00:00,2.6985523440767665,67.24492094642162,1012.2547674786875,1,spike
2024-03-17 16:00:00,23.964759005925902,73.19803092411402,1012.0611001463783,0,none
2024-03-17 17:00:00,25.225032989760297,74.42844373206133,1013.0090487495611,0,none
2024-03-17 18:00:00,22.745571975236093,81.23356638482939,1015.7573966339834,0,none
2024-03-17 19:00:00,25.78042363767954,77.33185219212785,1008.9849647785682,0,none
2024-03-17 20:00:00,25.338914778752446,73.5928319756912,1013.7058628498077,0,none
2024-03-17 21:00:00,27.857652143565222,70.28527285238684,1013.2972177718876,0,none
2024-03-17 22:00:00,29.11522889830852,65.37474890434396,1012.2633640416232,0,none
2024-03-17 23:00:00,29.378001965179685,64.20940789704991,1012.5420109324152,0,none
2024-03-18 00:00:00,28.46817946765249,64.96804930131144,1012.07608088159,0,none
2024-03-18 01:00:00,30.60938113277103,54.7970415760348,1013.0297750187507,0,none
2024-03-18 02:00:00,32.642961378846515,53.26901254923712,1013.6934814774794,0,none
2024-03-18 03:00:00,34.597964386664465,51.0806632685053,1013.96092446752,0,none
2024-03-18 04:00:00,33.01415771761603,47.62276894023224,1010.9638313877771,0,none
2024-03-18 05:00:00,33.90935575858585,51.16980059936559,1013.4094970715906,0,none
2024-03-18 06:00:00,32.65952156531268,41.533368353405024,1013.3108375467017,0,none
2024-03-18 07:00:00,36.531056664513116,45.62954362477287,1011.520839026698,0,none
2024-03-18 08:00:00,35.66428174045719,44.31032429762489,1010.2713989620812,0,none
2024-03-18 09:00:00,34.715023700298396,48.518028620630595,1012.476586034165,0,none
2024-03-18 10:00:00,33.080999602279675,54.37268281024335,1012.5082914571578,0,none
2024-03-18 11:00:00,31.800267185042955,57.14577844542731,1012.3433794746298,0,none
2024-03-18 12:00:00,29.14723216665184,60.00049255518698,1013.2374946014686,0,none
2024-03-18 13:00:00,27.01783046115552,66.09059254056199,1014.3761554033757,0,none
2024-03-18 14:00:00,27.885308471870204,69.13470416870484,1014.8694270640464,0,none
2024-03-18 15:00:00,25.023516797018218,75.68073302301568,1009.0608542111636,0,none
2024-03-18 16:00:00,25.81571064504438,70.69601993237532,1012.6018761704591,0,none
2024-03-18 17:00:00,25.627487990243438,72.13957319042837,1012.1625074308001,0,none
2024-03-18 18:00:00,25.846945882910113,72.624581009132,1014.8806892795203,0,none
2024-03-18 19:00:00,25.106677846342432,74.80949982398985,1015.417944083355,0,none
2024-03-18 20:00:00,25.283576333329858,77.88194525565041,1011.4807168262845,0,none
2024-03-18 21:00:00,26.69280371906254,67.4534267323401,1010.0694903501208,0,none
2024-03-18 22:00:00,26.703859996059922,69.99778289208353,1010.3416874181003,0,none
2024-03-18 23:00:00,28.761473428601025,66.5361382969788,1016.2517104765977,0,none
2024-03-19 00:00:00,29.315631774978,56.54719485009272,1016.3726371251745,0,none
2024-03-19 01:00:00,31.694998412541842,51.994936077671376,1011.0457291611615,0,none
2024-03-19 02:00:00,30.953216967918017,53.153476865940725,1011.9890557422157,0,none
2024-03-19 03:00:00,33.63326378134484,54.17836722757565,1009.1862668436787,0,none
2024-03-19 04:00:00,34.274570136332365,48.57473096335171,1016.4896170475724,0,none
2024-03-19 05:00:00,33.68334494061086,46.50443462346589,1013.8850982266904,0,none
2024-03-19 06:00:00,35.185689342303995,40.827209262948045,1016.4872056646418,0,none
2024-03-19 07:00:00,35.539075851468034,49.089686718438884,1011.9842349618184,0,none
2024-03-19 08:00:00,33.66720542524705,45.7595655868819,1012.0669359521938,0,none
2024-03-19 09:00:00,32.04952539998397,49.645968780635144,1009.4158628356189,0,none
2024-03-19 10:00:00,32.40374446977777,48.75439929175117,1011.9810717928766,0,none
2024-03-19 11:00:00,31.734820229619864,56.48483418414451,1013.388724349073,0,none
2024-03-19 12:00:00,29.95924659673932,59.47510242736859,1013.1552135626185,0,none
2024-03-19 13:00:00,28.975156724755948,61.82178909340758,1015.7507453220027,0,none
2024-03-19 14:00:00,27.971163959839156,68.4067639704472,1013.6383758998056,0,none
2024-03-19 15:00:00,27.126243601957402,70.55423968354071,1012.6597081018075,0,none
2024-03-19 16:00:00,23.960690391983253,69.29192792014199,1012.7471354298591,0,none
2024-03-19 17:00:00,26.513238159716256,72.52814818185081,1013.7196975937052,0,none
2024-03-19 18:00:00,25.248989827599836,69.75622707239512,1014.1298344681605,0,none
2024-03-19 19:00:00,25.035567285249567,78.91963149598206,1010.85349364221,0,none
2024-03-19 20:00:00,26.121597036206104,73.91468076684133,1011.546972480833,0,none
2024-03-19 21:00:00,24.377544381911296,70.54994909374501,1016.2503772667682,0,none
2024-03-19 22:00:00,27.79198705405961,67.37993683979515,1015.9720468407677,0,none
2024-03-19 23:00:00,28.55073027973985,68.65957178752618,1013.5722147140602,0,none
2024-03-20 00:00:00,29.12943162802291,59.324613258255106,1012.0193290266761,0,none
2024-03-20 01:00:00,28.697148223803673,59.748708467153335,1015.375367269221,0,none
2024-03-20 02:00:00,33.24707495109131,52.620847599589325,1013.4692490951155,0,none
2024-03-20 03:00:00,34.22345743632461,53.24157517771312,1011.8499679265398,0,none
2024-03-20 04:00:00,35.349681846981966,49.43916669530335,1014.508486047398,0,none
2024-03-20 05:00:00,35.537209296690754,47.360693891738904,1011.2939810726627,0,none
2024-03-20 06:00:00,35.57590581790486,44.52292756148763,1014.3089495933176,0,none
2024-03-20 07:00:00,35.77424043676412,46.17173597325455,1014.2165247264849,0,none
2024-03-20 08:00:00,35.253270823759784,44.93229369708324,1013.7061974087721,0,none
2024-03-20 09:00:00,34.409076866573024,46.60368910510029,1011.541194710944,0,none
2024-03-20 10:00:00,31.921781409774294,54.782971714474996,1011.8315419683049,0,none
2024-03-20 11:00:00,31.28296990673048,57.397344670794155,1016.5752765902607,0,none
2024-03-20 12:00:00,30.511729608979252,57.897831150872264,1009.9608437998745,0,none
2024-03-20 13:00:00,28.391496632109913,64.20021664232942,1014.1054814564111,0,none
2024-03-20 14:00:00,28.67610580769241,65.4347181298607,1015.8428056804877,0,none
2024-03-20 15:00:00,27.135672521465622,69.96289496712785,1011.3719698154354,0,none
2024-03-20 16:00:00,23.650958854272965,72.87674712281874,1011.9676015088378,0,none
2024-03-20 17:00:00,24.992301782008578,74.7245254190264,1014.2896996378886,0,none
2024-03-20 18:00:00,24.447731144057485,73.30392478849164,1016.0507787948753,0,none
2024-03-20 19:00:00,25.929154621111522,76.19014573566433,1012.5578925578914,0,none
2024-03-20 20:00:00,25.344204510315958,68.60188444499923,1014.7639110957077,0,none
2024-03-20 21:00:00,27.56177395813868,75.93063733287325,1013.4496714505701,0,none
2024-03-20 22:00:00,26.131743865805586,65.74033276502072,1012.0791534740723,0,none
2024-03-20 23:00:00,29.263709415381815,61.84173274503928,1011.8929741753191,0,none
2024-03-21 00:00:00,31.23652786884629,62.51699589225799,1013.6584154335555,0,none
2024-03-21 01:00:00,30.648973743402493,58.62438935359484,1009.5071734161079,0,none
2024-03-21 02:00:00,31.804125745748184,53.716093864818646,1011.9259078968787,0,none
2024-03-21 03:00:00,32.95810813771499,50.80012139577403,1012.3163915284716,0,none
2024-03-21 04:00:00,34.18024676533474,50.495022966224305,1014.6741412304593,0,none
2024-03-21 05:00:00,33.29945761323213,46.81216947072638,1014.9603720811353,0,none
2024-03-21 06:00:00,33.479427063115416,42.18361574132641,1015.8184329825853,0,none
2024-03-21 07:00:00,36.12731037631657,50.100036939646415,1010.3526297221892,0,none
2024-03-21 08:00:00,33.274934838024365,47.9038201133347,1010.202249836218,0,none
2024-03-21 09:00:00,31.667392423000337,46.59617941943806,1014.1358634698278,0,none
2024-03-21 10:00:00,32.90155409113607,53.70153136449236,1014.1728165055524,0,none
2024-03-21 11:00:00,30.415994727499747,57.004431524950135,1013.477136167279,0,none
2024-03-21 12:00:00,30.60460647374567,65.87856936092713,1013.3119503096757,0,none
2024-03-21 13:00:00,29.014123551011444,67.08729245020487,1009.7332460132598,0,none
2024-03-21 14:00:00,27.636098715583667,63.469840997950946,1014.2422170278578,0,none
2024-03-21 15:00:00,26.160050376002598,78.78540866796536,1012.4127149307119,0,none
2024-03-21 16:00:00,24.10796801062416,75.62847215512151,1011.8524780249289,0,none
2024-03-21 17:00:00,26.507074116359153,76.31282082765563,1012.3069746895314,0,none
2024-03-21 18:00:00,24.116034908987064,70.23445701332484,1013.9017840752553,0,none
2024-03-21 19:00:00,23.88619091376471,69.83586825623935,1009.9038920679624,0,none
2024-03-21 20:00:00,28.22278115963106,66.55856320241547,1013.5748446700081,0,none
2024-03-21 21:00:00,26.36460186146506,76.14808178021315,1009.5262435608782,1,freeze
2024-03-21 22:00:00,30.037211552233916,76.14808178021315,1010.4812586825685,1,freeze
2024-03-21 23:00:00,28.3368536276511,76.14808178021315,1014.4755331496738,1,freeze
2024-03-22 00:00:00,28.956487058203162,76.14808178021315,1015.44886321493,1,freeze
2024-03-22 01:00:00,7.332326100322192,76.14808178021315,1017.9603040321716,1,freeze
2024-03-22 02:00:00,33.90417900385906,76.14808178021315,1010.4140837414237,1,freeze
2024-03-22 03:00:00,31.57693031672971,49.218906664304775,1013.7369149386386,0,none
2024-03-22 04:00:00,34.36255232802938,41.64430943280303,1010.1139900513423,0,none
2024-03-22 05:00:00,35.50983082991162,43.73565743764825,1012.3263131258124,0,none
2024-03-22 06:00:00,32.504869398217664,43.56505926176502,1014.4516000342616,0,none
2024-03-22 07:00:00,35.492219041845615,39.26807923457329,1011.3099568518978,0,none
2024-03-22 08:00:00,,51.07464406742908,1013.8647464859168,1,null
2024-03-22 09:00:00,34.42409423921128,54.02178090930405,1013.0341747099178,0,none
2024-03-22 10:00:00,32.42758210727015,51.40986164757601,1014.1031439924772,0,none
2024-03-22 11:00:00,31.35817437463531,59.15767424036868,1013.707348710423,0,none
2024-03-22 12:00:00,28.802999611347463,65.75651071170378,1014.7656271393046,0,none
2024-03-22 13:00:00,28.316411640070744,63.68200754419779,1011.852329096675,0,none
2024-03-22 14:00:00,28.50114237954154,70.58624840807359,1012.7853299030605,0,none
2024-03-22 15:00:00,26.18567702446566,63.48764611470649,1013.0860344557668,0,none
2024-03-22 16:00:00,25.30641272462816,67.69535701609888,1012.0130018446957,0,none
2024-03-22 17:00:00,24.67651274834044,79.77752337978713,1015.9285375414073,0,none
2024-03-22 18:00:00,22.93039882990235,75.27887293514938,1013.422101605508,0,none
2024-03-22 19:00:00,24.200198617786032,67.85966481301112,1014.6621990305847,0,none
2024-03-22 20:00:00,25.28548157173985,66.52025481232046,1014.5561267943594,0,none
2024-03-22 21:00:00,24.543927401833805,72.43129449077738,1014.4214565802471,0,none
2024-03-22 22:00:00,26.02716617087242,72.42416060069738,1016.3724701941892,0,none
2024-03-22 23:00:00,26.8667621341071,64.23906180482919,1011.7421106137061,0,none
2024-03-23 00:00:00,31.087848368293354,61.211097474059706,1012.1338822887957,0,none
2024-03-23 01:00:00,32.37518287854106,63.36393321470949,1014.6172482932742,0,none
2024-03-23 02:00:00,31.2735080930594,52.49971674197178,1013.4527358076518,0,none
2024-03-23 03:00:00,33.47137308949238,47.47394952086278,1009.7920055486588,0,none
2024-03-23 04:00:00,33.477983562230854,44.34995930599864,1015.2581957583528,0,none
2024-03-23 05:00:00,34.23885625741287,45.22466308620861,1014.8425259987973,0,none
2024-03-23 06:00:00,35.34562560707246,44.83546267160222,1015.5844823049639,0,none
2024-03-23 07:00:00,33.21930595704126,42.271733084305914,1010.8982766562515,0,none
2024-03-23 08:00:00,34.0630328894288,46.86190168930708,1015.6034046149181,0,none
2024-03-23 09:00:00,33.30438542107138,51.06339866118243,1012.1772804278652,0,none
2024-03-23 10:00:00,32.503772294649295,50.319482161148024,1011.9969839774865,0,none
2024-03-23 11:00:00,30.186358847228565,62.45632561009821,1013.173175790538,0,none
2024-03-23 12:00:00,31.09727549158077,60.31993773626475,1016.6147608447582,0,none
2024-03-23 13:00:00,30.364652742002757,65.26624974149841,1013.0532753044404,0,none
2024-03-23 14:00:00,27.48353925369756,68.68250311056924,1015.9296571516356,0,none
2024-03-23 15:00:00,26.028374717836474,70.71190242420988,1014.1469471479177,0,none
2024-03-23 16:00:00,23.765692731648983,71.47627567156135,1013.6913107158445,0,none
2024-03-23 17:00:00,25.33093493035267,76.70103460824873,1012.1315568815111,0,none
2024-03-23 18:00:00,25.31042903384278,72.62609488961832,1015.4620979814234,0,none
2024-03-23 19:00:00,24.272966234987315,75.73308822524643,1012.324993562591,0,none
2024-03-23 20:00:00,25.498871838705593,72.78792807132915,1014.1591049177425,0,none
2024-03-23 21:00:00,26.849461585064933,71.14126393140168,1013.0094548041058,0,none
2024-03-23 22:00:00,27.89133487423498,67.44169001950549,1008.1411769498694,0,none
2024-03-23 23:00:00,29.614310137533298,65.2335089465636,1014.7875226704646,0,none
2024-03-24 00:00:00,45.66607257387435,60.57862446280548,1011.655641473014,1,spike
2024-03-24 01:00:00,30.754765886839483,60.6302668990552,1013.6016840427974,0,none
2024-03-24 02:00:00,33.061525102392984,52.144175088024554,1011.5600036777444,0,none
2024-03-24 03:00:00,34.35952016587881,54.5126527565017,1012.391413960285,0,none
2024-03-24 04:00:00,32.606126354085276,49.76360690971462,1009.3101412529223,0,none
2024-03-24 05:00:00,35.99211064768445,44.44050043818358,1015.1052366230565,0,none
2024-03-24 06:00:00,34.243743693031966,43.35957318191107,1011.0213696669008,0,none
2024-03-24 07:00:00,32.58161925600534,48.08544340706916,1010.2368951975662,0,none
2024-03-24 08:00:00,35.36089523309298,45.34465560366981,1015.2896317477811,0,none
2024-03-24 09:00:00,32.022886565221874,49.07325898696209,1014.7326192101731,0,none
2024-03-24 10:00:00,33.33786780663483,55.34008769886707,1011.0426236950635,0,none
2024-03-24 11:00:00,30.498648266626716,57.42023961099128,1016.1372158644731,0,none
2024-03-24 12:00:00,30.35284236777835,58.71084295509284,1009.8786143437413,0,none
2024-03-24 13:00:00,29.23329082685193,67.0867351813072,1011.930678057129,0,none
2024-03-24 14:00:00,29.309924139762185,70.88899781101344,1011.9348078589188,0,none
2024-03-24 15:00:00,26.1236107655018,70.39624786804607,1018.7957506210769,0,none
2024-03-24 16:00:00,26.48102912581766,68.56555770894558,1013.1521289835898,0,none
2024-03-24 17:00:00,24.66265725584757,75.10243897054613,1016.417573666447,0,none
2024-03-24 18:00:00,27.042641808511867,77.58812723955577,1012.7594916976263,0,none
2024-03-24 19:00:00,26.675218752823273,71.31095784503775,1012.9632651167881,0,none
2024-03-24 20:00:00,26.135105408912136,69.70656623584729,1012.4675846210436,0,none
2024-03-24 21:00:00,25.899478575830816,69.91366792767975,1011.331105531686,0,none
2024-03-24 22:00:00,27.597541270355457,64.41839262671661,1010.1834453108747,0,none
2024-03-24 23:00:00,27.835959696691965,64.47591588935943,1013.9921218812005,0,none
2024-03-25 00:00:00,30.159722203929192,55.42733975082372,1012.1278283074034,0,none
2024-03-25 01:00:00,31.168822382289306,55.14053303090496,1014.5441156363598,0,none
2024-03-25 02:00:00,32.14310547179721,50.65842982728338,1009.9442528449246,0,none
2024-03-25 03:00:00,33.426293540566554,45.28540336462015,1012.4656416819661,0,none
2024-03-25 04:00:00,35.61552633665098,45.710064371335946,1012.1372609433248,0,none
2024-03-25 05:00:00,36.376526696737216,46.36175735647612,1015.9977593471856,0,none
2024-03-25 06:00:00,36.699292319917774,47.267211745270544,1016.5808932036418,1,drift
2024-03-25 07:00:00,35.36035554363363,48.756200600481016,1014.0119479311068,1,drift
2024-03-25 08:00:00,33.67695551614527,51.34273321173116,1010.6687737990352,1,drift
2024-03-25 09:00:00,33.54416795693596,53.07656288838682,1019.2847070453295,1,drift
2024-03-25 10:00:00,32.95821780421591,54.6627265737931,1016.2976791681036,1,drift
2024-03-25 11:00:00,31.22773921323765,54.77005755115374,1011.3285076786317,1,drift
2024-03-25 12:00:00,31.013973009352572,57.774829267903996,1019.6148259228543,1,drift
2024-03-25 13:00:00,28.538109547878456,66.58893452086691,1014.8611863555566,1,drift
2024-03-25 14:00:00,27.19985698227637,65.32291071237758,1017.3136637180164,1,drift
2024-03-25 15:00:00,27.404915163665205,70.83561490915865,1015.9078250696817,1,drift
2024-03-25 16:00:00,26.298643332015377,78.8061992948325,1019.2041312472965,1,drift
2024-03-25 17:00:00,23.791722387277808,78.83642865999826,1020.2394566035582,1,drift
2024-03-25 18:00:00,26.928639140054454,76.09667117078591,1014.3675628477517,1,drift
2024-03-25 19:00:00,25.302962059583226,80.29811223144905,1020.3237165081779,1,drift
2024-03-25 20:00:00,26.46737119763086,73.7075565402677,1020.1107350531261,1,drift
2024-03-25 21:00:00,26.608643227453836,70.37241964771594,1023.0209489104335,1,drift
2024-03-25 22:00:00,27.794799986517155,69.5393345148923,1019.7576084980835,1,drift
2024-03-25 23:00:00,30.383302096776973,65.51739938963638,1018.8733388660879,1,drift
2024-03-26 00:00:00,30.8415616521811,62.19284216730622,1021.1964962129173,1,drift
2024-03-26 01:00:00,29.90029018155729,61.500421436019806,1018.8983822573766,1,drift
2024-03-26 02:00:00,32.949072130430295,49.04592632555081,1018.8537381553452,1,drift
2024-03-26 03:00:00,33.297226344762684,48.56096921532953,1020.8573227902,1,drift
2024-03-26 04:00:00,32.884343184606735,43.16316504596012,1020.6625396694243,1,drift
2024-03-26 05:00:00,36.37102681476638,42.13580965964593,1023.3030870524893,1,drift
2024-03-26 06:00:00,34.47786847067925,44.74719371406726,1017.6485263118061,0,none
2024-03-26 07:00:00,35.413547849770374,44.02575280243894,1013.0177505855697,0,none
2024-03-26 08:00:00,33.4835852015303,46.823573725248885,1013.0110904849461,0,none
2024-03-26 09:00:00,33.99838780561936,50.52267015737791,1010.4161559471928,0,none
2024-03-26 10:00:00,32.891128510711766,54.10125804315409,1011.2035984484266,0,none
2024-03-26 11:00:00,32.48163445689883,55.54924845033602,1013.3888268645959,0,none
2024-03-26 12:00:00,31.014629360267115,61.0494976010774,1009.636331318195,0,none
2024-03-26 13:00:00,30.06476627195061,67.10674901269806,1012.5192844410185,0,none
2024-03-26 14:00:00,27.27648946292737,62.92934754521089,1013.8310585013078,0,none
2024-03-26 15:00:00,26.23017459357315,71.85596592330215,1011.9558636614157,0,none
2024-03-26 16:00:00,25.70203616844691,75.31199511395934,1013.4508195253802,0,none
2024-03-26 17:00:00,26.517834865835557,78.29044160871344,1013.8105423552202,0,none
2024-03-26 18:00:00,24.08163360795842,74.9870191086397,1013.3793979537282,0,none
2024-03-26 19:00:00,24.621183349347383,71.99277596219405,1011.9026574714992,0,none
2024-03-26 20:00:00,24.77198342426339,72.58392102903566,1007.6813547914254,0,none
2024-03-26 21:00:00,27.05818643328942,73.45425646506544,1011.3925363850867,0,none
2024-03-26 22:00:00,26.49915257398158,71.64922895423815,1016.9567471424764,0,none
2024-03-26 23:00:00,28.3365523187068,59.84156303248581,1014.7696436486834,0,none
2024-03-27 00:00:00,30.288347751716838,59.398908041015,1010.5606241311796,0,none
2024-03-27 01:00:00,32.694041979619335,57.656383313146094,1013.6907873991343,0,none
2024-03-27 02:00:00,31.822809147762285,49.802860264128284,1008.2848659517533,0,none
2024-03-27 03:00:00,33.407528842783535,46.45400781239041,1010.1818502761303,1,drift
2024-03-27 04:00:00,34.83794000569227,46.29964809444855,1012.2973255804951,1,drift
2024-03-27 05:00:00,34.81569940500576,54.180342243473575,1015.4986918459058,1,drift
2024-03-27 06:00:00,35.7160694287602,45.82277321195723,1014.0452279068176,1,drift
2024-03-27 07:00:00,36.31695442922654,46.7406063642873,1015.8827552864376,1,drift
2024-03-27 08:00:00,34.11281819030941,48.4809510367522,1014.3917241411405,1,drift
2024-03-27 09:00:00,33.16530913209456,47.88143747139014,1018.4948482967671,1,drift
2024-03-27 10:00:00,34.082607490663456,54.23446981198094,1018.0173788835714,1,drift
2024-03-27 11:00:00,31.26411725824721,53.77182590531478,1013.9856007736894,1,drift
2024-03-27 12:00:00,28.353602436519246,61.95195611658433,1013.1609839240139,1,drift
2024-03-27 13:00:00,27.849708293766053,61.49729650467069,1017.1608789418244,1,drift
2024-03-27 14:00:00,28.826845211044667,65.62710043275297,1019.0670677190221,1,drift
2024-03-27 15:00:00,26.13178056212703,78.63417153940135,1021.6208571451727,1,drift
2024-03-27 16:00:00,25.32753530999571,73.46505850085065,1018.9542942665172,1,drift
2024-03-27 17:00:00,23.928746305290574,74.21201172737753,1022.468001006394,1,drift
2024-03-27 18:00:00,23.78977526390961,76.95044768433785,1022.6797405236962,1,drift
2024-03-27 19:00:00,26.542834930912775,72.27513565790058,1018.8530183167911,1,drift
2024-03-27 20:00:00,26.454025146814402,68.85138302606894,1023.8333465584457,1,drift
2024-03-27 21:00:00,25.98307856292716,69.96104928639168,1018.3476069786229,1,drift
2024-03-27 22:00:00,27.987574980125615,69.88758321693668,1021.0087478887784,1,drift
2024-03-27 23:00:00,29.74431245906725,68.61248198372293,1020.862163353494,1,drift
2024-03-28 00:00:00,30.744808945467646,70.14465225946292,1021.4638449829449,1,drift
2024-03-28 01:00:00,31.8585907552835,53.72361112548333,1022.6862542062877,1,drift
2024-03-28 02:00:00,32.90366047589081,51.27810391603367,1022.7034202073844,1,drift
2024-03-28 03:00:00,33.607100280515,46.373536238870564,1009.4395884121507,0,none
2024-03-28 04:00:00,32.924989682595964,44.23547424532889,1012.2136864712521,0,none
2024-03-28 05:00:00,34.58437968714266,50.09357929011785,1011.9961270388663,0,none
2024-03-28 06:00:00,33.09607986432293,43.75493482341389,1018.2373017536272,0,none
2024-03-28 07:00:00,35.127934426969006,44.09280821697534,1015.823027825857,0,none
2024-03-28 08:00:00,33.64282757464623,47.12950385599043,1012.9152766248616,0,none
2024-03-28 09:00:00,34.16484493743253,50.5609163392641,1012.1545078101276,0,none
2024-03-28 10:00:00,31.964551724614285,52.58743948684744,1010.2481498338084,0,none
2024-03-28 11:00:00,30.650527046176105,58.74484491140573,1011.1035670191521,0,none
2024-03-28 12:00:00,29.100842486335324,65.4640949341053,1012.2090724978523,0,none
2024-03-28 13:00:00,28.860189193520846,61.24203560237397,1015.0188910867249,0,none
2024-03-28 14:00:00,28.49380678510383,70.11195894999088,1011.5158531546732,0,none
2024-03-28 15:00:00,28.305288767700688,71.89551271172103,1012.3830215677416,0,none
2024-03-28 16:00:00,25.476212888261426,75.77180351890915,1011.1429838746031,0,none
2024-03-28 17:00:00,24.288959410549797,74.59122978147036,1014.4887809962659,0,none
2024-03-28 18:00:00,24.727183727841027,77.42663825539417,1010.4265038733827,0,none
2024-03-28 19:00:00,26.344661181568004,77.93966272728451,1014.427578386513,0,none
2024-03-28 20:00:00,25.976317966309928,72.65644188176728,1010.3952922761492,0,none
2024-03-28 21:00:00,25.866784304054605,70.6952211420808,1011.1596193700186,0,none
2024-03-28 22:00:00,26.692222018386122,67.45782647727697,1011.6670425093811,0,none
2024-03-28 23:00:00,28.930212160676962,63.04007986502506,1010.0923779337417,0,none
2024-03-29 00:00:00,30.706338547925057,60.18817402889212,1013.0495156404512,0,none
2024-03-29 01:00:00,33.26899572079163,61.48253886430015,1012.9384054257678,0,none
2024-03-29 02:00:00,31.36921733046043,55.08279070588425,1012.3137348008959,0,none
2024-03-29 03:00:00,33.54820932361136,50.78687113658285,1012.3078132735629,0,none
2024-03-29 04:00:00,33.45968237952943,41.66153773133191,1014.4712810569514,0,none
2024-03-29 05:00:00,34.93250513727411,48.25411769685407,1016.9352757449059,0,none
2024-03-29 06:00:00,33.99648234636231,43.67448824555674,1012.6960279420501,0,none
2024-03-29 07:00:00,34.584637152374974,48.2451389817186,1011.6171339359609,0,none
2024-03-29 08:00:00,32.39648895446436,44.552841255578066,1015.4324067661081,0,none
2024-03-29 09:00:00,33.30168621015351,50.000792305365245,1011.7045483482891,0,none
2024-03-29 10:00:00,31.9670521184877,51.38854999795618,1016.530628885867,0,none
2024-03-29 11:00:00,29.531146865933703,54.468609807415866,1013.4347144838412,0,none
2024-03-29 12:00:00,,63.98081242481707,1012.6303809229597,1,null
2024-03-29 13:00:00,29.13147634344146,68.88219957563105,1010.5237057378164,0,none
2024-03-29 14:00:00,27.668235980757622,65.4227010911732,1009.0318963894454,0,none
2024-03-29 15:00:00,27.12431265615855,71.2393815106086,1012.1762847686366,0,none
2024-03-29 16:00:00,24.79177780364454,72.88430740514943,1012.4241858836211,0,none
2024-03-29 17:00:00,25.550838044986993,68.44355766523539,1012.8029468537188,0,none
2024-03-29 18:00:00,24.64601532353704,74.33334932657944,1016.3401773256704,0,none
2024-03-29 19:00:00,41.2131382481888,71.471856795646,1013.3856314453433,1,spike
2024-03-29 20:00:00,50.19460260748357,78.55254278810125,1011.1146807860486,1,spike
2024-03-29 21:00:00,28.61595579767896,68.55054245828666,1015.6358456047985,0,none
2024-03-29 22:00:00,28.19853385167957,63.496340861756714,1011.9636164918699,0,none
2024-03-29 23:00:00,29.882646166482562,60.63457976311752,1016.4825783271946,0,none
2024-03-30 00:00:00,29.862532766602595,57.52830331300195,1017.1654134627887,0,none
2024-03-30 01:00:00,29.771860590051695,58.72287113924755,1010.3597008837944,0,none
2024-03-30 02:00:00,29.991596078072895,49.500026527297265,1011.5303620010405,0,none
2024-03-30 03:00:00,33.308378522452706,54.6867536630863,1013.6598917757575,0,none
2024-03-30 04:00:00,34.83868062889741,43.74195881846371,1010.7347429148685,0,none
2024-03-30 05:00:00,35.0377772255323,49.64199730117538,1013.8962329249482,0,none
2024-03-30 06:00:00,35.60648541749731,46.90641376378859,1012.7350572753078,0,none
2024-03-30 07:00:00,35.67313436034714,44.92490909465458,1011.1321738424485,0,none
2024-03-30 08:00:00,35.10343223401046,41.82013262488354,1017.0486283014476,0,none
2024-03-30 09:00:00,32.87053789131404,49.50271481617343,1013.4590511089765,0,none
2024-03-30 10:00:00,34.254977935568284,55.46088450945899,1010.8689630844068,0,none
2024-03-30 11:00:00,33.09197848901203,56.95049070272877,1013.4985591597573,0,none
2024-03-30 12:00:00,31.503268380018966,61.158478525281076,1013.898835319023,0,none
2024-03-30 13:00:00,30.90352383725902,67.49320819347554,1014.4119943980473,0,none
2024-03-30 14:00:00,26.961911709144044,68.79583520886958,1014.6081786949595,0,none
2024-03-30 15:00:00,26.606952200829028,71.91837814634738,1011.4855362676637,0,none
2024-03-30 16:00:00,24.99534046773778,76.09129387358551,1014.3803891329678,0,none
2024-03-30 17:00:00,23.674035324055396,77.27158849102219,1015.9456858900842,0,none
2024-03-30 18:00:00,23.87324411693715,85.21961452296529,1011.8035712156857,0,none
2024-03-30 19:00:00,25.48604139426512,73.87238186131552,1007.2947161443337,0,none
2024-03-30 20:00:00,25.112198942056544,73.24685947590308,1014.7315601335968,0,none
2024-03-30 21:00:00,25.58654046622767,71.60044172691255,1013.5635791968642,0,none
2024-03-30 22:00:00,27.940090338528822,68.00697355467463,1011.8865490123287,0,none
2024-03-30 23:00:00,28.682883688665104,60.77869725244551,1008.1151846872715,0,none
2024-03-31 00:00:00,31.7508626179734,59.49928276783145,1016.9727543803665,0,none
2024-03-31 01:00:00,29.835864135014262,56.95826882255179,1014.1877194739036,0,none
2024-03-31 02:00:00,29.82257733817281,47.85803348441499,1014.9916377256111,0,none
2024-03-31 03:00:00,32.707063431917646,50.14702108460123,1016.7981717093857,0,none
2024-03-31 04:00:00,35.43531887645289,46.50507501035635,1016.3411030223391,0,none
2024-03-31 05:00:00,33.808612310232846,44.473909576444356,1008.893968705789,0,none
2024-03-31 06:00:00,32.94893903032354,42.73603724981837,1015.5457166169991,0,none
2024-03-31 07:00:00,34.65974846039999,47.700392699586956,1012.9083515536792,0,none
2024-03-31 08:00:00,33.88369384417879,47.42579896371571,1012.3282811344945,0,none
2024-03-31 09:00:00,31.09599266277137,45.70122584400174,1014.3770931747807,0,none
2024-03-31 10:00:00,33.025981186715086,51.07757577495994,1016.5669608647199,0,none
2024-03-31 11:00:00,31.41937576687041,60.3527554951162,1011.3015862245676,0,none
2024-03-31 12:00:00,30.300964395767334,58.044974866396856,1011.3256381376397,0,none
2024-03-31 13:00:00,28.477862814557756,67.18286304583731,1014.8576026948089,0,none
2024-03-31 14:00:00,27.95099678559003,65.73028886184858,1012.1944028707113,0,none
2024-03-31 15:00:00,26.04246000015667,66.92926408470095,1012.30556133219,0,none
2024-03-31 16:00:00,26.109832611728674,80.65642233624556,1013.7175873965618,0,none
2024-03-31 17:00:00,25.165248540764573,73.97825753276898,1012.5539098120279,0,none
2024-03-31 18:00:00,23.90115779804132,75.42000881010061,1012.1368978279964,0,none
2024-03-31 19:00:00,24.287862949092442,77.68212819288871,1011.8581480118843,0,none
2024-03-31 20:00:00,26.638692543416,75.09296060080683,1009.8589949678637,0,none
2024-03-31 21:00:00,25.414577787629803,70.43344147431307,1012.1054859020535,0,none
2024-03-31 22:00:00,27.541292692258953,62.529398620089765,1012.6770573115081,0,none
2024-03-31 23:00:00,27.828259174971095,61.25296066334055,1014.7983161910375,0,none
2024-04-01 00:00:00,31.02225559868008,65.28417641603839,1011.9630288763727,0,none
2024-04-01 01:00:00,31.873084559280446,61.448345489062746,1015.5818487451672,0,none
2024-04-01 02:00:00,34.66371947448429,52.124425407319606,1011.7537767575789,0,none
2024-04-01 03:00:00,31.930415369195053,48.35911316420993,1012.7378688336144,0,none
2024-04-01 04:00:00,36.24324261036939,43.28404144079251,1010.3246932684754,0,none
2024-04-01 05:00:00,34.79254719141334,41.726720412713206,1011.7589096521759,0,none
2024-04-01 06:00:00,34.103218860792595,47.17579064981659,1010.735007185881,0,none
2024-04-01 07:00:00,34.48220743617713,50.09437614702921,1011.9714492599032,0,none
2024-04-01 08:00:00,34.2991352411481,42.028781426630744,1012.9341689158404,0,none
2024-04-01 09:00:00,32.08320589744484,53.86342851566548,1014.0574285621781,0,none
2024-04-01 10:00:00,31.27236546167538,52.15425242003861,1014.5491170973298,0,none
2024-04-01 11:00:00,31.038726806990542,52.92645541743393,1014.2292692765949,0,none
2024-04-01 12:00:00,29.437398004074037,54.34159919069282,1011.749282325615,0,none
2024-04-01 13:00:00,28.29727668010144,62.16004530806247,1017.4501725965173,0,none
2024-04-01 14:00:00,27.47351836936115,68.09229035410979,1008.066447787327,0,none
2024-04-01 15:00:00,27.073313185317215,72.64509978275788,1010.3375471607025,0,none
2024-04-01 16:00:00,25.228840149428283,78.04741401286188,1013.0356441831634,0,none
2024-04-01 17:00:00,24.449544672204073,72.70649960567539,1014.2866334031906,0,none
2024-04-01 18:00:00,25.35858534210829,77.01841915460083,1012.6600815242783,0,none
2024-04-01 19:00:00,26.545321589899398,73.34276555212992,1015.6059345957073,0,none
2024-04-01 20:00:00,24.90369981340171,72.72467323153192,1013.5177486830523,0,none
2024-04-01 21:00:00,25.320918597295687,67.4852014737967,1012.9330511298034,0,none
2024-04-01 22:00:00,29.17918824344225,67.39327052980657,1010.2713239200674,0,none
2024-04-01 23:00:00,28.63396183667754,66.36301630600364,1016.3441802424434,0,none
2024-04-02 00:00:00,30.944134976177306,55.80915305152945,1011.6015948173155,0,none
2024-04-02 01:00:00,29.69009164746092,58.92202987124719,1012.847724881826,0,none
2024-04-02 02:00:00,32.04131545651572,51.20946841254819,1017.1394112915174,0,none
2024-04-02 03:00:00,32.30922571103128,51.543408641730004,1013.2247437677208,0,none
2024-04-02 04:00:00,34.93266741826404,46.807878926819555,1014.250047094717,0,none
2024-04-02 05:00:00,36.39307164043058,47.31047268006359,1010.9543857202764,0,none
2024-04-02 06:00:00,36.269696577000964,41.73434494556814,1014.8332903959125,1,freeze
2024-04-02 07:00:00,35.501650533290416,41.73434494556814,1011.8025754525464,1,freeze
2024-04-02 08:00:00,33.54081353916321,41.73434494556814,1013.6981996856604,1,freeze
2024-04-02 09:00:00,32.736163274633405,41.73434494556814,1009.0016530624753,1,freeze
2024-04-02 10:00:00,32.13766454506913,41.73434494556814,1014.2513926391581,1,freeze
2024-04-02 11:00:00,29.729722673877387,41.73434494556814,1014.6161101204531,1,freeze
2024-04-02 12:00:00,29.807463673571398,56.29571618760937,1014.9436640604592,0,none
2024-04-02 13:00:00,28.56043095251717,61.57706036964416,1013.1227873488208,0,none
2024-04-02 14:00:00,28.027292640542903,68.73884751962528,1014.7694939110086,0,none
2024-04-02 15:00:00,24.728751257487122,64.37328334139728,1014.0759969691469,0,none
2024-04-02 16:00:00,24.56804643452964,71.50052700592929,1012.876289342669,0,none
2024-04-02 17:00:00,25.618749427244992,83.07345514083352,1013.5392417444556,0,none
2024-04-02 18:00:00,24.76144872851932,77.39430343149817,1011.8538080303687,0,none
2024-04-02 19:00:00,25.00012117961168,79.37430716962253,1012.9905407595155,0,none
2024-04-02 20:00:00,27.771383504433974,74.547140700768,1012.5511942381567,0,none
2024-04-02 21:00:00,28.90415130606784,67.17660556128273,1011.034727248451,0,none
2024-04-02 22:00:00,28.828149894773084,68.23608763914177,1013.0140385645564,0,none
2024-04-02 23:00:00,26.724653505094278,64.38684078463534,1013.226194263065,0,none
2024-04-03 00:00:00,28.17101395320042,58.87385966406226,1012.5067483431046,0,none
2024-04-03 01:00:00,,54.775750419438054,1013.4676761043936,1,null
2024-04-03 02:00:00,33.5030901146593,52.20151192274679,1011.4311167656027,0,none
2024-04-03 03:00:00,34.33712260692981,44.64127779653478,1013.682713527508,0,none
2024-04-03 04:00:00,34.7934063600898,44.534924050711396,1008.9576424317814,0,none
2024-04-03 05:00:00,35.21861235679417,42.56933604516762,1010.9066975947397,0,none
2024-04-03 06:00:00,33.706661110842255,45.93572289813458,1011.5365226023497,0,none
2024-04-03 07:00:00,35.38162152349725,43.4355994651383,1015.7434778663967,0,none
2024-04-03 08:00:00,32.06608787289893,43.702182525488276,1015.0435020189426,0,none
2024-04-03 09:00:00,33.60075325705587,49.85487059150179,1012.91763033251,0,none
2024-04-03 10:00:00,31.468668481121956,56.611160282221405,1010.2359524965673,0,none
2024-04-03 11:00:00,29.211590070002202,58.41765282035344,1007.2009628319829,0,none
2024-04-03 12:00:00,30.052461187071813,61.652992514271496,1014.2687893594883,0,none
2024-04-03 13:00:00,29.37951083378923,64.50560311083159,1010.4126322286127,0,none
2024-04-03 14:00:00,28.443883820619956,65.18332271670654,1015.4160765094604,0,none
2024-04-03 15:00:00,25.983953087530182,64.6125108717566,1017.0181278864038,0,none
2024-04-03 16:00:00,25.770679588588088,71.51436197554838,1009.1720041415743,0,none
2024-04-03 17:00:00,24.38873201433038,71.85352146237004,1014.319759631401,0,none
2024-04-03 18:00:00,24.55440138009171,67.30417558662619,1011.3609311322784,0,none
2024-04-03 19:00:00,25.461244997787958,71.52616261457528,1011.1320417149111,0,none
2024-04-03 20:00:00,26.616889846882376,73.5329258409138,1013.1021312690385,0,none
2024-04-03 21:00:00,25.709892361648112,76.12337832599776,1011.0283192084859,0,none
2024-04-03 22:00:00,27.851159507996037,71.86127051473022,1009.0459736481841,0,none
2024-04-03 23:00:00,26.66992347725863,65.63578305330975,1010.2906944089422,0,none
2024-04-04 00:00:00,29.33774641322329,60.66310022611604,1017.0973198178302,0,none
2024-04-04 01:00:00,30.62228394327782,55.506856631844336,1012.9468724776949,0,none
2024-04-04 02:00:00,34.32043884832374,50.68049228820743,1011.0857468154384,0,none
2024-04-04 03:00:00,33.99649017237357,46.8732397867348,1014.3314024780897,0,none
2024-04-04 04:00:00,35.957440055007204,50.99178758433864,1013.692303477276,0,none
2024-04-04 05:00:00,35.25367612605327,47.05661830545718,1011.0417776764805,0,none
2024-04-04 06:00:00,34.983363035331315,40.205818540494064,1014.8551555042307,0,none
2024-04-04 07:00:00,33.77531415184068,39.875352605962505,1015.1925554010803,0,none
2024-04-04 08:00:00,32.0281331672035,44.919483816326675,1013.9603140561921,0,none
2024-04-04 09:00:00,33.615775921641074,51.518648279349776,1010.2359514090235,0,none
2024-04-04 10:00:00,32.39720841852623,48.817469050133944,1017.4314761540785,0,none
2024-04-04 11:00:00,30.855933143829542,53.91089772502417,1013.0786035955505,0,none
2024-04-04 12:00:00,30.537749774443924,57.28828101720644,1007.0941919481033,0,none
2024-04-04 13:00:00,28.498100358009786,59.24191469870523,1014.8175003618509,0,none
2024-04-04 14:00:00,27.048876672582427,68.50653049061307,1013.3652595066173,0,none
2024-04-04 15:00:00,25.739761735795106,69.34669591589349,1016.7858671971703,0,none
2024-04-04 16:00:00,26.11472370900198,76.99231364211505,1009.6826919430638,0,none
2024-04-04 17:00:00,25.883204794762978,71.59207480735961,1011.7042496202756,0,none
2024-04-04 18:00:00,24.668355177869262,76.4875031332059,1014.2266595503908,0,none
2024-04-04 19:00:00,23.85412426274574,75.02354872530033,1013.901843626549,0,none
2024-04-04 20:00:00,26.63795838216401,72.18815518499919,1013.4597062533893,0,none
2024-04-04 21:00:00,26.314926870352302,76.68054564707599,1011.4377203122002,0,none
2024-04-04 22:00:00,27.073950898573663,68.64651168144242,1014.2338384120883,0,none
2024-04-04 23:00:00,28.71809005494156,64.19196894537949,1009.3494048629838,0,none
2024-04-05 00:00:00,32.2131750694984,61.085321673053144,1010.6146432081262,0,none
2024-04-05 01:00:00,29.546117627492464,52.7794316996795,1013.8123121882746,0,none
2024-04-05 02:00:00,32.05957145744949,51.739516752641244,1012.1421461777053,0,none
2024-04-05 03:00:00,35.075625453710025,49.02917881642791,1011.9584162359116,0,none
2024-04-05 04:00:00,34.90524811059834,41.88054189123272,1012.043834720431,0,none
2024-04-05 05:00:00,34.03070144743491,40.85510799922748,1010.3485840115654,0,none
2024-04-05 06:00:00,35.697024486527106,44.740667155469744,1010.1891047874184,0,none
2024-04-05 07:00:00,34.4354523258722,48.257461289465695,1015.0282017476209,0,none
2024-04-05 08:00:00,34.48232572079504,41.80700787857821,1012.9059501963618,0,none
2024-04-05 09:00:00,32.86077937017353,47.836955857124885,1014.7673084070211,0,none
2024-04-05 10:00:00,31.77184163792861,54.36674296817031,1013.8475171484378,0,none
2024-04-05 11:00:00,31.981363928512845,56.70497896493,1013.6865077614138,0,none
2024-04-05 12:00:00,29.44928671466221,66.76421679374182,1014.0310043574437,0,none
2024-04-05 13:00:00,29.448872767086144,64.8425988226729,1009.3069099142608,0,none
2024-04-05 14:00:00,29.44219313479675,70.92849567615224,1013.9088450364194,0,none
2024-04-05 15:00:00,27.45318630991961,68.56092553587224,1013.7153895699142,0,none
2024-04-05 16:00:00,25.80920119452309,77.5405049735357,1013.1075036420463,0,none
2024-04-05 17:00:00,24.295842727647027,71.12593828386825,1016.3373109237737,0,none
2024-04-05 18:00:00,25.57108693113205,73.20515703200368,1014.8992962289884,0,none
2024-04-05 19:00:00,25.095488301216367,77.39627140773524,1014.4408274489675,0,none
2024-04-05 20:00:00,24.043681118278556,78.34734055265089,1015.3565449287651,0,none
2024-04-05 21:00:00,25.301771538157833,70.95500657342431,1011.6231355561455,0,none
2024-04-05 22:00:00,28.190998196422225,66.67932944653408,1012.6887739059116,0,none
2024-04-05 23:00:00,28.571776809925666,61.609222024879564,1011.6793400075222,0,none
2024-04-06 00:00:00,31.76573393296737,67.42646623791524,1015.1342880865436,0,none
2024-04-06 01:00:00,30.427437719004683,55.025644504713426,1013.1711065339281,0,none
2024-04-06 02:00:00,32.16123577219921,53.147160603655145,1013.2969187228568,0,none
2024-04-06 03:00:00,33.112296444479966,44.6577656408588,1012.2003397985852,0,none
2024-04-06 04:00:00,34.15972050377794,44.98432544477263,1010.9600040613251,0,none
2024-04-06 05:00:00,33.542178643632376,51.332184641441046,1014.08038979765,0,none
2024-04-06 06:00:00,34.40807821795793,46.211346896117654,1012.2223673604332,0,none
2024-04-06 07:00:00,36.26498314721286,40.122138903177024,1015.8037292448042,0,none
2024-04-06 08:00:00,33.650670788931386,44.16616288386264,1011.6215852612673,0,none
2024-04-06 09:00:00,31.210763831761398,49.847101623341764,1014.8780511353903,0,none
2024-04-06 10:00:00,31.20796757863765,53.14380455731028,1012.0146141379248,0,none
2024-04-06 11:00:00,29.67965782461608,55.36980426407788,1013.7184915331053,0,none
2024-04-06 12:00:00,30.87560849260216,61.44999347338281,1013.6048340513702,0,none
2024-04-06 13:00:00,27.936339875232978,64.37067131708717,1014.2348811805789,0,none
2024-04-06 14:00:00,27.827040826369345,72.708595629929,1014.324598793721,0,none
2024-04-06 15:00:00,26.228963405297335,71.01932468688814,1012.3225607679311,0,none
2024-04-06 16:00:00,25.42729778241798,70.57155580547634,1012.3807474333273,0,none
2024-04-06 17:00:00,24.892013414205834,73.10330817085547,1015.7910002002114,0,none
2024-04-06 18:00:00,23.59087821400959,72.04308113144356,1013.5910192603689,0,none
2024-04-06 19:00:00,24.662256173451922,72.9471529887065,1010.9636892483184,0,none
2024-04-06 20:00:00,25.621417084617576,69.81786651235186,1010.9171935509792,0,none
2024-04-06 21:00:00,27.185087437086498,72.85302282992419,1012.3824662057517,0,none
2024-04-06 22:00:00,26.631235196812806,64.40261970307563,1010.6077912836364,0,none
2024-04-06 23:00:00,28.883977136553412,65.07356118875391,1014.0844917831271,0,none
2024-04-07 00:00:00,30.83771492429375,64.56981291707629,1011.464886586976,0,none
2024-04-07 01:00:00,30.50800294578489,54.434094192593975,1012.3417072292827,0,none
2024-04-07 02:00:00,32.47103913849689,51.95112936400043,1013.9366637684149,0,none
2024-04-07 03:00:00,31.829660473823644,51.03919172231645,1011.859655031225,0,none
2024-04-07 04:00:00,33.617982137529985,46.24235347636089,1015.6709981238315,0,none
2024-04-07 05:00:00,,42.7051017464372,1014.2682172556017,1,null
2024-04-07 06:00:00,34.29905422621336,43.45522327251569,1011.830124499219,0,none
2024-04-07 07:00:00,35.704238422052676,43.77521120545534,1009.6067376313725,0,none
2024-04-07 08:00:00,33.308871406461456,45.94848658459386,1010.4055827177865,0,none
2024-04-07 09:00:00,32.4375805821389,57.91127550320731,1016.9088080004309,0,none
2024-04-07 10:00:00,32.413522780176734,52.442923599143555,1009.5773878469091,0,none
2024-04-07 11:00:00,29.59738330760897,59.3980899939046,1016.1495524918827,0,none
2024-04-07 12:00:00,30.17215255364822,56.06384791535515,1014.4561052864226,0,none
2024-04-07 13:00:00,26.682369875761655,58.5630465507188,1012.9805314853709,0,none
2024-04-07 14:00:00,27.33797687859979,68.9228532389157,1012.9888792343164,0,none
2024-04-07 15:00:00,27.326335231664938,75.55311354909814,1011.536286604947,0,none
2024-04-07 16:00:00,26.161151181650265,71.46115313474226,1014.0327752599982,0,none
2024-04-07 17:00:00,25.128333567646763,78.08668872045997,1007.6322758327664,0,none
2024-04-07 18:00:00,25.42538447154259,80.72286484703477,1012.2568122948201,0,none
2024-04-07 19:00:00,26.315264144997123,75.42429481045183,1012.7205367675014,0,none
2024-04-07 20:00:00,25.68947368946385,74.73707730892198,1012.6359622267571,0,none
2024-04-07 21:00:00,28.32468296857291,68.06818802254023,1012.210042275402,0,none
2024-04-07 22:00:00,27.765201508708387,67.55743633736681,1010.1526745075812,0,none
2024-04-07 23:00:00,28.10584865995414,64.89931042256117,1014.240118794976,0,none
2024-04-08 00:00:00,29.134038330817766,55.890920522006766,1015.5891609730579,0,none
2024-04-08 01:00:00,32.270599596729525,57.78147305131215,1016.0921632398048,0,none
2024-04-08 02:00:00,31.373552707382707,53.14596092453464,1015.1081799861287,0,none
2024-04-08 03:00:00,33.2239381626833,54.28421657949604,1015.1993358536707,0,none
2024-04-08 04:00:00,35.5329593042797,42.464656925799304,1013.5522206270462,0,none
2024-04-08 05:00:00,34.57837128911429,45.56992034377865,1012.1757725785653,0,none
2024-04-08 06:00:00,35.828832648761725,45.76469814132799,1013.9953109724324,1,freeze
2024-04-08 07:00:00,34.82089765971609,45.76469814132799,1011.5759112468058,1,freeze
2024-04-08 08:00:00,33.64000856516764,45.76469814132799,1012.4899467442483,1,freeze
2024-04-08 09:00:00,32.25506222327649,45.76469814132799,1012.5235314367848,1,freeze
2024-04-08 10:00:00,31.671988710178958,45.76469814132799,1014.4319578304531,1,freeze
2024-04-08 11:00:00,32.135951399763776,45.76469814132799,1011.9064290764668,1,freeze
2024-04-08 12:00:00,29.677148595262526,56.927095891972755,1014.6709016742556,0,none
2024-04-08 13:00:00,30.254411002347876,66.02164943609671,1011.1491920820795,0,none
2024-04-08 14:00:00,27.985056990975906,63.39694485382226,1013.9270079309556,0,none
2024-04-08 15:00:00,25.340904656467504,70.06147317734555,1011.3700199276607,0,none
2024-04-08 16:00:00,26.956774330578718,73.19666120384808,1014.7051147505834,0,none
2024-04-08 17:00:00,25.077967121718025,73.08811517713625,1012.9570225576842,0,none
2024-04-08 18:00:00,25.448641422728,71.84345279048365,1014.6187490167017,0,none
2024-04-08 19:00:00,26.3920610902947,70.8384878772296,1013.9132744993718,0,none
2024-04-08 20:00:00,25.851000519861497,73.91032323014329,1013.4033967780382,0,none
2024-04-08 21:00:00,27.0605004908543,68.36427045101988,1014.55493213537,0,none
2024-04-08 22:00:00,26.35353555561593,69.11069185851592,1015.4443785723062,0,none
2024-04-08 23:00:00,27.64116719457708,61.856470082507386,1015.5073286803371,0,none
2024-04-09 00:00:00,30.68919093682233,62.412913545794844,1013.7249567433918,0,none
2024-04-09 01:00:00,30.95521935715066,53.880427546003204,1013.8802387275865,0,none
2024-04-09 02:00:00,33.8988280836551,46.80055565229876,1011.6044043460495,0,none
2024-04-09 03:00:00,32.62627473969924,50.45188850366137,1014.5951078628489,0,none
2024-04-09 04:00:00,34.555134059092985,48.299332300956976,1015.4937004960268,0,none
2024-04-09 05:00:00,34.89294150570401,42.045138144555146,1013.2550221015786,0,none
2024-04-09 06:00:00,35.65023927955175,42.33638127971292,1012.5686149485635,0,none
2024-04-09 07:00:00,34.5964955367861,48.1540029240639,1012.2546456427792,0,none
2024-04-09 08:00:00,35.749432107452215,50.70766882764273,1012.0635430776751,0,none
2024-04-09 09:00:00,33.0453118044962,47.140611688288885,1017.6124931857373,0,none
2024-04-09 10:00:00,32.31147017542575,51.6921244907545,1012.3663161195227,0,none
2024-04-09 11:00:00,30.018752512228854,57.78585114641404,1014.826523654969,0,none
2024-04-09 12:00:00,,60.41351842092143,1014.4606556453737,1,null
2024-04-09 13:00:00,29.819730058843085,61.0070475460846,1014.3010774828015,1,freeze
2024-04-09 14:00:00,28.270447530107965,61.0070475460846,1012.4068089624215,1,freeze
2024-04-09 15:00:00,24.553120254829462,61.0070475460846,1017.1847139759607,1,freeze
2024-04-09 16:00:00,27.86362254082524,61.0070475460846,1009.884501030736,1,freeze
2024-04-09 17:00:00,25.191979252542982,61.0070475460846,1014.4771235357997,1,freeze
2024-04-09 18:00:00,26.12239728873628,61.0070475460846,1013.5694520136861,1,freeze
2024-04-09 19:00:00,24.04429657186178,77.8042146843542,1012.4400955791957,0,none
2024-04-09 20:00:00,25.929471875052513,71.78950081361752,1013.2960155453264,0,none
2024-04-09 21:00:00,26.815312220769588,70.9517774405658,1012.3954439307322,0,none
2024-04-09 22:00:00,28.568984067624484,67.87931213271466,1009.769873744451,0,none
2024-04-09 23:00:00,27.25447238402678,58.632587038707726,1010.6862725494905,0,none
2024-04-10 00:00:00,31.801355074006686,61.55232086059727,1011.4582658277102,0,none
2024-04-10 01:00:00,30.781502048823896,54.1805062679404,1012.7198927077264,0,none
2024-04-10 02:00:00,32.708140589966874,51.02031854896248,1009.287415962233,0,none
2024-04-10 03:00:00,32.265879051172334,51.415723164775684,1008.6784203608546,0,none
2024-04-10 04:00:00,34.74922431158446,47.79289045259161,1013.7140394967744,0,none
2024-04-10 05:00:00,34.21361552779157,41.9258916858417,1009.2613293455313,0,none
2024-04-10 06:00:00,35.50232142330253,38.17268888267793,1010.9297396225539,0,none
2024-04-10 07:00:00,34.693681723755915,47.92302771851854,1011.5293699489748,0,none
2024-04-10 08:00:00,32.78281884513293,41.74659524011714,1009.5606735423493,0,none
2024-04-10 09:00:00,33.00763207614559,46.700234074902376,1013.676728857387,0,none
2024-04-10 10:00:00,34.63308413002603,49.69021364723733,1013.1219110901166,0,none
2024-04-10 11:00:00,32.28246137044954,52.325146009386174,1015.1991808582779,0,none
2024-04-10 12:00:00,32.44382338063722,59.89023748444197,1010.9264545425775,0,none
2024-04-10 13:00:00,28.110698522790173,59.07497185908762,1013.8404414749668,0,none
2024-04-10 14:00:00,27.830341063825895,71.23690778464389,1016.9776683703651,0,none
2024-04-10 15:00:00,27.5920561260996,67.9288733587323,1008.5599531122581,0,none
2024-04-10 16:00:00,25.37816622251902,82.14994509964615,1010.1666974753751,0,none
2024-04-10 17:00:00,24.84037911724914,75.29959370383125,1011.351598420724,0,none
2024-04-10 18:00:00,24.76328842108785,74.27137370465059,1011.5278069790518,0,none
2024-04-10 19:00:00,24.515358643704015,76.93296954893934,1014.3765085873779,0,none
2024-04-10 20:00:00,,71.863452240939,1011.5416267334423,1,null
2024-04-10 21:00:00,26.290331438560383,70.48085275837852,1012.0157714989992,0,none
2024-04-10 22:00:00,28.428631001681307,61.2480100926632,1011.3204765901776,0,none
2024-04-10 23:00:00,29.909362024042974,64.1476257821589,1016.0109538644381,0,none
2024-04-11 00:00:00,30.163573897892924,61.3966147906915,1014.0215719835218,0,none
2024-04-11 01:00:00,31.884947734962427,53.72324882833943,1016.5952962999992,0,none
2024-04-11 02:00:00,33.753552761036254,50.17646582289365,1010.9118060703438,0,none
2024-04-11 03:00:00,32.411275042792084,54.37275623804044,1011.3944963686255,0,none
2024-04-11 04:00:00,33.28345221850827,48.18020776144228,1011.2291637016917,0,none
2024-04-11 05:00:00,32.66829242947317,47.48160077265164,1013.923756850957,0,none
2024-04-11 06:00:00,35.23550400207896,47.16644559552124,1012.7523732773911,0,none
2024-04-11 07:00:00,35.2729822118027,44.75200097094194,1014.0250950300857,0,none
2024-04-11 08:00:00,35.58014122979108,46.599798168754425,1009.600469363918,0,none
2024-04-11 09:00:00,33.902917623076036,50.65989079289779,1013.5185649581689,0,none
2024-04-11 10:00:00,32.40044014210779,54.77838781192014,1014.1380937074706,0,none
2024-04-11 11:00:00,29.853549714372168,52.68227507650568,1014.7750399851052,0,none
2024-04-11 12:00:00,28.984373672877545,60.15575928472746,1014.5114780968546,0,none
2024-04-11 13:00:00,28.50394761390582,63.345806499616955,1012.0628231678672,0,none
2024-04-11 14:00:00,26.764564526596033,63.09303539185111,1011.4458929402232,0,none
2024-04-11 15:00:00,25.11645037876024,74.1256523880885,1011.7544329349571,0,none
2024-04-11 16:00:00,26.60369612923903,68.38507835008382,1011.5085322626954,0,none
2024-04-11 17:00:00,25.249392145432758,76.49610774772721,1010.8353839386857,0,none
2024-04-11 18:00:00,26.2644673881645,71.71140258078744,1012.5286493208849,0,none
2024-04-11 19:00:00,24.08656323457396,74.64950878122458,1013.8396449766648,0,none
2024-04-11 20:00:00,25.53113606504312,75.44444710573431,1012.5371332407707,0,none
2024-04-11 21:00:00,24.861342369845175,73.83505150049125,1013.3892389878832,0,none
2024-04-11 22:00:00,26.195508074559847,70.02214811250772,1012.3744928972495,0,none
2024-04-11 23:00:00,27.718249933930537,63.12389218081673,1013.1363958937665,0,none
2024-04-12 00:00:00,29.638889887529654,58.90069076512977,1009.7188460376672,0,none
2024-04-12 01:00:00,29.156282814055754,57.50851958086588,1012.8132113913696,0,none
2024-04-12 02:00:00,31.476938847761495,51.724142607503495,1014.8165938641517,0,none
2024-04-12 03:00:00,33.815052832588044,50.11804403382861,1012.3220821787529,0,none
2024-04-12 04:00:00,34.025942941933934,46.425093021831664,1011.0386934769618,0,none
2024-04-12 05:00:00,36.60212276025645,44.08461206029096,1013.9643628550424,0,none
2024-04-12 06:00:00,34.42214157326208,43.073288246312174,1008.906629359956,0,none
2024-04-12 07:00:00,33.12410277305361,49.042673058760265,1011.1523264058574,0,none
2024-04-12 08:00:00,35.10986549338434,48.81277111144274,1013.2767454619387,0,none
2024-04-12 09:00:00,33.32233810138243,53.88233907762628,1009.7301099358069,0,none
2024-04-12 10:00:00,31.75213949051262,56.9824926064559,1016.8478388671513,0,none
2024-04-12 11:00:00,31.484855088941366,57.42991706426434,1011.5701396633913,0,none
2024-04-12 12:00:00,28.074893578414166,58.96168773938895,1014.4743005366871,0,none
2024-04-12 13:00:00,28.376424434908753,71.09625702047781,1011.7468363885894,0,none
2024-04-12 14:00:00,25.881280871985236,69.34212906677729,1014.0131741353567,0,none
2024-04-12 15:00:00,26.07482853741199,75.31383008762266,1011.1449367251124,0,none
2024-04-12 16:00:00,26.173251363115423,71.15304980922284,1016.3315187643152,0,none
2024-04-12 17:00:00,24.779971279163114,73.72071968586843,1011.3002227175751,0,none
2024-04-12 18:00:00,24.908684795710915,72.4418702178921,1010.8097244389946,0,none
2024-04-12 19:00:00,23.532244239490996,75.12526044244538,1016.5980881070503,0,none
2024-04-12 20:00:00,24.69536851755837,74.26543342770772,1013.7777895349336,0,none
2024-04-12 21:00:00,24.77912620069021,74.94251053377472,1015.2418425117403,0,none
2024-04-12 22:00:00,26.91043600877613,65.3683086063732,1012.7954620850401,0,none
2024-04-12 23:00:00,28.556891703417193,57.98382594288775,1014.8924623929414,0,none
2024-04-13 00:00:00,30.160316907616874,60.66698434985834,1014.7709102538923,0,none
2024-04-13 01:00:00,31.224429259132403,54.94416325542128,1010.2715753181149,0,none
2024-04-13 02:00:00,33.32554950096259,55.05051537966157,1010.7540586644053,0,none
2024-04-13 03:00:00,33.69859656363371,44.32975927782227,1012.1048474670682,0,none
2024-04-13 04:00:00,35.8064361389248,42.7757470236909,1010.2687595205687,0,none
2024-04-13 05:00:00,34.370315707223035,44.68498890100375,1014.5520300396014,0,none
2024-04-13 06:00:00,33.83789287874192,46.09933195381413,1014.0853162931143,0,none
2024-04-13 07:00:00,34.32887820314871,43.455144567646734,1015.567608782348,0,none
2024-04-13 08:00:00,33.947854558492295,44.90605698113019,1013.510753070803,0,none
2024-04-13 09:00:00,34.21780476146658,52.570158711322506,1012.7832745741483,0,none
2024-04-13 10:00:00,32.471067564923466,54.191236224570034,1012.0139122414387,0,none
2024-04-13 11:00:00,31.28602877430368,60.12743336976766,1011.260506250793,0,none
2024-04-13 12:00:00,30.712776239242714,60.64290070659243,1014.5062618554606,1,freeze
2024-04-13 13:00:00,29.600840111782627,60.64290070659243,1012.3618595576748,1,freeze
2024-04-13 14:00:00,26.48308456614792,60.64290070659243,1012.5563574560433,1,freeze
2024-04-13 15:00:00,25.891590906805213,60.64290070659243,1012.0221118236112,1,freeze
2024-04-13 16:00:00,25.982704308095514,60.64290070659243,1011.2701703661032,1,freeze
2024-04-13 17:00:00,24.6122996268341,60.64290070659243,1015.5302882133836,1,freeze
2024-04-13 18:00:00,23.771708400202396,71.35550891472728,1011.7621178128137,0,none
2024-04-13 19:00:00,23.932088412008746,79.06246472457374,1013.1931649139223,0,none
2024-04-13 20:00:00,25.36426202477207,73.96556310612316,1011.088922532988,0,none
2024-04-13 21:00:00,26.254029139759513,69.60286118412185,1013.977789026414,0,none
2024-04-13 22:00:00,26.927128259956266,61.92015688040074,1015.0017971131978,0,none
2024-04-13 23:00:00,28.697102244151903,59.89636481032226,1013.7061340831739,0,none
2024-04-14 00:00:00,29.227288515757063,58.20115875396488,1008.9019534510718,0,none
2024-04-14 01:00:00,30.37586325054446,58.15005983591942,1010.3227686318758,0,none
2024-04-14 02:00:00,31.91719940875657,49.31650183559978,1015.2953274859175,1,drift
2024-04-14 03:00:00,33.34380901459438,47.837561695442936,1012.7087258901931,1,drift
2024-04-14 04:00:00,35.30571654477135,42.24072248904625,1015.5306211183864,1,drift
2024-04-14 05:00:00,34.38252774930232,49.81617057047314,1014.5294532890791,1,drift
2024-04-14 06:00:00,35.40806878803951,46.14783390809996,1017.2415049971441,1,drift
2024-04-14 07:00:00,35.51724760987532,44.75710751558237,1013.448810027295,1,drift
2024-04-14 08:00:00,34.65067229393822,47.23784908133403,1014.6353197610908,1,drift
2024-04-14 09:00:00,32.27861430171862,51.40054145706755,1017.5927260363982,1,drift
2024-04-14 10:00:00,32.21236656899405,54.3729338503603,1017.8538702580593,1,drift
2024-04-14 11:00:00,30.546892173645972,57.087668740061716,1022.327850865659,1,drift
2024-04-14 12:00:00,30.58128357024288,56.504885610741475,1014.403210412213,1,drift
2024-04-14 13:00:00,27.670960113582296,65.6381185092526,1018.2520360305505,1,drift
2024-04-14 14:00:00,25.835407705549997,64.27449588200487,1016.978697819832,1,drift
2024-04-14 15:00:00,26.42643577412304,75.24440858797792,1019.605413693998,1,drift
2024-04-14 16:00:00,25.472207330823093,72.97540644341726,1020.4348511259543,1,drift
2024-04-14 17:00:00,26.502789663790196,73.68588211676749,1019.7400316184996,1,drift
2024-04-14 18:00:00,24.51417659132061,72.87342971349308,1019.722258272575,1,drift
2024-04-14 19:00:00,25.817425199698633,72.46825753554783,1018.3637778401779,1,drift
2024-04-14 20:00:00,24.578565322464584,77.96171605126382,1024.3069876910117,1,drift
2024-04-14 21:00:00,26.232415779456527,64.41131668594237,1024.5248113082766,1,drift
2024-04-14 22:00:00,26.819642485176953,65.99995847216891,1018.6845021132782,1,drift
2024-04-14 23:00:00,28.688264500019173,66.83710232533926,1020.64750720983,1,drift
2024-04-15 00:00:00,29.46051105892777,57.022161689066124,1022.6309931942081,1,drift
2024-04-15 01:00:00,31.86808048463723,52.75459338499819,1024.02100289304,1,drift
2024-04-15 02:00:00,32.719408251368996,49.415023437253765,1012.171885267131,0,none
2024-04-15 03:00:00,29.87363839052175,48.887082357983935,1013.1087863119471,0,none
2024-04-15 04:00:00,33.7060764253314,48.65580759794976,1014.1199619241922,0,none
2024-04-15 05:00:00,33.58975164982876,50.84525638418068,1013.5961933939248,0,none
2024-04-15 06:00:00,33.35196640406574,47.53513625045457,1017.9467544741004,0,none
2024-04-15 07:00:00,34.56020237407244,44.850679649917154,1011.8994139965174,0,none
2024-04-15 08:00:00,34.33466258385833,45.41982613898345,1013.3981182565477,0,none
2024-04-15 09:00:00,32.42285629370132,48.64281339972701,1014.0340801829207,0,none
2024-04-15 10:00:00,31.43095165000033,51.80123666280419,1013.2499640380167,0,none
2024-04-15 11:00:00,34.105223573248146,54.67660293973129,1012.6401805660723,0,none
2024-04-15 12:00:00,30.645532636905838,62.036947388101865,1009.4425847440784,0,none
2024-04-15 13:00:00,28.394182315158222,66.7975117637791,1009.0944715628233,0,none
2024-04-15 14:00:00,28.643092447071815,69.17862464683256,1014.437460392331,0,none
2024-04-15 15:00:00,25.39115614604991,69.43645756069219,1013.5633843310502,0,none
2024-04-15 16:00:00,25.129411981112067,73.42903311686105,1012.8596239889074,0,none
2024-04-15 17:00:00,25.378493796459523,73.19267033479619,1012.4291816277439,0,none
2024-04-15 18:00:00,23.06408533410352,74.86741558713238,1012.7242939845751,0,none
2024-04-15 19:00:00,24.94554671870021,74.07765257326302,1016.1286157177095,0,none
2024-04-15 20:00:00,24.65583367256974,74.64991226876253,1014.1774147338833,0,none
2024-04-15 21:00:00,26.258862584569698,70.65094610106097,1014.296057896464,0,none
2024-04-15 22:00:00,26.574882168340253,68.04515438807027,1014.3361062783553,0,none
2024-04-15 23:00:00,27.641724659851384,65.70950895077772,1013.1375472610183,0,none
2024-04-16 00:00:00,31.824221911223503,60.76834206069428,1014.8159226868758,0,none
2024-04-16 01:00:00,30.461481862917807,54.21025540423127,1011.6406213466554,0,none
2024-04-16 02:00:00,32.60073594442936,51.92026191255094,1016.9073361952717,0,none
2024-04-16 03:00:00,33.82672594101065,45.27356433196954,1014.359521983929,0,none
2024-04-16 04:00:00,33.13223900121614,46.47142446035687,1014.6403802437109,0,none
2024-04-16 05:00:00,60.66628758221427,43.75689276846474,1011.7437433975595,1,spike
2024-04-16 06:00:00,34.34335429246029,45.83070530091413,1013.3972808736712,0,none
2024-04-16 07:00:00,33.9481373534517,45.304286888422055,1012.977692683048,0,none
2024-04-16 08:00:00,34.35501121977865,53.167636097574,1009.7600540316954,0,none
2024-04-16 09:00:00,33.46528933701888,50.22580232655019,1012.4294856473042,0,none
2024-04-16 10:00:00,33.708364326317984,50.70224474218614,1014.5857106454965,0,none
2024-04-16 11:00:00,31.127203061337852,54.942739211563115,1012.8552915080164,0,none
2024-04-16 12:00:00,27.985771457878926,58.07861974986384,1012.940831916447,0,none
2024-04-16 13:00:00,29.146804682627348,59.84256746550948,1012.5358663995414,0,none
2024-04-16 14:00:00,28.24898250765057,69.9814856187432,1009.12587370524,0,none
2024-04-16 15:00:00,26.035537395639565,71.81963888806463,1011.080602575196,0,none
2024-04-16 16:00:00,24.802648783631227,75.18075695778302,1013.347923084392,0,none
2024-04-16 17:00:00,23.753809018554392,75.24928105319869,1008.8080615165497,0,none
2024-04-16 18:00:00,24.602188635286208,73.35223352677494,1013.513483949303,0,none
2024-04-16 19:00:00,26.471074379857658,76.68635918238557,1012.7220020646797,0,none
2024-04-16 20:00:00,26.05250586860136,70.53949056553941,1012.6789597156635,0,none
2024-04-16 21:00:00,25.28096791731263,69.91829953439496,1009.5252084069128,0,none
2024-04-16 22:00:00,25.552645195929486,68.71864351485128,1013.1023721728338,0,none
2024-04-16 23:00:00,30.454444126129157,58.72184572390228,1011.2275745765895,0,none
2024-04-17 00:00:00,32.131849996683144,62.67162549926097,1012.8979412032115,0,none
2024-04-17 01:00:00,30.040861889475238,53.33382774927972,1013.795157266092,0,none
2024-04-17 02:00:00,32.15169868810625,51.22703548801503,1014.0681204102157,0,none
2024-04-17 03:00:00,33.27351893787712,51.01180531314785,1014.4911022220626,0,none
2024-04-17 04:00:00,34.69207868722982,44.75984630381143,1011.2614933860792,0,none
2024-04-17 05:00:00,35.52953133157435,46.04776834352594,1012.2768373688904,0,none
2024-04-17 06:00:00,33.415169071533796,45.00027175109335,1011.5785280232545,1,drift
2024-04-17 07:00:00,34.081410881567614,45.16733429256359,1014.1361313595891,1,drift
2024-04-17 08:00:00,35.44446456658681,47.37750159227911,1015.7329698191395,1,drift
2024-04-17 09:00:00,33.212428190771035,48.464110112046605,1017.0605415167266,1,drift
2024-04-17 10:00:00,30.864725124901515,51.976582222013796,1014.3884424871771,1,drift
2024-04-17 11:00:00,32.168499760035154,58.88676470107775,1014.2048716081055,1,drift
2024-04-17 12:00:00,29.316928021433238,60.87574571981595,1013.6547318690515,1,drift
2024-04-17 13:00:00,27.37513181280793,68.72368465555553,1019.3768341516351,1,drift
2024-04-17 14:00:00,26.896152167614314,69.12291200715346,1018.2329777544708,1,drift
2024-04-17 15:00:00,27.672977171851432,70.54718573821998,1015.2159685733583,1,drift
2024-04-17 16:00:00,25.26308613982564,74.87467113608082,1018.1893103914185,1,drift
2024-04-17 17:00:00,25.9121445478975,76.5693557958191,1018.9019558124223,1,drift
2024-04-17 18:00:00,24.037579088259566,71.37498852515577,1016.5693483065933,1,drift
2024-04-17 19:00:00,23.752614785020654,69.27842723717848,1020.8912377083147,1,drift
2024-04-17 20:00:00,24.05892444794846,74.35185931118541,1016.4457752272671,1,drift
2024-04-17 21:00:00,24.62093642040094,71.19535432659212,1019.2774065761369,1,drift
2024-04-17 22:00:00,26.434838484528047,71.93838527900836,1023.4499154875396,1,drift
2024-04-17 23:00:00,29.243919305188886,63.1483724465813,1022.497299494199,1,drift
2024-04-18 00:00:00,30.501336958811475,67.00431169161075,1022.0591165689113,1,drift
2024-04-18 01:00:00,28.998244323087967,53.44053128865092,1022.2588349581424,1,drift
2024-04-18 02:00:00,30.977820187229508,53.944987842382425,1019.8307408703594,1,drift
2024-04-18 03:00:00,32.41379093933498,49.293146621858966,1017.8916536217605,1,drift
2024-04-18 04:00:00,33.0352092186143,46.00697276713859,1020.7579842058029,1,drift
2024-04-18 05:00:00,33.31632228402166,50.69325184567633,1022.5920111554224,1,drift
2024-04-18 06:00:00,34.33836929307696,45.016807020437696,1013.2092533506309,0,none
2024-04-18 07:00:00,34.96239483782581,42.18309642809215,1010.6171914694279,0,none
2024-04-18 08:00:00,33.99493357820096,43.12653644492123,1011.6978063262524,0,none
2024-04-18 09:00:00,32.04886135085616,48.92618207847711,1012.0052044808463,0,none
2024-04-18 10:00:00,32.93305169708877,48.96615015309233,1013.2766017091196,0,none
2024-04-18 11:00:00,30.306598628273,58.68106845448978,1012.5812638580368,0,none
2024-04-18 12:00:00,29.38715816555178,57.82851449093242,1013.7811091828933,0,none
2024-04-18 13:00:00,26.02026639084918,61.73421896407519,1015.8592327269397,0,none
2024-04-18 14:00:00,24.739027666110882,67.93623137865006,1011.513711902754,0,none
2024-04-18 15:00:00,24.10893679747842,69.43142994503009,1013.2438974085062,0,none
2024-04-18 16:00:00,26.831734645330442,76.99685042348241,1014.0860096092662,0,none
2024-04-18 17:00:00,25.266542278906584,73.88120692117481,1014.9762487038786,0,none
2024-04-18 18:00:00,25.414333425447897,73.48328465268207,1012.5731391388297,0,none
2024-04-18 19:00:00,26.374615227126856,70.48225014847745,1010.9474654150865,0,none
2024-04-18 20:00:00,26.10224690840378,75.15171920442776,1010.9886087675767,0,none
2024-04-18 21:00:00,24.969526300617137,67.39516845853451,1014.9949716592771,0,none
2024-04-18 22:00:00,27.35817197066716,63.798995280765844,1012.5422402335771,0,none
2024-04-18 23:00:00,28.184588107834468,62.839929427910235,1013.2306522643087,0,none
2024-04-19 00:00:00,29.734222194711066,58.99412465804029,1017.4888083447466,0,none
2024-04-19 01:00:00,30.089195030598653,57.59203115773277,1014.3184289344788,0,none
2024-04-19 02:00:00,31.385650187143728,50.56734138511499,1012.2537186656946,0,none
2024-04-19 03:00:00,32.55836416145338,51.799154206135356,1017.4377327704169,0,none
2024-04-19 04:00:00,32.35997063455522,43.839217751027896,1013.2075186350066,0,none
2024-04-19 05:00:00,34.31915758046674,45.84315186867309,1009.2021781241142,0,none
2024-04-19 06:00:00,33.8062881682654,45.19236417932714,1012.4650333971664,0,none
2024-04-19 07:00:00,34.13291637886511,44.42322532359352,1011.1677250031036,0,none
2024-04-19 08:00:00,32.24296452048975,43.51877471078458,1009.9097739885063,0,none
2024-04-19 09:00:00,35.02800560623072,49.78914960525945,1011.1114161203117,0,none
2024-04-19 10:00:00,30.28409870531406,50.51433819043753,1013.2531993088348,0,none
2024-04-19 11:00:00,29.939866852921526,56.52906931806686,1012.4173358677759,0,none
2024-04-19 12:00:00,28.22028383837911,61.06948459320735,1015.4314753771002,0,none
2024-04-19 13:00:00,29.042826899481913,60.89869429386794,1014.5932764072297,0,none
2024-04-19 14:00:00,26.18218681337565,68.8678553718629,1014.2587799807806,0,none
2024-04-19 15:00:00,26.155355223283706,70.76638059874645,1012.3611067284165,0,none
2024-04-19 16:00:00,25.168442593070665,71.7332566470151,1014.3475639223138,0,none
2024-04-19 17:00:00,23.85707811981519,77.95881750221099,1013.8595569606282,0,none
2024-04-19 18:00:00,24.74727521797357,73.16650683223173,1014.7070415351293,0,none
2024-04-19 19:00:00,25.608561784928916,79.27889679974987,1012.7799141459033,0,none
2024-04-19 20:00:00,23.423913274426123,74.97598370799979,1015.4759184759298,0,none
2024-04-19 21:00:00,25.155075665506136,75.32828412287441,1017.0964965344167,0,none
2024-04-19 22:00:00,25.701388909936234,65.61439122115405,1013.2698314749208,0,none
2024-04-19 23:00:00,27.782640517312952,65.49409495348372,1012.6411582097085,0,none
2024-04-20 00:00:00,29.608729287991686,57.68681282637404,1016.3924708850197,0,none
2024-04-20 01:00:00,30.40199862047683,59.06212425605859,1012.2721461099869,0,none
2024-04-20 02:00:00,31.02916628891264,52.49830208316069,1010.3040528555485,0,none
2024-04-20 03:00:00,33.51384157993517,45.75308895019662,1013.8296069443738,0,none
2024-04-20 04:00:00,33.071296347838405,44.11214407402687,1013.780823973833,0,none
2024-04-20 05:00:00,33.83445442147766,45.543676522842084,1011.654020552386,0,none
2024-04-20 06:00:00,33.550659614709176,44.854263230475624,1013.700862333569,0,none
2024-04-20 07:00:00,34.751269747797274,43.20087342119947,1011.5493935798864,0,none
2024-04-20 08:00:00,32.664764281714675,43.939302711783604,1013.8937808507399,0,none
2024-04-20 09:00:00,32.494729509713544,54.06214109295301,1011.5870085510873,0,none
2024-04-20 10:00:00,31.308909216965834,53.534487189460414,1012.8996597824687,1,freeze
2024-04-20 11:00:00,31.073555865266645,53.534487189460414,1015.2100005161321,1,freeze
2024-04-20 12:00:00,30.11629373119951,53.534487189460414,1011.9244918807262,1,freeze
2024-04-20 13:00:00,28.027931876393023,53.534487189460414,1012.9351700119566,1,freeze
2024-04-20 14:00:00,25.9596800784582,53.534487189460414,1013.5030085103089,1,freeze
2024-04-20 15:00:00,24.70287633573715,53.534487189460414,1010.8673369519927,1,freeze
2024-04-20 16:00:00,25.615790213946767,76.07254616331504,1013.1312085008163,0,none
2024-04-20 17:00:00,23.523265044491755,75.77482786819168,1015.0984251475203,0,none
2024-04-20 18:00:00,24.577376401368358,73.89718226971874,1013.187866763061,0,none
2024-04-20 19:00:00,23.768555641375944,75.1023769371878,1013.7009552626812,0,none
2024-04-20 20:00:00,23.86370449964103,78.95825444255973,1013.6347132789894,0,none
2024-04-20 21:00:00,27.397540537668068,71.76477995514546,1008.7454789128003,0,none
2024-04-20 22:00:00,27.032003970676953,70.38039916032096,1011.5260360893534,0,none
2024-04-20 23:00:00,30.380499028306637,64.16305489166508,1014.784407496287,0,none
2024-04-21 00:00:00,31.133979028486657,61.89018912356005,1014.5596341416101,0,none
2024-04-21 01:00:00,31.28461363134833,55.74175002811145,1010.3536080328001,0,none
2024-04-21 02:00:00,30.878339854698382,48.731665699602495,1014.0352047617496,0,none
2024-04-21 03:00:00,34.81827997445674,47.94531093462763,1012.4785478425418,0,none
2024-04-21 04:00:00,32.48001904416687,49.789197971564526,1011.9513029845989,0,none
2024-04-21 05:00:00,33.440994382592386,42.54426902753284,1012.2127028154767,0,none
2024-04-21 06:00:00,35.20604989515802,48.71707055603801,1010.2494819868172,0,none
2024-04-21 07:00:00,35.733237600781905,43.84058368799786,1015.8856272861759,0,none
2024-04-21 08:00:00,33.801606018869286,47.862292742092414,1011.3262209846707,0,none
2024-04-21 09:00:00,34.477945513991294,44.14835748561359,1014.7163858609543,0,none
2024-04-21 10:00:00,32.37379809990486,54.11174887791677,1005.6113836925582,0,none
2024-04-21 11:00:00,30.692639372281963,56.18252446519761,1012.7461428686233,0,none
2024-04-21 12:00:00,28.16623430326417,50.76689055723949,1010.9279134243075,0,none
2024-04-21 13:00:00,29.946532106366316,59.98518316952008,1013.6823034382843,0,none
2024-04-21 14:00:00,27.45047296609316,69.92742934593164,1010.6053376383942,0,none
2024-04-21 15:00:00,25.874432071795574,67.12596019736785,1011.7005206674222,0,none
2024-04-21 16:00:00,25.52801514509969,73.24081813842119,1014.2722479066865,0,none
2024-04-21 17:00:00,25.05233056780302,74.99539982099958,1012.931963352175,0,none
2024-04-21 18:00:00,23.369084755894768,74.1401011266629,1009.8074510310777,0,none
2024-04-21 19:00:00,25.19946180272115,82.03334834645683,1009.4745098569051,0,none
2024-04-21 20:00:00,23.376749717940214,78.01402755752264,1014.0973373491977,0,none
2024-04-21 21:00:00,25.171217060636856,71.92638550369804,1014.824783357474,0,none
2024-04-21 22:00:00,28.10556141752145,68.09304551803177,1013.9667405649499,0,none
2024-04-21 23:00:00,28.555227777007445,63.76174200246503,1014.5317927255991,0,none
2024-04-22 00:00:00,29.446861163984845,60.699773883240056,1012.963265526253,0,none
2024-04-22 01:00:00,30.138995026865167,53.955381641175165,1010.6857789021552,0,none
2024-04-22 02:00:00,32.855108956459645,49.21198910135667,1013.575389717704,0,none
2024-04-22 03:00:00,33.462377503134704,53.61960316251721,1008.7208689465231,0,none
2024-04-22 04:00:00,31.11635633141706,50.30781793317034,1012.3234967645805,0,none
2024-04-22 05:00:00,35.073304690714494,47.74286932667905,1015.0015002252277,0,none
2024-04-22 06:00:00,34.55143668821855,49.345900580581215,1011.5626933458655,0,none
2024-04-22 07:00:00,34.21388178655252,48.92348936470776,1010.8083805100537,0,none
2024-04-22 08:00:00,33.201087021179994,48.859088881879956,1014.2516303426069,0,none
2024-04-22 09:00:00,31.004651145709776,50.70767133053207,1013.6865012327263,0,none
2024-04-22 10:00:00,33.50197632701934,51.403784236335106,1012.6699161039351,0,none
2024-04-22 11:00:00,31.003982952541726,57.91751334702703,1010.1336456456748,0,none
2024-04-22 12:00:00,29.35049653056945,58.78792595602999,1012.4378352067404,0,none
2024-04-22 13:00:00,28.09276615035685,58.28359143919072,1013.2393588308644,0,none
2024-04-22 14:00:00,27.196919202364686,70.35592033339988,1016.4695046693514,0,none
2024-04-22 15:00:00,26.33709418857546,75.31970281014698,1013.1402719827313,0,none
2024-04-22 16:00:00,23.7546691632637,72.11036546597722,1011.7150641533436,0,none
2024-04-22 17:00:00,26.400822008794776,68.44140822695965,1014.142219837986,0,none
2024-04-22 18:00:00,25.807328378077393,75.63159668459916,1014.5258462541684,0,none
2024-04-22 19:00:00,26.16499142381035,71.2121795780946,1016.7504021590028,0,none
2024-04-22 20:00:00,25.223197338849296,74.34234812010352,1014.9892729280356,0,none
2024-04-22 21:00:00,26.392411598238468,66.7527267800408,1014.1390065382085,0,none
2024-04-22 22:00:00,26.709807392527363,63.70455058513921,1013.0226055392161,0,none
2024-04-22 23:00:00,27.67348455981794,68.47058008402895,1011.2226992025687,0,none
2024-04-23 00:00:00,29.596904250696983,60.876364938551305,1013.3093931930565,0,none
2024-04-23 01:00:00,31.75596417021624,60.009724057451855,1017.4909407952917,0,none
2024-04-23 02:00:00,32.6253537609698,56.80350016561712,1014.7152901357566,0,none
2024-04-23 03:00:00,34.26942976290111,47.977670291941095,1014.0222270118368,1,drift
2024-04-23 04:00:00,34.19269344198661,45.10763731187818,1013.760477454941,1,drift
2024-04-23 05:00:00,36.11089875387103,46.00775430272836,1011.7319908028077,1,drift
2024-04-23 06:00:00,33.72160772049198,41.86134732401791,1012.9666685251265,1,drift
2024-04-23 07:00:00,35.25545831448469,52.11283073777383,1015.0718985631722,1,drift
2024-04-23 08:00:00,34.18816345770688,55.886077180845724,1019.3482440937742,1,drift
2024-04-23 09:00:00,35.87702078934166,51.655222354201356,1014.198242089083,1,drift
2024-04-23 10:00:00,31.873175809028655,54.449455897760195,1019.9111266593028,1,drift
2024-04-23 11:00:00,30.614636457335514,59.459956022301824,1015.6677158916219,1,drift
2024-04-23 12:00:00,30.013191187944575,59.028556323468244,1018.0172119443453,1,drift
2024-04-23 13:00:00,29.528851293880184,62.88713319802337,1020.3639556445784,1,drift
2024-04-23 14:00:00,25.499311770690724,64.61539345592013,1017.3326057963185,1,drift
2024-04-23 15:00:00,25.664716176521814,69.33081440012165,1018.5750434392269,1,drift
2024-04-23 16:00:00,23.53906881680316,78.03370667988351,1021.9874555954707,1,drift
2024-04-23 17:00:00,23.563976325867436,69.82674901054381,1018.1764308700983,1,drift
2024-04-23 18:00:00,22.898064717212186,75.64696833359865,1021.8449926600791,1,drift
2024-04-23 19:00:00,22.830697081053376,75.97627687239077,1019.8429271710143,1,drift
2024-04-23 20:00:00,24.563018033825863,72.25952458898666,1018.7548344619969,1,drift
2024-04-23 21:00:00,26.619865096990445,72.8859828698912,1021.4848178623222,1,drift
2024-04-23 22:00:00,27.298339605834595,65.48711567314584,1024.5433162665126,1,drift
2024-04-23 23:00:00,27.594660612598112,64.7616631813556,1022.6793375393297,1,drift
2024-04-24 00:00:00,28.86986381911722,60.332452094132,1025.6835318175501,1,drift
2024-04-24 01:00:00,30.606687557547623,53.18443484435184,1022.5783767595735,1,drift
2024-04-24 02:00:00,30.07154205523155,53.380121578171796,1019.9928450167828,1,drift
2024-04-24 03:00:00,31.341978109440348,47.16536952191267,1014.9283325641369,0,none
2024-04-24 04:00:00,33.50687682862129,52.50013324273638,1012.8023760737094,0,none
2024-04-24 05:00:00,33.31360509446358,40.96660716916851,1013.4639584242663,0,none
2024-04-24 06:00:00,34.27579764782763,45.226625112717066,1015.4440053557112,0,none
2024-04-24 07:00:00,34.78528175921183,44.002789068115916,1012.8411589488292,0,none
2024-04-24 08:00:00,32.20342997755233,48.50980483244575,1012.7861635129233,0,none
2024-04-24 09:00:00,32.320012777251115,52.71408907931509,1008.8990227352311,0,none
2024-04-24 10:00:00,31.872136289218535,49.70305488360448,1012.3104668400404,0,none
2024-04-24 11:00:00,31.429516211422797,56.497351210819005,1014.6533626965014,0,none
2024-04-24 12:00:00,29.659596891997897,60.674580593091875,1012.044177819362,0,none
2024-04-24 13:00:00,26.259077109955797,62.28419457783651,1014.0924382543413,0,none
2024-04-24 14:00:00,26.381834804212215,70.31308727234335,1012.8138252543508,0,none
2024-04-24 15:00:00,24.822964344823806,71.48931043484704,1016.7483891422497,0,none
2024-04-24 16:00:00,23.80470649390505,70.70433075147224,1011.4496779032044,0,none
2024-04-24 17:00:00,24.204117806868634,71.93992973687166,1011.1685881468726,0,none
2024-04-24 18:00:00,26.55379088214174,71.25774344203235,1012.1334756719418,0,none
2024-04-24 19:00:00,25.020102002844528,80.0893876164055,1016.2715816542741,0,none
2024-04-24 20:00:00,24.536621268674203,77.54695785738537,1010.9619684099514,0,none
2024-04-24 21:00:00,25.099457117771987,68.42613812176369,1014.5946300929942,0,none
2024-04-24 22:00:00,27.035487046395453,62.401184655497666,1014.6060972050694,0,none
2024-04-24 23:00:00,27.60785734450604,66.39909402870963,1011.7534200704315,0,none
2024-04-25 00:00:00,29.539568289996637,57.28777763406184,1011.9141008675216,0,none
2024-04-25 01:00:00,30.28028092187212,56.89951278749913,1009.6326111602402,0,none
2024-04-25 02:00:00,33.74377582986005,53.62935802496949,1012.8133365322001,0,none
2024-04-25 03:00:00,31.025925203848274,46.09610497575485,1011.9146334796186,0,none
2024-04-25 04:00:00,32.98448838408859,46.54234299959893,1013.9043029101457,0,none
2024-04-25 05:00:00,33.56120841192143,47.108996257572535,1012.9941487663116,0,none
2024-04-25 06:00:00,33.19235409663149,43.816022279741645,1013.1315657012034,0,none
2024-04-25 07:00:00,32.82889574726738,49.220218403184944,1010.4453452053399,0,none
2024-04-25 08:00:00,33.74472976946294,48.01073193523894,1015.0461919755865,0,none
2024-04-25 09:00:00,31.959437357913355,44.80740403908521,1012.3140218454929,0,none
2024-04-25 10:00:00,30.579539388819885,53.54435266959019,1014.7507170701256,0,none
2024-04-25 11:00:00,32.67465607340474,56.46591790371406,1012.6646716792729,0,none
2024-04-25 12:00:00,28.210971594082867,64.42388008391548,1012.9571619872825,0,none
2024-04-25 13:00:00,28.826761880239218,60.40862996312571,1011.1395617320308,0,none
2024-04-25 14:00:00,25.90536876545349,69.32305848454065,1013.6624688265897,0,none
2024-04-25 15:00:00,25.51144029036232,68.78723685441099,1015.4433754714468,0,none
2024-04-25 16:00:00,24.29651432183843,73.00027104800378,1015.3054225771498,0,none
2024-04-25 17:00:00,23.3208156643832,76.18783078121005,1012.7552041208775,0,none
2024-04-25 18:00:00,22.546636487754242,71.2289570195376,1011.1134649451964,0,none
2024-04-25 19:00:00,24.85285013371712,71.97429714032569,1015.6669490837837,0,none
2024-04-25 20:00:00,24.346041790837294,71.8602337314178,1016.3702829588779,0,none
2024-04-25 21:00:00,26.857833941711856,65.61256611648825,1010.006604406261,0,none
2024-04-25 22:00:00,26.590606283019806,64.94886163100726,1013.8166516895241,0,none
2024-04-25 23:00:00,27.85315391364333,66.060692799187,1009.109138463562,0,none
2024-04-26 00:00:00,28.96569216593275,60.2730607902894,1011.8577329610455,0,none
2024-04-26 01:00:00,31.000746813527755,61.2145190597544,1013.0086679130693,0,none
2024-04-26 02:00:00,31.53139551611894,48.63875965142482,1010.5302925398214,0,none
2024-04-26 03:00:00,33.75097760406637,52.6129943877035,1014.3068409227591,0,none
2024-04-26 04:00:00,34.336597074355396,44.380180204396375,1012.4924724910419,0,none
2024-04-26 05:00:00,34.18224868482342,43.72534426776534,1012.7435846713059,0,none
2024-04-26 06:00:00,33.82675573591527,36.15540618951333,1011.0696261471986,0,none
2024-04-26 07:00:00,34.18678708265491,47.588667601068714,1009.3636317432574,0,none
2024-04-26 08:00:00,32.70241263799701,49.78465008688426,1012.6106726503104,0,none
2024-04-26 09:00:00,33.183829963989915,44.521119376343854,1013.331968182939,0,none
2024-04-26 10:00:00,31.342409651559517,46.888416597957466,1013.7700793015215,0,none
2024-04-26 11:00:00,29.2575380414421,57.06862934902631,1015.4727662071651,0,none
2024-04-26 12:00:00,29.348865853316568,61.4667953869383,1012.0147224454294,0,none
2024-04-26 13:00:00,27.625036149804995,65.0066924123498,1011.0216426345739,0,none
2024-04-26 14:00:00,26.152526761275634,63.292409508372614,1013.5115596285075,0,none
2024-04-26 15:00:00,25.691887689711013,71.24060279499183,1011.8041171151144,0,none
2024-04-26 16:00:00,22.700490753022706,78.00374762865219,1015.573324577267,0,none
2024-04-26 17:00:00,25.299523679430322,70.53709667996718,1013.6198660865025,0,none
2024-04-26 18:00:00,21.940952180408566,75.88614412075913,1014.4233291437632,0,none
2024-04-26 19:00:00,26.771654336388334,72.6546954781001,1010.0402897078401,0,none
2024-04-26 20:00:00,25.658092639319673,74.31115705974511,1015.6661365145372,0,none
2024-04-26 21:00:00,26.63993269409364,67.7679517342346,1011.5314896277903,0,none
2024-04-26 22:00:00,26.182866368505767,68.461012939267,1011.8046064632421,0,none
2024-04-26 23:00:00,28.344895719513396,63.56385547195557,1008.60917452905,0,none
2024-04-27 00:00:00,27.271551346799715,66.82315682885194,1015.5290113917234,0,none
2024-04-27 01:00:00,31.207019132401825,53.710647353993075,1013.7437242876832,0,none
2024-04-27 02:00:00,31.254873081584314,55.48391608234617,1012.518351466817,0,none
2024-04-27 03:00:00,31.404246770113037,47.205442627092225,1013.2087448661439,0,none
2024-04-27 04:00:00,32.156066331540096,48.41707208658485,1011.1250162325833,0,none
2024-04-27 05:00:00,34.11992902568246,44.921084257949346,1012.2610186105657,0,none
2024-04-27 06:00:00,33.950595177149985,46.20090292386614,1013.6359819708181,0,none
2024-04-27 07:00:00,34.12394939965783,43.91326706756446,1010.4450750117355,0,none
2024-04-27 08:00:00,32.88258647557635,38.90119249295257,1014.4433991226181,0,none
2024-04-27 09:00:00,32.24938050753174,46.32107984208728,1012.4525633941003,0,none
2024-04-27 10:00:00,31.528416094357148,54.731471654431175,1011.6589549718165,0,none
2024-04-27 11:00:00,29.328145655655597,57.26306981113199,1015.8061379527235,0,none
2024-04-27 12:00:00,29.019859577386015,62.97594593876488,1010.4177820082253,0,none
2024-04-27 13:00:00,29.048483257227844,63.14149091138703,1011.9033831494943,0,none
2024-04-27 14:00:00,28.965357159954937,66.33565469332866,1014.5968069933948,0,none
2024-04-27 15:00:00,24.60921919267785,70.82106636965628,1012.7064578319514,0,none
2024-04-27 16:00:00,25.51178740123958,74.13255573832782,1014.7982865105549,0,none
2024-04-27 17:00:00,24.851243482285717,74.84796809543701,1012.036364501162,0,none
2024-04-27 18:00:00,23.85655714197974,76.56741311378903,1009.8560608064512,0,none
2024-04-27 19:00:00,22.758572291867658,74.4893725454059,1010.9716568676638,0,none
2024-04-27 20:00:00,24.4806607220723,73.92696852418294,1014.6983301016015,0,none
2024-04-27 21:00:00,24.472325367406683,74.60026606187171,1009.6504211478185,0,none
2024-04-27 22:00:00,26.09510985658275,64.56905498958407,1013.3955603905995,0,none
2024-04-27 23:00:00,27.5730455737789,61.03356555340828,1010.0945649651725,0,none
2024-04-28 00:00:00,30.368298839459758,62.402865774741095,1014.6570073386982,0,none
2024-04-28 01:00:00,30.36971142927354,54.08169808802262,1014.5064166218062,0,none
2024-04-28 02:00:00,32.005514185644735,54.415831491755256,1014.4001173502022,0,none
2024-04-28 03:00:00,33.31926583900016,48.690388195181924,1009.7178549839297,0,none
2024-04-28 04:00:00,33.31889616243712,52.122769584632785,1014.3165333398462,0,none
2024-04-28 05:00:00,33.3697809973381,50.31547373675584,1014.9188136447459,0,none
2024-04-28 06:00:00,34.984716093836326,41.64067204955281,1013.1070773735958,0,none
2024-04-28 07:00:00,32.846685935090505,42.68349570587424,1013.0054216484989,0,none
2024-04-28 08:00:00,31.64997904715233,49.65109041171738,1011.150281280694,0,none
2024-04-28 09:00:00,33.9356149794268,48.75732870375446,1011.531207452691,0,none
2024-04-28 10:00:00,31.678117424978264,56.897577825372394,1015.195035469575,0,none
2024-04-28 11:00:00,30.20064755439283,56.45288764214827,1017.1309841399743,0,none
2024-04-28 12:00:00,30.292539534220698,58.33560842167293,1014.6827828765677,0,none
2024-04-28 13:00:00,27.76069184707253,62.470713212237264,1017.6217722038155,0,none
2024-04-28 14:00:00,25.760508714285688,67.155977034355,1012.9445929554023,0,none
2024-04-28 15:00:00,25.030557685337172,72.29592546351638,1009.2788858043671,0,none
2024-04-28 16:00:00,24.22306503815369,72.49703077395692,1015.2762781103091,0,none
2024-04-28 17:00:00,24.962863686250806,73.77421322528687,1015.0381177239892,0,none
2024-04-28 18:00:00,25.428879988925516,73.32242976156346,1013.1276098468313,0,none
2024-04-28 19:00:00,25.729646441177717,75.21213639254874,1014.7670968617851,0,none
2024-04-28 20:00:00,23.843093533956157,71.27944693974251,1011.3548350868934,0,none
2024-04-28 21:00:00,21.863469019094552,74.2464875901478,1016.1610557859001,0,none
2024-04-28 22:00:00,26.246032344625643,65.94279515797248,1013.9659336225428,0,none
2024-04-28 23:00:00,27.217624566885725,63.91676889366558,1015.8444610230422,1,freeze
2024-04-29 00:00:00,29.7405279586173,63.91676889366558,1012.146775527565,1,freeze
2024-04-29 01:00:00,30.2228371795503,63.91676889366558,1011.4774067698713,1,freeze
2024-04-29 02:00:00,31.691195238221813,63.91676889366558,1012.0037905523399,1,freeze
2024-04-29 03:00:00,31.429750172263077,63.91676889366558,1013.474356810854,1,freeze
2024-04-29 04:00:00,31.195131452973538,63.91676889366558,1013.9886173530448,1,freeze
2024-04-29 05:00:00,32.836734225382145,47.75532493464318,1013.6343130644475,0,none
2024-04-29 06:00:00,34.60127294163217,46.235649025806154,1010.205865144537,0,none
2024-04-29 07:00:00,33.76929234562003,48.234585317340255,1013.0055954745629,0,none
2024-04-29 08:00:00,32.8399976889043,46.14389319467641,1013.2178049793677,0,none
2024-04-29 09:00:00,31.93274822251795,46.5782735926409,1012.1612023963337,0,none
2024-04-29 10:00:00,31.46644334420156,47.91752509255353,1010.7369016834399,0,none
2024-04-29 11:00:00,30.133210526039306,52.52219352660491,1014.4511288121956,1,freeze
2024-04-29 12:00:00,29.59418156563616,52.52219352660491,1015.4635756267775,1,freeze
2024-04-29 13:00:00,27.465355366944465,52.52219352660491,1012.4247319110203,1,freeze
2024-04-29 14:00:00,26.32946457769776,52.52219352660491,1015.864754426694,1,freeze
2024-04-29 15:00:00,24.970585033138796,52.52219352660491,1013.7190098516829,1,freeze
2024-04-29 16:00:00,24.540458884013713,52.52219352660491,1012.9921836663966,1,freeze
2024-04-29 17:00:00,24.091088508601402,77.53321509225755,1013.4722066014664,0,none
2024-04-29 18:00:00,23.882528679535998,74.7541534522148,1015.337748651865,0,none
2024-04-29 19:00:00,22.68654798992238,72.35925175195085,1015.653223186852,0,none
2024-04-29 20:00:00,21.164083961322763,70.36884338038047,1015.5978180475478,0,none
2024-04-29 21:00:00,24.881620491208068,68.23741704220242,1015.9633281002324,0,none
2024-04-29 22:00:00,25.96977980820122,68.58621739729004,1015.4767911484967,0,none
2024-04-29 23:00:00,28.57635092741134,62.333507869078716,1010.8921190273963,0,none
2024-04-30 00:00:00,27.523459217526085,58.128988924737016,1015.8876620586681,0,none
2024-04-30 01:00:00,30.361051674747696,54.56916431147896,1013.7457433778901,0,none
2024-04-30 02:00:00,30.5791831845989,52.27928502024011,1011.8935277178668,0,none
2024-04-30 03:00:00,30.458317047891853,48.91402016148373,1013.4741160019466,0,none
2024-04-30 04:00:00,32.31618754623764,41.7025737295642,1011.6839648422862,0,none
2024-04-30 05:00:00,32.84821004099971,45.92919919504276,1015.3886326567643,0,none
2024-04-30 06:00:00,32.5324911945273,43.24663732906055,1011.6447600094887,0,none
2024-04-30 07:00:00,34.37412706068659,50.993132350984034,1015.8857287362729,0,none
2024-04-30 08:00:00,32.883660425516325,45.608753581535645,1012.1949124391583,0,none
2024-04-30 09:00:00,32.039135501312145,47.14977803460026,1011.5016808989374,0,none
2024-04-30 10:00:00,31.073225954962925,53.607805844628764,1012.1152531929696,0,none
2024-04-30 11:00:00,30.24413679997443,58.72854837898843,1012.2206179843288,0,none
2024-04-30 12:00:00,27.97630290976249,60.404754770729184,1013.7152585102691,0,none
2024-04-30 13:00:00,28.768264010574093,64.99099474780304,1010.7786550073725,0,none
2024-04-30 14:00:00,27.620334786134165,65.9566468154216,1015.3398474953342,0,none
2024-04-30 15:00:00,26.05116499436693,76.01483420323248,1014.3773496956711,0,none
2024-04-30 16:00:00,23.780805615687033,72.63975455857442,1015.3303536421523,0,none
2024-04-30 17:00:00,23.91135086285665,70.39951674459914,1014.2833252172878,0,none
2024-04-30 18:00:00,24.329294387075894,79.34271858509437,1013.1560157392217,0,none
2024-04-30 19:00:00,23.054702421995284,75.49977907250405,1014.9095497056791,0,none
2024-04-30 20:00:00,23.043790311993742,74.52334766606147,1015.1752349977347,0,none
2024-04-30 21:00:00,24.881224472150322,73.58767970917077,1010.066660784665,0,none
2024-04-30 22:00:00,25.437568766574763,65.24842410966134,1016.4124131448191,0,none
2024-04-30 23:00:00,27.835687228621794,64.60206292428205,1013.5199423009186,0,none
2024-05-01 00:00:00,29.97802100002749,54.67392308558574,1012.6209752715499,0,none
2024-05-01 01:00:00,28.67543480234668,51.93928417052105,1012.5295521810865,0,none
2024-05-01 02:00:00,32.74389263344689,53.608439885032254,1013.9245978381687,0,none
2024-05-01 03:00:00,32.75212829095848,48.03334154098083,1013.0562978534131,0,none
2024-05-01 04:00:00,32.213876299734174,44.69822203178789,1011.5120414656869,0,none
2024-05-01 05:00:00,34.092045626897374,49.36629248699603,1010.6717408248393,0,none
2024-05-01 06:00:00,33.887775768993,50.289418498980794,1012.8740695496239,0,none
2024-05-01 07:00:00,32.954074698335056,42.89416677232143,1014.8134639644181,0,none
2024-05-01 08:00:00,33.1486438023432,48.98951951263238,1011.7942489134145,0,none
2024-05-01 09:00:00,33.457217584178174,52.01598605671552,1010.6033400449844,0,none
2024-05-01 10:00:00,30.93816864470209,48.27240541004758,1013.2689975243317,0,none
2024-05-01 11:00:00,29.197461774992995,53.26181485010412,1013.1854130159069,0,none
2024-05-01 12:00:00,28.593646460173595,62.82216563839446,1011.8026677203179,0,none
2024-05-01 13:00:00,27.901731032505282,59.149979430328784,1013.9585275786856,0,none
2024-05-01 14:00:00,27.86619097966203,68.026448461035,1015.2441999614783,0,none
2024-05-01 15:00:00,24.337576562346367,68.99446191768433,1010.571838203214,0,none
2024-05-01 16:00:00,24.525407221969605,72.44461896248862,1012.7407509563822,0,none
2024-05-01 17:00:00,22.63170384471254,78.2075428274927,1012.4442989439301,0,none
2024-05-01 18:00:00,25.847959819707025,69.0263486698706,1014.6370212373273,0,none
2024-05-01 19:00:00,22.73580497152775,74.9738824123968,1011.8521784244741,0,none
2024-05-01 20:00:00,26.004370034310963,77.16842479106046,1012.373916146719,0,none
2024-05-01 21:00:00,25.192489346518077,73.38567087835845,1013.1843014589534,0,none
2024-05-01 22:00:00,24.704448486339526,65.04986294182454,1011.5478984385239,0,none
2024-05-01 23:00:00,27.252555242320085,64.03090195223501,1010.3440554437555,0,none
2024-05-02 00:00:00,28.161564666214435,52.476793030430876,1015.0015495043208,0,none
2024-05-02 01:00:00,28.463614152764233,51.31654097434121,1008.1977416782776,0,none
2024-05-02 02:00:00,30.161026508195835,57.06652371072787,1015.0896053300917,0,none
2024-05-02 03:00:00,30.803365360127547,49.03263315006324,1013.4081266291495,0,none
2024-05-02 04:00:00,33.100566043283855,47.172389426895094,1012.1841089630876,0,none
2024-05-02 05:00:00,32.99150186950379,43.54018643468023,1011.3588273104403,0,none
2024-05-02 06:00:00,34.744069815198294,45.01893914228426,1009.5548705435483,0,none
2024-05-02 07:00:00,31.942316955110996,45.41194376411005,1013.0280566852252,0,none
2024-05-02 08:00:00,32.49719670978281,48.691291298333255,1013.635917189192,0,none
2024-05-02 09:00:00,32.14286283344939,54.22241022911784,1014.1842534469832,0,none
2024-05-02 10:00:00,30.848455952450813,46.690734985342,1012.3296333078017,0,none
2024-05-02 11:00:00,30.735059322192974,58.14020105340741,1012.9443795839715,0,none
2024-05-02 12:00:00,28.860631555061108,54.959669232799826,1015.587912199969,0,none
2024-05-02 13:00:00,27.590284167223782,60.781761702546326,1015.5631005988641,0,none
2024-05-02 14:00:00,27.550120534356722,67.87566080449182,1013.9256162186163,0,none
2024-05-02 15:00:00,26.59270612880859,79.05028659986738,1013.8626016358553,0,none
2024-05-02 16:00:00,24.215835556638435,69.01330202852343,1011.5140947287451,0,none
2024-05-02 17:00:00,23.256686413205315,76.07584909600199,1013.3484342173907,1,drift
2024-05-02 18:00:00,22.00627476436193,73.46056771359855,1009.3656446064116,1,drift
2024-05-02 19:00:00,24.582228209330605,77.44381251131425,1013.4649014787432,1,drift
2024-05-02 20:00:00,22.038189352684313,70.52098252705682,1016.3630734656158,1,drift
2024-05-02 21:00:00,25.48894058370127,66.13218729593567,1013.997416509909,1,drift
2024-05-02 22:00:00,24.13842376696853,61.21027697903262,1016.3379111730615,1,drift
2024-05-02 23:00:00,29.086895929418823,62.61531367348178,1021.9390823135922,1,drift
2024-05-03 00:00:00,28.810749200503224,61.68066806951009,1016.9422252521897,1,drift
2024-05-03 01:00:00,28.450660963781434,52.63365433193083,1019.6236319111326,1,drift
2024-05-03 02:00:00,30.835786412307858,53.741304698347825,1012.8922165973473,1,drift
2024-05-03 03:00:00,31.37081958579266,48.06477483895536,1016.8744510739945,1,drift
2024-05-03 04:00:00,32.628451137942506,41.86682565268812,1020.782583876679,1,drift
2024-05-03 05:00:00,33.33167702959395,45.02167863555905,1018.4025924172109,1,drift
2024-05-03 06:00:00,31.976008372103415,44.53830371048876,1018.6633586039064,1,drift
2024-05-03 07:00:00,33.25231743152703,49.04259546097486,1018.4277439687262,1,drift
2024-05-03 08:00:00,30.966199343985632,48.600926601081724,1020.882292703744,1,drift
2024-05-03 09:00:00,31.55647325751412,48.600926601081724,1019.3042742641076,1,drift
2024-05-03 10:00:00,30.455558638901646,48.600926601081724,1019.6799422293091,1,drift
2024-05-03 11:00:00,30.08066134530503,48.600926601081724,1020.3300649594379,1,drift
2024-05-03 12:00:00,26.57811316647832,48.600926601081724,1022.0994844495348,1,drift
2024-05-03 13:00:00,26.83655212772192,48.600926601081724,1023.558754407924,1,drift
2024-05-03 14:00:00,25.682514432026487,64.6995723717676,1024.9320314334022,1,drift
2024-05-03 15:00:00,25.056310939031352,72.09342778205479,1022.2748552902626,1,drift
2024-05-03 16:00:00,22.9601827963375,74.76336670803677,1022.2761927293172,1,drift
2024-05-03 17:00:00,25.05378849268851,74.42310699254017,1012.2825124380106,0,none
2024-05-03 18:00:00,23.417129585206816,77.21389149351545,1012.4748120803248,0,none
2024-05-03 19:00:00,24.093223404166334,75.87894532276621,1014.7666824869747,0,none
2024-05-03 20:00:00,24.465360768108965,72.58295064965994,1015.3488719416213,0,none
2024-05-03 21:00:00,24.663331429091645,69.54038856043863,1010.9965120668105,0,none
2024-05-03 22:00:00,28.060212390410374,70.78501611558401,1010.9126322344939,0,none
2024-05-03 23:00:00,27.28765635002957,63.893567981319066,1012.7615110330296,0,none
2024-05-04 00:00:00,27.92147931589039,61.707550061190304,1016.075165796369,0,none
2024-05-04 01:00:00,31.026340397213502,59.938424366883716,1013.176735184525,0,none
2024-05-04 02:00:00,30.205334304941502,53.56157439625062,1011.8964521222655,0,none
2024-05-04 03:00:00,31.355211143493197,45.5021512626351,1014.664987489767,0,none
2024-05-04 04:00:00,33.04543562601961,48.067526739112814,1009.508689166069,0,none
2024-05-04 05:00:00,33.418565197640895,42.711567634196,1012.5046746997081,0,none
2024-05-04 06:00:00,33.38877297078382,41.58256095061396,1011.9263847455518,0,none
2024-05-04 07:00:00,34.380369437006784,44.9628756833408,1013.380777377981,0,none
2024-05-04 08:00:00,32.33083872326874,48.97559278500949,1014.7021433333408,0,none
2024-05-04 09:00:00,30.829677602051326,54.65764034792892,1011.5587260642951,0,none
2024-05-04 10:00:00,30.140291223459723,53.6499023473006,1010.7424209839478,0,none
2024-05-04 11:00:00,30.721635677257257,58.35102088697288,1015.331327797278,0,none
2024-05-04 12:00:00,27.457675707694598,61.58846991519292,1014.2656942042627,0,none
2024-05-04 13:00:00,26.892928969276866,61.33254972444001,1017.7204100129277,0,none
2024-05-04 14:00:00,25.89815475514137,68.34286592769159,1019.6542417888816,0,none
2024-05-04 15:00:00,26.298778631991663,71.45154624685068,1011.188195182484,0,none
2024-05-04 16:00:00,23.651239360977474,73.41477475019475,1010.4590441417788,1,freeze
2024-05-04 17:00:00,25.884755119124033,73.41477475019475,1013.3503838104798,1,freeze
2024-05-04 18:00:00,25.016235413515254,73.41477475019475,1015.3488061057277,1,freeze
2024-05-04 19:00:00,23.970869085630326,73.41477475019475,1014.1445307750615,1,freeze
2024-05-04 20:00:00,23.47071205013305,73.41477475019475,1010.6191183884836,1,freeze
2024-05-04 21:00:00,24.167344029870918,73.41477475019475,1015.6906153878841,1,freeze
2024-05-04 22:00:00,26.22457607825782,72.36382425457086,1011.391854535223,0,none
2024-05-04 23:00:00,25.535726828418262,65.5648199418153,1015.4536149779094,0,none
2024-05-05 00:00:00,5.511717041444509,66.7596927141061,1015.0548642144605,1,spike
2024-05-05 01:00:00,29.06051562508372,51.504128713765944,1011.3505337319034,0,none
2024-05-05 02:00:00,29.41292745127729,58.16041422393257,1014.3788031378124,0,none
2024-05-05 03:00:00,30.011988905009222,49.788178770000755,1012.5676660304681,0,none
2024-05-05 04:00:00,31.68558218396818,44.164014074865456,1015.479176565828,0,none
2024-05-05 05:00:00,34.58652152557831,48.846496690938,1011.3887634412584,0,none
2024-05-05 06:00:00,33.7956251417106,46.09418298989133,1009.6448312853931,0,none
2024-05-05 07:00:00,33.78828801099994,47.818502718110864,1013.0543575576792,0,none
2024-05-05 08:00:00,33.75672583999274,41.47391533379651,1012.3679019248775,0,none
2024-05-05 09:00:00,31.390310199188267,46.69393006648855,1012.2451034166126,0,none
2024-05-05 10:00:00,31.086287590495797,54.95000352200724,1014.5414172688893,0,none
2024-05-05 11:00:00,30.620773230731043,52.904117750407195,1011.4344511372433,0,none
2024-05-05 12:00:00,29.59852293372213,58.524203240521196,1013.4824838726607,0,none
2024-05-05 13:00:00,27.13199837716069,66.08642841705934,1010.9647495165535,0,none
2024-05-05 14:00:00,23.815247926532138,67.42425089533148,1011.9058299861522,0,none
2024-05-05 15:00:00,25.440297121653845,70.61480119394291,1011.0218462229736,0,none
2024-05-05 16:00:00,23.36779283706258,74.26733128482573,1015.7704813860246,0,none
2024-05-05 17:00:00,22.452697070770522,74.43877581230089,1012.5344221585469,1,freeze
2024-05-05 18:00:00,23.47498972834569,74.43877581230089,1013.7134592127372,1,freeze
2024-05-05 19:00:00,22.52994299438886,74.43877581230089,1013.4595442139275,1,freeze
2024-05-05 20:00:00,24.649738412434843,74.43877581230089,1012.9753738892648,1,freeze
2024-05-05 21:00:00,26.26731364200044,74.43877581230089,1009.0352535791809,1,freeze
2024-05-05 22:00:00,25.587684267017696,74.43877581230089,1014.8599762867916,1,freeze
2024-05-05 23:00:00,26.41493257946355,66.60625526551564,1011.8384895042674,0,none
2024-05-06 00:00:00,27.465260023200337,62.01540042576624,1013.4749584305575,0,none
2024-05-06 01:00:00,28.752136837367374,52.2070153826907,1013.8484652646655,0,none
2024-05-06 02:00:00,28.656917472987164,55.48393077713682,1012.8897642814162,0,none
2024-05-06 03:00:00,31.106176814927252,50.18311651609805,1015.2520195983694,0,none
2024-05-06 04:00:00,32.118271501597064,47.88385343601294,1012.497463169577,0,none
2024-05-06 05:00:00,32.405293133107904,45.68918765269159,1010.3519315056955,0,none
2024-05-06 06:00:00,33.524873338981294,40.663445285361554,1009.7824435079065,0,none
2024-05-06 07:00:00,35.268669523014744,43.13673071831648,1010.6941299266599,0,none
2024-05-06 08:00:00,31.738012072346148,52.11677603287836,1011.2224701745167,0,none
2024-05-06 09:00:00,31.806654829997655,47.488981887833354,1011.8589852660837,0,none
2024-05-06 10:00:00,29.25322864478978,56.149961127312324,1009.4903021684717,0,none
2024-05-06 11:00:00,30.091616968698876,54.40034691575685,1014.9271507923808,0,none
2024-05-06 12:00:00,27.755164559529717,60.879689676123995,1012.0210458587003,0,none
2024-05-06 13:00:00,26.55200556981933,60.46213632065769,1013.5018907289017,0,none
2024-05-06 14:00:00,24.13726569429324,71.83335042474505,1015.4394639307781,0,none
2024-05-06 15:00:00,24.991293943113646,69.60988632165439,1012.8899149750645,0,none
2024-05-06 16:00:00,23.999601749220055,72.20961786229869,1012.7871228821957,0,none
2024-05-06 17:00:00,22.96225794754163,69.22268695237553,1012.6698486796029,0,none
2024-05-06 18:00:00,21.910914808756903,69.27725362764747,1010.3430278615979,0,none
2024-05-06 19:00:00,,75.3233211186169,1012.0382643665874,1,null
2024-05-06 20:00:00,24.293104126521495,78.33852111109024,1016.4454778737995,0,none
2024-05-06 21:00:00,24.581150415761126,69.20946444070924,1015.1216783503083,1,freeze
2024-05-06 22:00:00,26.705879860883734,69.20946444070924,1011.2327987029947,1,freeze
2024-05-06 23:00:00,27.964682313481077,69.20946444070924,1012.0415023712421,1,freeze
2024-05-07 00:00:00,28.67027254734281,69.20946444070924,1013.1111484328717,1,freeze
2024-05-07 01:00:00,29.76446983042597,69.20946444070924,1013.672250103274,1,freeze
2024-05-07 02:00:00,30.3484180986382,69.20946444070924,1014.6069970658606,1,freeze
2024-05-07 03:00:00,31.76364143399213,48.139621338581414,1016.4664325285306,0,none
2024-05-07 04:00:00,31.69234843921957,49.36227237392538,1012.4915588255186,0,none
2024-05-07 05:00:00,34.234986670097264,50.01421107427531,1012.1538364459063,0,none
2024-05-07 06:00:00,34.71670792852979,38.84406314101242,1008.4770226873574,0,none
2024-05-07 07:00:00,33.209127342263166,47.58457466779229,1013.6782663366306,0,none
2024-05-07 08:00:00,31.536569781776393,49.506022787910034,1014.6386099802838,0,none
2024-05-07 09:00:00,31.101987253485266,49.42700855895535,1012.3740539050174,0,none
2024-05-07 10:00:00,30.547792540597804,54.09668244268349,1012.975908998666,0,none
2024-05-07 11:00:00,29.728427015664952,56.301054497187636,1011.870060672971,0,none
2024-05-07 12:00:00,28.60705226859277,61.155329552006286,1013.0270637444158,0,none
2024-05-07 13:00:00,27.55280312930388,63.55875423615344,1014.8853087624137,0,none
2024-05-07 14:00:00,25.883500268783457,66.3204225418185,1013.1967494832106,0,none
2024-05-07 15:00:00,4.84883528028638,72.84161208286042,1012.8286938127253,1,spike
2024-05-07 16:00:00,24.98595389854989,74.85737455762052,1014.5278853133851,0,none
2024-05-07 17:00:00,22.808400584330524,75.54543004124345,1013.0383553302024,0,none
2024-05-07 18:00:00,21.702013795745362,79.57503182240924,1010.7249063426342,0,none
2024-05-07 19:00:00,24.29553279137669,73.40800600571718,1012.9576793649138,0,none
2024-05-07 20:00:00,23.808783477812252,71.77328681823575,1012.8725519066617,0,none
2024-05-07 21:00:00,23.580314513001543,74.78824668473538,1012.4415374050609,0,none
2024-05-07 22:00:00,25.484733729762702,68.6972862923784,1013.4268696228613,0,none
2024-05-07 23:00:00,26.37137731751144,62.185596721467476,1015.0178708627569,0,none
2024-05-08 00:00:00,28.595573246920708,59.23029855916191,1015.4909844027516,0,none
2024-05-08 01:00:00,29.39439377481808,53.310626705494876,1016.6558362904924,0,none
2024-05-08 02:00:00,29.688349861404625,52.473727329933844,1010.8411925283989,0,none
2024-05-08 03:00:00,31.82731390245014,48.99424855202678,1011.7309128711006,0,none
2024-05-08 04:00:00,33.094777871816085,44.616363671397,1010.2119300864929,0,none
2024-05-08 05:00:00,32.77113646938298,43.99583809409556,1015.3636969656502,0,none
2024-05-08 06:00:00,33.33883449170164,42.02108330054909,1013.3913211964934,0,none
2024-05-08 07:00:00,33.47842774869086,40.47748948616303,1011.6120730421685,0,none
2024-05-08 08:00:00,32.51659369540183,47.48538302233553,1014.310289234462,0,none
2024-05-08 09:00:00,30.526868445376046,52.28293594722546,1013.1363741483716,0,none
2024-05-08 10:00:00,29.073422295725045,48.93886534526517,1012.4586128619186,0,none
2024-05-08 11:00:00,28.64431611327992,56.1080625039242,1009.2316461577047,0,none
2024-05-08 12:00:00,27.23165167894854,57.88059904131454,1014.0263325482877,0,none
2024-05-08 13:00:00,26.671276536684413,65.64442122892652,1014.4473072641225,0,none
2024-05-08 14:00:00,25.040242212569794,65.21270305922951,1014.6334725816531,0,none
2024-05-08 15:00:00,25.21865151912061,73.84457196932745,1015.4126795825448,0,none
2024-05-08 16:00:00,23.521671541616477,73.05997859568225,1014.9950962095305,0,none
2024-05-08 17:00:00,22.767321001920383,75.61460406535916,1013.4023300759122,0,none
2024-05-08 18:00:00,24.340236007177708,76.4799441169348,1011.1916697760402,0,none
2024-05-08 19:00:00,23.68361249185348,76.05859191223655,1014.3851769703326,0,none
2024-05-08 20:00:00,,69.38377241944718,1014.727097871937,1,null
2024-05-08 21:00:00,24.78458890005683,73.62158229837154,1013.0995197291594,0,none
2024-05-08 22:00:00,25.38291298541013,65.43151540376864,1015.2890234102496,0,none
2024-05-08 23:00:00,28.262732573610332,65.9241796967263,1013.1156862646371,0,none
2024-05-09 00:00:00,27.55166968513537,62.397520528452716,1015.8716841571699,0,none
2024-05-09 01:00:00,28.610241372998047,55.646536663498686,1013.2638809484461,0,none
2024-05-09 02:00:00,29.92623720496586,56.49551101135474,1013.1737519279936,0,none
2024-05-09 03:00:00,31.230889792111597,52.56007800465826,1014.34672723952,0,none
2024-05-09 04:00:00,31.56540801814107,47.84383323238834,1013.6933224610946,0,none
2024-05-09 05:00:00,32.58072520696583,46.68039269446532,1016.0356557601324,0,none
2024-05-09 06:00:00,33.438877153660464,43.9928511840974,1012.4191122865715,0,none
2024-05-09 07:00:00,33.558321997310415,44.7016026741628,1008.1531355712137,0,none
2024-05-09 08:00:00,33.660077824950534,42.89671949488181,1009.1530565509372,0,none
2024-05-09 09:00:00,32.36267481408577,53.11197643321462,1011.5909147373892,0,none
2024-05-09 10:00:00,31.341025737449,57.125796610135446,1013.9028715938714,1,freeze
2024-05-09 11:00:00,28.354161985528297,57.125796610135446,1013.4523151381815,1,freeze
2024-05-09 12:00:00,28.163549667984146,57.125796610135446,1014.2114595923744,1,freeze
2024-05-09 13:00:00,26.52159172352939,57.125796610135446,1013.0256387191711,1,freeze
2024-05-09 14:00:00,25.05632447430712,57.125796610135446,1011.5605887622887,1,freeze
2024-05-09 15:00:00,23.90162776579764,57.125796610135446,1012.709685407375,1,freeze
2024-05-09 16:00:00,22.2801290712166,71.90623182187888,1010.1237926374005,0,none
2024-05-09 17:00:00,22.359627852251265,72.67339755048314,1013.3789387720049,0,none
2024-05-09 18:00:00,23.56967309681529,75.79703758181537,1013.2055811833698,0,none
2024-05-09 19:00:00,23.729985741123617,73.06182406446278,1015.5102327005459,0,none
2024-05-09 20:00:00,23.024743018709557,73.8871850465959,1010.3293939387986,0,none
2024-05-09 21:00:00,25.457268158884514,67.25163231442998,1014.2371790963732,0,none
2024-05-09 22:00:00,25.432963088223886,75.4523488626425,1011.9383643689987,0,none
2024-05-09 23:00:00,26.08285358319134,65.03887088657868,1013.8966653691343,0,none
2024-05-10 00:00:00,27.821640860677473,58.74393972050447,1015.1666204588969,0,none
2024-05-10 01:00:00,29.544648448917815,52.5060441612843,1014.6405669926212,0,none
2024-05-10 02:00:00,30.657062896721463,52.58427770494307,1014.9641857917942,0,none
2024-05-10 03:00:00,,49.507270496156714,1014.7812020201467,1,null
2024-05-10 04:00:00,31.57012124027182,47.80122263486801,1010.5714458477293,0,none
2024-05-10 05:00:00,34.054774726222945,42.85350923025767,1012.8151412267081,0,none
2024-05-10 06:00:00,32.43091597294053,41.650806900873555,1016.5759295606705,0,none
2024-05-10 07:00:00,32.086622662684746,48.022910117767424,1012.4455797083136,0,none
2024-05-10 08:00:00,30.815117239387188,49.70482264345012,1014.2913289687224,0,none
2024-05-10 09:00:00,32.37214342426163,50.43548195411482,1011.3678703734602,0,none
2024-05-10 10:00:00,32.07700877790624,50.85989204297158,1012.8218539710875,0,none
2024-05-10 11:00:00,29.219162260358168,58.321893374190005,1011.483970120952,0,none
2024-05-10 12:00:00,25.680636519696446,65.47449661283329,1009.1358308659433,0,none
2024-05-10 13:00:00,29.135212439288953,64.01289091856991,1009.22872961259,0,none
2024-05-10 14:00:00,25.319317548264568,64.35295839598973,1009.5068930517065,0,none
2024-05-10 15:00:00,25.232109656518013,71.79093982587626,1008.2078883983879,0,none
2024-05-10 16:00:00,24.25565803258905,76.98887052854818,1014.1181125031088,0,none
2024-05-10 17:00:00,22.801842126116874,76.90296503244166,1012.7719646312479,0,none
2024-05-10 18:00:00,23.574371357104578,74.00771461160468,1011.3319656030195,0,none
2024-05-10 19:00:00,20.645141828341337,73.90031493501488,1012.6640774146813,0,none
2024-05-10 20:00:00,24.362351629870613,69.63442177773143,1015.5817184536261,0,none
2024-05-10 21:00:00,24.80501014085679,69.78570431179102,1012.2641145754101,0,none
2024-05-10 22:00:00,25.38875963809592,65.10925905476246,1011.1559402227297,0,none
2024-05-10 23:00:00,26.115745211308305,63.28975173880254,1013.0065817563416,0,none
2024-05-11 00:00:00,27.125796980529827,55.555106351064914,1013.4744628027709,0,none
2024-05-11 01:00:00,28.26858977495643,54.87333079272805,1014.4919543637086,0,none
2024-05-11 02:00:00,29.47871113398512,51.243602207289,1012.3011449051031,0,none
2024-05-11 03:00:00,30.86275428532742,51.56553869872429,1010.7239640528438,0,none
2024-05-11 04:00:00,31.88723316702027,47.55594798031712,1012.2247760572176,0,none
2024-05-11 05:00:00,29.964097688519217,47.92297394800003,1013.2532405475397,0,none
2024-05-11 06:00:00,,49.8184476122623,1015.4745460835695,1,null
2024-05-11 07:00:00,31.636258797566956,43.80425527544908,1009.895815942574,0,none
2024-05-11 08:00:00,31.0117489083168,50.47098263072172,1015.3117597339307,0,none
2024-05-11 09:00:00,30.72091477142234,48.46157472783669,1012.7677993476339,1,drift
2024-05-11 10:00:00,28.658124116357897,50.58725631347182,1015.4058802741869,1,drift
2024-05-11 11:00:00,28.233024522668924,53.521759515810565,1017.6424776808632,1,drift
2024-05-11 12:00:00,29.0252421140882,62.88574286451631,1016.3875270837938,1,drift
2024-05-11 13:00:00,26.511269939809214,64.77926787753641,1016.4956382267331,1,drift
2024-05-11 14:00:00,25.30802685561658,67.23425770394032,1015.949062989751,1,drift
2024-05-11 15:00:00,24.46204016175166,67.81105728345342,1015.9787206729878,1,drift
2024-05-11 16:00:00,23.80613515072755,67.60610226761432,1018.4042632046334,1,drift
2024-05-11 17:00:00,24.665740825544617,73.2513712547921,1013.2736669336437,1,drift
2024-05-11 18:00:00,22.946661127171264,74.13189245587049,1016.7523294390923,1,drift
2024-05-11 19:00:00,23.370209030874705,76.09307371776433,1016.511882585649,1,drift
2024-05-11 20:00:00,23.62853399230461,69.31140744582025,1014.8966610065798,1,drift
2024-05-11 21:00:00,26.12462908275395,69.08895511130315,1021.3012852212225,1,drift
2024-05-11 22:00:00,26.319030958792084,66.68498963103512,1016.1944741014639,1,drift
2024-05-11 23:00:00,27.531136030144186,60.03369954843721,1019.0577922772561,1,drift
2024-05-12 00:00:00,27.223069519596876,61.68301522228106,1016.7846604543714,1,drift
2024-05-12 01:00:00,27.49702163190883,56.369266857810324,1020.635088226384,1,drift
2024-05-12 02:00:00,30.338230199222192,50.60725066585224,1021.1437736930874,1,drift
2024-05-12 03:00:00,31.765506748948262,49.06022803962748,1019.8928364453994,1,drift
2024-05-12 04:00:00,32.66848061335319,40.32212906015891,1021.7650344323562,1,drift
2024-05-12 05:00:00,32.13522080094279,39.44057219079709,1025.8936311666996,1,drift
2024-05-12 06:00:00,32.22090026966338,46.309133629969374,1022.908766383509,1,drift
2024-05-12 07:00:00,32.07037589746519,46.34783804752954,1026.2182017658772,1,drift
2024-05-12 08:00:00,30.254421334848896,52.553367275123406,1023.8952413029933,1,drift
2024-05-12 09:00:00,31.31744380330962,52.15067584269303,1012.8584234225975,0,none
2024-05-12 10:00:00,30.367939676800948,54.21825470073155,1015.26276750623,0,none
2024-05-12 11:00:00,27.55432180596542,58.89283031941892,1010.6517853915318,0,none
2024-05-12 12:00:00,25.01634912072826,57.95397554936297,1013.1676077167035,0,none
2024-05-12 13:00:00,24.27202926121372,63.45806509122137,1012.5240069028305,0,none
2024-05-12 14:00:00,25.56466209476747,68.63945638418996,1012.6292497744605,0,none
2024-05-12 15:00:00,24.381337807002467,72.03283201579988,1015.880694278996,0,none
2024-05-12 16:00:00,22.07887145254361,70.12807752975918,1015.1808380876525,0,none
2024-05-12 17:00:00,23.92758680819479,72.86046486821613,1011.3622186972871,0,none
2024-05-12 18:00:00,21.53571473610677,77.25775298961972,1012.7906223262837,0,none
2024-05-12 19:00:00,22.18231308614392,71.9478260802223,1012.2517423947594,0,none
2024-05-12 20:00:00,24.75539805946915,75.4643320498402,1016.7609939259851,0,none
2024-05-12 21:00:00,23.897837015476178,70.72196059580632,1013.1906352114438,0,none
2024-05-12 22:00:00,24.119854533676676,67.88365461460455,1013.9784229625495,0,none
2024-05-12 23:00:00,28.0314371106274,54.975087596546516,1012.831944411451,0,none
2024-05-13 00:00:00,27.49966281989365,69.02715917566198,1014.8665606183977,0,none
2024-05-13 01:00:00,26.527988755321513,55.91540551439616,1015.7217957650153,0,none
2024-05-13 02:00:00,31.028957019144958,49.335249948948395,1010.6106066042562,0,none
2024-05-13 03:00:00,30.983078807614255,53.13667618734958,1012.0356954508433,0,none
2024-05-13 04:00:00,32.9942165715303,43.25344572874651,1006.1235805860022,0,none
2024-05-13 05:00:00,30.96001629428954,45.81820157019003,1012.2414796317447,0,none
2024-05-13 06:00:00,32.713010851568235,43.07118075624127,1014.6040227770716,0,none
2024-05-13 07:00:00,32.237281369773605,48.186152003903025,1011.6473210225057,0,none
2024-05-13 08:00:00,31.884964605886385,54.18549568542191,1013.468251324192,0,none
2024-05-13 09:00:00,31.492590459495872,49.335388721243966,1013.2253263847912,0,none
2024-05-13 10:00:00,,57.012026751305335,1017.8761132594872,1,null
2024-05-13 11:00:00,29.416629706891165,54.66946371575425,1011.7823423736639,0,none
2024-05-13 12:00:00,27.204266396188434,63.64082482168896,1013.6880753580689,0,none
2024-05-13 13:00:00,25.79642047834326,63.223272073731785,1012.4906266585508,0,none
2024-05-13 14:00:00,24.638749705732963,66.02672428060603,1014.6924386600285,0,none
2024-05-13 15:00:00,24.574814497492014,75.75843011715303,1011.6106132658942,0,none
2024-05-13 16:00:00,23.51276378747662,73.22769114913066,1015.4893663323136,0,none
2024-05-13 17:00:00,22.930003460186835,71.27761216518302,1012.8107444462214,0,none
2024-05-13 18:00:00,24.977013274834768,72.89824257117138,1013.9538769336634,0,none
2024-05-13 19:00:00,21.45469950603509,77.5337065076207,1011.8047294964474,0,none
2024-05-13 20:00:00,23.304094550599014,71.80645436530449,1015.3809498182795,0,none
2024-05-13 21:00:00,22.464595849007914,72.86128971639369,1011.2163515308584,0,none
2024-05-13 22:00:00,26.25680559538575,72.3959453111614,1012.1898749624963,0,none
2024-05-13 23:00:00,26.324559886249666,59.55839077405651,1015.3406212579283,0,none
2024-05-14 00:00:00,27.847337218364526,60.8729524554646,1011.3752725398216,0,none
2024-05-14 01:00:00,27.71275140077558,56.08637899880022,1012.9791748234597,0,none
2024-05-14 02:00:00,30.52653427776015,54.58341646967142,1015.5244406825664,0,none
2024-05-14 03:00:00,31.325144473766652,46.71540474935325,1014.1841295471868,0,none
2024-05-14 04:00:00,32.15714283089737,50.27999105811752,1012.4195196942773,0,none
2024-05-14 05:00:00,33.64400083096462,49.08549491622488,1014.1865835448727,0,none
2024-05-14 06:00:00,33.58601354338284,49.634017020119884,1012.1353459812486,0,none
2024-05-14 07:00:00,32.72070819616594,47.480252369138775,1009.7284568268128,0,none
2024-05-14 08:00:00,31.245550003564755,49.10368686942057,1013.9749570510731,0,none
2024-05-14 09:00:00,30.717814753592894,50.410812320366524,1014.4679993949385,0,none
2024-05-14 10:00:00,29.932856686662834,48.77404344615536,1016.537317329784,0,none
2024-05-14 11:00:00,26.652646896621384,57.37225072676268,1014.6786780820373,0,none
2024-05-14 12:00:00,25.288137962172982,57.276483729849005,1016.9769553920169,0,none
2024-05-14 13:00:00,25.93014601581446,66.12360965137447,1014.5050334233135,0,none
2024-05-14 14:00:00,25.9204335801022,69.84768538911538,1017.6232177751667,0,none
2024-05-14 15:00:00,23.72574474953241,73.61481027674675,1009.2029979530467,0,none
2024-05-14 16:00:00,22.83091661236521,70.85851023385584,1009.7764467611742,0,none
2024-05-14 17:00:00,22.077117746875064,77.23776933513668,1014.3091201910246,0,none
2024-05-14 18:00:00,22.201187801311352,64.63674670410083,1009.0021295354612,0,none
2024-05-14 19:00:00,22.17751657809926,72.74195176036751,1011.0281001436183,0,none
2024-05-14 20:00:00,23.71912319599151,76.50944515928767,1009.9802723170492,0,none
2024-05-14 21:00:00,25.55687224769908,70.01604610343179,1014.1308415812038,0,none
2024-05-14 22:00:00,24.453486487297305,67.33866761980534,1016.3003513105275,0,none
2024-05-14 23:00:00,25.382404823841895,65.55870711907285,1015.874054170477,0,none
2024-05-15 00:00:00,29.23789308451008,64.52249360433714,1015.2840215627565,0,none
2024-05-15 01:00:00,28.861497424981604,56.69533881545019,1014.0944976428314,0,none
2024-05-15 02:00:00,29.130960640389592,51.456392075506955,1014.233117069319,0,none
2024-05-15 03:00:00,30.041202043086972,50.68256177398697,1012.2808846901729,0,none
2024-05-15 04:00:00,31.414999442493194,48.5939808241079,1013.9411666627599,0,none
2024-05-15 05:00:00,32.10252272703075,43.86155986419111,1013.3623000005024,0,none
2024-05-15 06:00:00,31.92929917021973,41.68118912706985,1014.8218668147089,0,none
2024-05-15 07:00:00,31.06041392471636,44.055103869479545,1018.9980410765191,0,none
2024-05-15 08:00:00,32.439698694995755,45.719444937356585,1015.8061545775189,0,none
2024-05-15 09:00:00,31.092697021146428,47.78692191249302,1012.232346043449,0,none
2024-05-15 10:00:00,29.477130450726186,56.885805811842054,1015.3370524423409,0,none
2024-05-15 11:00:00,29.272370954883485,55.36324437008803,1014.7322195642143,0,none
2024-05-15 12:00:00,26.232118662193006,60.14372340915607,1014.6636370868691,0,none
2024-05-15 13:00:00,26.322109552735956,62.884039230124,1012.9402213397639,0,none
2024-05-15 14:00:00,24.069442537198988,67.65483265747729,1012.0741701811437,0,none
2024-05-15 15:00:00,23.174594442281126,70.73674722301095,1011.3719710353057,0,none
2024-05-15 16:00:00,21.569380310818662,73.55202328171197,1015.5813696620634,0,none
2024-05-15 17:00:00,22.462733482449618,73.11507249040187,1011.0949012470088,0,none
2024-05-15 18:00:00,22.29292342550294,76.76147857213161,1013.336620160562,0,none
2024-05-15 19:00:00,21.555057357984715,76.87489354188517,1014.5551638002242,0,none
2024-05-15 20:00:00,24.412313040589048,69.34073580142294,1010.7420582995672,0,none
2024-05-15 21:00:00,25.459321288521732,70.85968449429285,1014.0560252810392,0,none
2024-05-15 22:00:00,24.416845106234614,67.51267308686222,1012.816169765912,0,none
2024-05-15 23:00:00,24.97257276748968,64.43955663346081,1013.5532578846236,0,none
2024-05-16 00:00:00,26.220300735041608,59.52556735323693,1012.9542030446826,0,none
2024-05-16 01:00:00,29.030030119490704,58.550933701070406,1013.4745916391529,0,none
2024-05-16 02:00:00,30.551004946153128,43.81441327983701,1012.5493290092917,0,none
2024-05-16 03:00:00,29.6420907226527,56.36011787077353,1013.2359374892686,0,none
2024-05-16 04:00:00,32.062201926658275,41.350628511809916,1011.4442269256708,0,none
2024-05-16 05:00:00,31.87663933386958,43.546118564738606,1011.165884975924,0,none
2024-05-16 06:00:00,32.81262737918897,43.78993794021802,1011.2734031549915,0,none
2024-05-16 07:00:00,31.771144065552612,42.444548105892935,1013.9506940893701,0,none
2024-05-16 08:00:00,32.450169180681534,47.42960559157652,1010.0414324439607,0,none
2024-05-16 09:00:00,30.279773373893832,50.05358211619737,1012.9481620357393,0,none
2024-05-16 10:00:00,28.958990747968755,56.386102572264505,1011.3797009280544,0,none
2024-05-16 11:00:00,27.738374267887814,56.13927077046193,1014.083078590227,0,none
2024-05-16 12:00:00,27.129590615487782,62.55094426393305,1011.1070743913439,0,none
2024-05-16 13:00:00,26.737838243805367,60.634673054198494,1011.3733649276155,0,none
2024-05-16 14:00:00,22.73036315437884,65.31382615645406,1010.0632557553371,0,none
2024-05-16 15:00:00,22.900403090800413,73.94704419863075,1014.440332430702,0,none
2024-05-16 16:00:00,21.65434370586294,76.26012804481856,1010.3053064093974,0,none
2024-05-16 17:00:00,20.836607144849097,75.19774404860537,1013.0833374128363,0,none
2024-05-16 18:00:00,22.96846080938744,76.37324748126292,1013.8532820619944,0,none
2024-05-16 19:00:00,22.711497726680655,78.53630050985309,1011.1409989937135,0,none
2024-05-16 20:00:00,22.339161175728147,71.46726639510305,1013.4396672110747,0,none
2024-05-16 21:00:00,23.058324134869515,71.21619214482396,1013.6582887746821,0,none
2024-05-16 22:00:00,24.562865218777144,68.6217537151013,1010.2570329452687,0,none
2024-05-16 23:00:00,26.373627864638312,63.18576545511579,1014.0560564045687,0,none
2024-05-17 00:00:00,27.33144238896807,55.3579798678164,1012.1250582326912,0,none
2024-05-17 01:00:00,27.942145303015717,55.603857650131076,1012.9662219627446,0,none
2024-05-17 02:00:00,30.410697274023363,47.95676282752621,1015.6854133220415,0,none
2024-05-17 03:00:00,30.220640201649875,45.921229812665224,1013.9918350928971,0,none
2024-05-17 04:00:00,32.04989456952047,46.442035618309745,1013.6614138119841,0,none
2024-05-17 05:00:00,33.655903793645926,46.166852587152505,1013.8624461984459,0,none
2024-05-17 06:00:00,31.372825649587632,43.53274054791389,1012.3717061392427,0,none
2024-05-17 07:00:00,31.675960949185225,51.514962981490754,1008.5884084690214,0,none
2024-05-17 08:00:00,31.80755649505577,41.616477551864364,1015.0358152969181,0,none
2024-05-17 09:00:00,51.69921125518441,47.05881129879401,1009.7549652209963,1,spike
2024-05-17 10:00:00,28.414060145339448,48.07449614446926,1012.5007989283871,0,none
2024-05-17 11:00:00,27.261657206614796,54.482910329869924,1014.369894165383,0,none
2024-05-17 12:00:00,27.16269493600865,60.813512838494134,1016.2865003030598,0,none
2024-05-17 13:00:00,22.852436796537702,64.39714372791367,1010.518690310833,0,none
2024-05-17 14:00:00,25.23751673253322,70.44934244462459,1014.2512166277234,0,none
2024-05-17 15:00:00,22.82251007746124,68.61532404726552,1013.1761900215355,0,none
2024-05-17 16:00:00,23.74608219173835,75.24965075956075,1015.592291681192,0,none
2024-05-17 17:00:00,,70.64333866099992,1011.1478900192295,1,null
2024-05-17 18:00:00,23.106828493523263,74.9587932418494,1013.9823816167104,0,none
2024-05-17 19:00:00,21.6657202626428,68.08367533790015,1010.0541699244892,0,none
2024-05-17 20:00:00,23.606664305151092,71.16679256542277,1014.1785985987982,0,none
2024-05-17 21:00:00,22.726370860923726,73.98522622699424,1015.486412494739,0,none
2024-05-17 22:00:00,24.414109641467924,70.8947380719947,1015.2546526489649,0,none
2024-05-17 23:00:00,25.010172622763317,61.9768722292943,1014.4463830175754,0,none
2024-05-18 00:00:00,28.392158884093163,61.713440837888335,1014.2643425923147,0,none
2024-05-18 01:00:00,28.139999034395355,55.4581069653012,1008.5784463770439,0,none
2024-05-18 02:00:00,30.43587290736842,48.96742201556661,1014.7727250367932,0,none
2024-05-18 03:00:00,30.07916986871925,48.73950444003802,1012.8657143863024,0,none
2024-05-18 04:00:00,31.230280253424475,51.56858997422343,1013.4033213664003,0,none
2024-05-18 05:00:00,30.78712196618267,47.39991452504842,1015.5951353832274,0,none
2024-05-18 06:00:00,32.52724835399734,44.210612027708706,1017.0814802618731,0,none
2024-05-18 07:00:00,16.646299730609766,46.999643807740206,1013.1103953843166,1,spike
2024-05-18 08:00:00,30.605248036584307,44.01349284493699,1014.7532825198427,0,none
2024-05-18 09:00:00,30.12699054374406,47.36281630709153,1011.6197769649744,0,none
2024-05-18 10:00:00,27.553249793910187,49.44070721617981,1011.8683342179127,0,none
2024-05-18 11:00:00,28.40560085075988,54.84389504841955,1013.2556174779764,0,none
2024-05-18 12:00:00,27.936607498968407,57.6871339398029,1013.4446263251834,0,none
2024-05-18 13:00:00,25.930665036977768,69.11623730350487,1013.7121728936086,0,none
2024-05-18 14:00:00,24.941489151134025,62.922037051064706,1012.5009721503843,0,none
2024-05-18 15:00:00,22.216291943570127,66.1340566951357,1013.0684772228225,0,none
2024-05-18 16:00:00,23.2326929239229,71.45869025504727,1013.0016519612042,0,none
2024-05-18 17:00:00,21.898249733795083,72.44180600112622,1011.4272810935314,0,none
2024-05-18 18:00:00,22.190021037421364,75.34373252896285,1010.7792294179374,0,none
2024-05-18 19:00:00,20.389511606021156,76.8375280450885,1012.4116876750583,0,none
2024-05-18 20:00:00,23.522644762023333,72.2662498040328,1010.7482678606477,0,none
2024-05-18 21:00:00,22.750666985130547,67.88461196479952,1011.3933399584747,0,none
2024-05-18 22:00:00,25.56458749893375,66.50574589664093,1011.2462686971859,0,none
2024-05-18 23:00:00,25.829163606058337,56.866179406073556,1015.1388238429021,0,none
2024-05-19 00:00:00,26.449527610381256,60.9096232924738,1011.7701462983579,0,none
2024-05-19 01:00:00,28.04212863831256,55.960068383074805,1013.3674551313987,0,none
2024-05-19 02:00:00,28.982184328791817,55.15322958584724,1013.5003688860054,0,none
2024-05-19 03:00:00,30.28556056817736,48.23365377188099,1014.8973381810607,0,none
2024-05-19 04:00:00,30.91819465646883,49.45426768656921,1009.4256177636388,0,none
2024-05-19 05:00:00,31.789179699842474,44.89754828602478,1016.3348524746426,1,drift
2024-05-19 06:00:00,30.51000516101268,46.61057125550925,1014.676720656624,1,drift
2024-05-19 07:00:00,31.322859474521493,46.193945922536074,1015.5308946859384,1,drift
2024-05-19 08:00:00,30.368276395562106,51.51947565439673,1018.0854955749717,1,drift
2024-05-19 09:00:00,31.560109703552794,48.20441090744419,1013.4638664165238,1,drift
2024-05-19 10:00:00,29.36910046040522,48.170593810553996,1013.8335009562518,1,drift
2024-05-19 11:00:00,28.33354352324348,53.79461092496425,1017.3490232604288,1,drift
2024-05-19 12:00:00,27.202793782785978,58.729927616929835,1013.0502301273077,1,drift
2024-05-19 13:00:00,26.66590827703883,62.474882102628214,1019.3990426479297,1,drift
2024-05-19 14:00:00,23.690912880082106,71.68314396605366,1017.7016573285772,1,drift
2024-05-19 15:00:00,22.40421579544738,67.44253098498542,1017.9762178327245,1,drift
2024-05-19 16:00:00,21.358557425287966,70.9481276319734,1019.293917125681,1,drift
2024-05-19 17:00:00,21.78919380511472,74.81039492849341,1022.4378146918554,1,drift
2024-05-19 18:00:00,21.51467011000607,72.9361516945709,1017.7837811528292,1,drift
2024-05-19 19:00:00,21.520236024767456,74.6169095420242,1024.216179206025,1,drift
2024-05-19 20:00:00,23.073505937014698,75.25518377033183,1017.5780240124541,1,drift
2024-05-19 21:00:00,22.847673978709107,72.29950415826085,1019.3354818464031,1,drift
2024-05-19 22:00:00,22.917671689215922,66.8246900435658,1024.1434835304526,1,drift
2024-05-19 23:00:00,26.2584049668416,60.76695897178976,1019.3682515951981,1,drift
2024-05-20 00:00:00,26.4822206660296,59.547017342896375,1022.0545756020955,1,drift
2024-05-20 01:00:00,28.686129229155107,54.07892082493491,1020.4232783624867,1,drift
2024-05-20 02:00:00,26.760932338970907,53.374942580297166,1021.3470360505595,1,drift
2024-05-20 03:00:00,29.17651246206516,52.26726247133522,1016.69091707991,1,drift
2024-05-20 04:00:00,30.22876923794851,44.045345034498816,1024.548049869329,1,drift
2024-05-20 05:00:00,30.377198194439874,43.02483844633217,1013.2592366427978,0,none
2024-05-20 06:00:00,31.663329719795982,47.969716263542665,1013.2629468884705,0,none
2024-05-20 07:00:00,31.482263489934336,50.67020702799556,1012.6332637011053,0,none
2024-05-20 08:00:00,30.85229440700504,44.361537950927065,1010.2326816347672,0,none
2024-05-20 09:00:00,30.777181712617445,46.32993888457443,1012.6459396630258,0,none
2024-05-20 10:00:00,28.12779104414604,46.282241629208336,1014.050504307714,0,none
2024-05-20 11:00:00,27.67530562364375,55.60745918081503,1014.4706446946473,0,none
2024-05-20 12:00:00,26.011938210204704,60.56099620956853,1011.0444589088212,0,none
2024-05-20 13:00:00,25.653362955629824,62.68188361722332,1012.4618702359054,0,none
2024-05-20 14:00:00,22.969856111856615,66.1805542205518,1016.8908834821582,0,none
2024-05-20 15:00:00,24.060519714912616,69.466496665044,1013.1318157538514,0,none
2024-05-20 16:00:00,23.65525106611677,71.08228159989329,1012.1965638394304,0,none
2024-05-20 17:00:00,21.245773158469785,76.41178956867465,1013.7617537121562,0,none
2024-05-20 18:00:00,20.987807132091273,76.563497044233,1012.1964511068032,0,none
2024-05-20 19:00:00,22.07655833788969,73.05394441291762,1014.4833031200011,0,none
2024-05-20 20:00:00,22.5664532233096,69.18203494429285,1010.9469445345279,0,none
2024-05-20 21:00:00,25.612967608074495,71.29145930503672,1013.0900440194599,0,none
2024-05-20 22:00:00,23.7897052734899,66.1407469610211,1012.4128744656771,0,none
2024-05-20 23:00:00,26.66070796279358,64.1746542892909,1017.4576070950728,0,none
2024-05-21 00:00:00,27.000647738096486,64.08704163325824,1013.6553249075495,0,none
2024-05-21 01:00:00,28.097834140259714,58.51073684201627,1011.0577044974548,0,none
2024-05-21 02:00:00,27.588556356471976,55.44418463153557,1017.7129212905278,0,none
2024-05-21 03:00:00,28.8863752247831,47.93924616206524,1012.9371689759013,0,none
2024-05-21 04:00:00,30.15123848455205,44.59832557842085,1012.5988368428701,0,none
2024-05-21 05:00:00,32.409218499928315,45.6703052075124,1017.2654397017873,0,none
2024-05-21 06:00:00,33.50431824927102,48.837359505459766,1015.1448568762821,0,none
2024-05-21 07:00:00,30.49554135770288,46.44659842829934,1012.2965007750408,0,none
2024-05-21 08:00:00,31.444328110895913,44.53881483598529,1010.4327618605014,0,none
2024-05-21 09:00:00,31.241824039605437,55.868437466416,1011.7718457212763,0,none
2024-05-21 10:00:00,28.279494482232373,51.717686763730555,1014.9402589348862,0,none
2024-05-21 11:00:00,29.65983596634687,53.96871560435961,1010.656074512582,0,none
2024-05-21 12:00:00,24.375714058513992,55.9756576112824,1010.3515138548297,0,none
2024-05-21 13:00:00,25.353331031974903,61.01266922803646,1011.6561701141068,0,none
2024-05-21 14:00:00,22.205873966563757,68.44132193888308,1015.1130952826505,0,none
2024-05-21 15:00:00,22.205184863549,71.08718824780553,1013.7438402971638,0,none
2024-05-21 16:00:00,22.51937180602187,75.25189358316932,1009.2338140896619,0,none
2024-05-21 17:00:00,23.033491146601847,71.4452545866281,1010.5510323786065,0,none
2024-05-21 18:00:00,23.411210913124403,78.98797261831737,1011.7271577705349,0,none
2024-05-21 19:00:00,22.036831875691867,70.81456250763569,1011.2047646139672,0,none
2024-05-21 20:00:00,21.533783592475896,71.16451106989511,1014.6697789275136,0,none
2024-05-21 21:00:00,22.003923287980847,72.78838503545437,1014.9070960928724,0,none
2024-05-21 22:00:00,23.695048675989543,68.39950695919138,1010.4688110344672,0,none
2024-05-21 23:00:00,24.585501734781257,61.78930253877482,1012.121148976938,0,none
2024-05-22 00:00:00,26.234937897989905,60.12683209663265,1013.2370511334848,0,none
2024-05-22 01:00:00,28.116490273029306,57.0257040937955,1010.0935425274062,0,none
2024-05-22 02:00:00,28.637432633652043,49.73605497676059,1012.579137160996,1,drift
2024-05-22 03:00:00,28.07653417174287,48.61877183251389,1017.3161966510544,1,drift
2024-05-22 04:00:00,32.320796771678516,47.96373626505435,1018.4135333643142,1,drift
2024-05-22 05:00:00,29.796483750591634,51.064717493733916,1011.5813045549061,1,drift
2024-05-22 06:00:00,32.14025159896644,43.93933905145883,1014.3018415998868,1,drift
2024-05-22 07:00:00,27.899475098784475,47.9962683311427,1016.4279170636466,1,drift
2024-05-22 08:00:00,31.621282273316314,42.9672890202102,1017.0682830310781,1,drift
2024-05-22 09:00:00,28.80113149407281,51.34979105972318,1015.658330501458,1,drift
2024-05-22 10:00:00,29.21854307002624,52.8555662845835,1019.6962948439075,1,drift
2024-05-22 11:00:00,27.77854495831679,54.994272268508766,1015.0187486550863,1,drift
2024-05-22 12:00:00,26.083957394535755,57.74012843586437,1018.8107417995277,1,drift
2024-05-22 13:00:00,25.071869391920767,63.781627709141084,1016.2784784868704,1,drift
2024-05-22 14:00:00,22.624382237065955,67.4832724527083,1019.3391196427376,1,drift
2024-05-22 15:00:00,21.960512502841645,70.32564755182726,1016.9327626818638,1,drift
2024-05-22 16:00:00,22.220663977914985,66.18989476746758,1015.8213632050226,1,drift
2024-05-22 17:00:00,20.327877503777696,72.50371526663656,1016.6837530570087,1,drift
2024-05-22 18:00:00,22.308420252757536,68.7235579087881,1019.8639025182662,1,drift
2024-05-22 19:00:00,20.549246470042153,78.22071642760449,1020.3596738285283,1,drift
2024-05-22 20:00:00,22.718644351527384,75.24059096723295,1019.1575991809696,1,drift
2024-05-22 21:00:00,22.525360629212116,70.3821967161359,1022.4198189294633,1,drift
2024-05-22 22:00:00,22.202728903309133,69.36203904713824,1021.3216105759884,1,drift
2024-05-22 23:00:00,27.087943485487514,63.85938206440373,1021.6359324259191,1,drift
2024-05-23 00:00:00,25.76887129294032,59.77493819147155,1023.4489744414019,1,drift
2024-05-23 01:00:00,28.20494612580311,57.674564708794016,1023.0989075560389,1,drift
2024-05-23 02:00:00,29.571654999698858,51.944259390966074,1011.076629263329,0,none
2024-05-23 03:00:00,28.128258015740013,46.954996015078216,1008.9049964295399,0,none
2024-05-23 04:00:00,31.232273066621858,51.161671316966356,1011.729431363891,0,none
2024-05-23 05:00:00,31.617490299445873,44.76408984895492,1013.1754669501038,0,none
2024-05-23 06:00:00,30.50071367111374,39.65641408997492,1016.9078014752954,0,none
2024-05-23 07:00:00,31.827072496809016,41.13334622229039,1015.6645160991145,0,none
2024-05-23 08:00:00,30.507293735232356,49.890248677758,1014.8487458823981,0,none
2024-05-23 09:00:00,28.280376255111886,48.73257070178716,1011.3363564611151,0,none
2024-05-23 10:00:00,28.979364273521607,50.074506128487904,1014.9520748641736,0,none
2024-05-23 11:00:00,27.22441951050447,54.47423830109889,1010.2174876870376,0,none
2024-05-23 12:00:00,26.801364835407167,60.36144150729687,1014.2689810539003,0,none
2024-05-23 13:00:00,25.54412944602351,64.07460152973891,1013.3344380632742,0,none
2024-05-23 14:00:00,24.011280049731813,68.07529240597302,1012.6682371815416,0,none
2024-05-23 15:00:00,23.28345298189781,66.21650807022655,1013.9876405622466,0,none
2024-05-23 16:00:00,22.419530723508103,72.41402322352866,1013.5050911508475,0,none
2024-05-23 17:00:00,20.425581043331228,74.33237189392395,1014.5822262411212,0,none
2024-05-23 18:00:00,21.88762239121963,74.46618459421893,1013.5477838609813,0,none
2024-05-23 19:00:00,18.85098882410731,70.35737538244189,1013.8464817206956,0,none
2024-05-23 20:00:00,21.681220399710874,69.02689488208752,1011.8282608138244,0,none
2024-05-23 21:00:00,21.579493025528407,68.21842635385137,1013.2863306876294,0,none
2024-05-23 22:00:00,-4.613841026169766,70.15344324464458,1011.6670770548551,1,spike
2024-05-23 23:00:00,26.127829893543144,60.1500070271064,1009.7272178539804,0,none
2024-05-24 00:00:00,24.840176806515174,60.31280213125144,1014.5332105137431,0,none
2024-05-24 01:00:00,26.691917340148116,57.267489769665694,1011.0468221739153,0,none
2024-05-24 02:00:00,27.96784546685522,56.974692809945296,1014.4607137545565,0,none
2024-05-24 03:00:00,30.254462881795302,48.46592544098512,1009.2785120745227,0,none
2024-05-24 04:00:00,30.899063330715677,50.378747730861996,1013.0846570061905,0,none
2024-05-24 05:00:00,28.98409149997412,47.45212101070022,1014.4001933038422,0,none
2024-05-24 06:00:00,30.96021880326914,42.91429417218478,1009.7753533900697,0,none
2024-05-24 07:00:00,30.831885536423112,48.81044556799021,1013.8233858360064,0,none
2024-05-24 08:00:00,29.353395302741088,47.45487732271613,1013.5549214311519,1,drift
2024-05-24 09:00:00,27.493130853221054,54.485380051039456,1011.7350081842443,1,drift
2024-05-24 10:00:00,30.03440763651403,57.04553007532401,1016.1572892776301,1,drift
2024-05-24 11:00:00,25.078666940625872,56.004180808572066,1016.4637846876038,1,drift
2024-05-24 12:00:00,25.061486439304282,63.121738016679195,1014.4539653344608,1,drift
2024-05-24 13:00:00,23.427647029430616,57.85429825507987,1015.1920163196717,1,drift
2024-05-24 14:00:00,23.740905971341544,65.17974433860284,1015.8610269366226,1,drift
2024-05-24 15:00:00,22.443775831810136,69.93168126150697,1013.4544599745703,1,drift
2024-05-24 16:00:00,21.803919309906945,71.66589742662637,1019.8790428309978,1,drift
2024-05-24 17:00:00,20.82243859284714,74.22340676061857,1016.6657555380621,1,drift
2024-05-24 18:00:00,20.591115407049298,74.22340676061857,1020.307483127867,1,drift
2024-05-24 19:00:00,20.297553349752455,74.22340676061857,1018.7405397318819,1,drift
2024-05-24 20:00:00,19.745652189970937,74.22340676061857,1017.6938593876623,1,drift
2024-05-24 21:00:00,24.05001106408643,74.22340676061857,1017.0599253388577,1,drift
2024-05-24 22:00:00,23.75658967609926,74.22340676061857,1018.3136478171621,1,drift
2024-05-24 23:00:00,24.980447664602725,65.10663722297497,1020.0048404948808,1,drift
2024-05-25 00:00:00,25.730449749099456,63.03976898193623,1022.7002842459375,1,drift
2024-05-25 01:00:00,27.225233434733614,63.03976898193623,1018.4486945842824,1,drift
2024-05-25 02:00:00,30.425871624848686,63.03976898193623,1023.3901971058064,1,drift
2024-05-25 03:00:00,27.688423408879242,63.03976898193623,1018.9232407088073,1,drift
2024-05-25 04:00:00,28.564135823626646,63.03976898193623,1021.3052924407078,1,drift
2024-05-25 05:00:00,30.85894886746224,63.03976898193623,1020.6758063506875,1,drift
2024-05-25 06:00:00,30.947159426853645,43.66447714327774,1021.4105854660189,1,drift
2024-05-25 07:00:00,30.347115575355556,41.65218967967474,1020.1910156480839,1,drift
2024-05-25 08:00:00,28.96579221335001,45.98995116417751,1015.875673971357,0,none
2024-05-25 09:00:00,29.265704628347937,48.753333837140936,1012.7603408320587,0,none
2024-05-25 10:00:00,26.7954300080081,56.82447859725014,1012.9999512730684,0,none
2024-05-25 11:00:00,25.881391054070434,50.53831177736018,1012.412673588413,0,none
2024-05-25 12:00:00,27.418627945833894,62.1817153784712,1014.8639781869734,0,none
2024-05-25 13:00:00,24.074302847321775,61.85092566469125,1013.7855778082109,0,none
2024-05-25 14:00:00,21.52201829356093,68.27719317396843,1013.7546057793768,0,none
2024-05-25 15:00:00,21.36878742559798,74.10473773375654,1015.2741104016327,0,none
2024-05-25 16:00:00,21.57232533159135,64.6701816128441,1011.878845328406,0,none
2024-05-25 17:00:00,18.86664667725497,79.4818944541384,1011.7702580448669,0,none
2024-05-25 18:00:00,21.258055696789942,79.14720262102534,1015.8304489108283,0,none
2024-05-25 19:00:00,20.594900540430405,66.76536320072283,1013.0746183626013,0,none
2024-05-25 20:00:00,23.033003965618686,74.96099068265542,1012.283685261324,0,none
2024-05-25 21:00:00,21.911356936211483,72.02052098335342,1012.287838133677,0,none
2024-05-25 22:00:00,23.096642113641057,67.71944859912455,1012.4856647411034,0,none
2024-05-25 23:00:00,24.838202588605512,67.41688179373446,1012.3133857102964,0,none
2024-05-26 00:00:00,25.53244207273522,57.836653027317304,1010.5864969531485,0,none
2024-05-26 01:00:00,27.78505869846432,57.308633311276594,1010.7768125408777,0,none
2024-05-26 02:00:00,26.578262200943893,48.82170136567021,1010.6978748105736,0,none
2024-05-26 03:00:00,30.26949946789484,51.427966572265255,1009.7189134798479,0,none
2024-05-26 04:00:00,28.901945346564823,47.12366521003339,1014.6745369552023,0,none
2024-05-26 05:00:00,29.871578736126832,41.15855370009025,1015.4069493709499,0,none
2024-05-26 06:00:00,31.527943532277888,43.37949827121308,1013.4666864875404,0,none
2024-05-26 07:00:00,32.40538342114243,44.95886603422909,1014.4698407853821,0,none
2024-05-26 08:00:00,28.21397954740883,49.22887068130321,1012.5166684105886,0,none
2024-05-26 09:00:00,30.70943535880452,47.005227695149024,1014.6215440801446,0,none
2024-05-26 10:00:00,28.01070374649157,52.41911880623465,1008.9704833997567,0,none
2024-05-26 11:00:00,25.995373992935225,56.30140127350972,1013.5404014706882,0,none
2024-05-26 12:00:00,26.160912638034574,60.719114666706005,1015.5603452612527,0,none
2024-05-26 13:00:00,24.100406560154582,61.53504566756718,1011.4282483375058,0,none
2024-05-26 14:00:00,22.08721114150086,70.99363410209408,1010.8983684118436,0,none
2024-05-26 15:00:00,22.785423907345013,75.67285542238976,1009.8933777951243,0,none
2024-05-26 16:00:00,21.393842645880618,73.86238823457907,1014.3717290209173,0,none
2024-05-26 17:00:00,20.83724867679279,71.3080648119264,1013.755150439942,0,none
2024-05-26 18:00:00,22.79744998834842,75.76091685874195,1006.7362952249645,0,none
2024-05-26 19:00:00,20.260288131298147,75.929731673395,1014.0087775156259,0,none
2024-05-26 20:00:00,20.29512019486095,74.20261202136511,1012.4455842577755,0,none
2024-05-26 21:00:00,22.591983557369595,66.10411054427054,1014.6118351433736,0,none
2024-05-26 22:00:00,22.287885308074127,70.77719229591678,1015.2327352868153,0,none
2024-05-26 23:00:00,24.31770015728706,66.28861351980665,1011.3108553436851,0,none
2024-05-27 00:00:00,25.70790668514313,61.047880849346825,1014.8686817709868,0,none
2024-05-27 01:00:00,25.695281458870245,58.05367458886356,1015.8290831150185,0,none
2024-05-27 02:00:00,29.616391475982603,46.77045709177862,1012.9446504655605,0,none
2024-05-27 03:00:00,28.736319059061454,48.342063033367765,1012.1882041242612,0,none
2024-05-27 04:00:00,28.77507585066745,46.49640821288811,1014.8086245229895,0,none
2024-05-27 05:00:00,30.14103820566684,48.3899786474879,1015.114286799031,0,none
2024-05-27 06:00:00,30.057064548209475,46.40306050787846,1018.7482769846482,0,none
2024-05-27 07:00:00,30.3496483839187,42.47554348758071,1016.1537342650984,0,none
2024-05-27 08:00:00,30.12035925544435,49.50267795455973,1014.6209855323312,0,none
2024-05-27 09:00:00,28.769730693384528,47.42567414280318,1014.3593179883184,0,none
2024-05-27 10:00:00,27.091851178867387,58.521643062508076,1009.1541934557391,0,none
2024-05-27 11:00:00,26.08735923644827,57.1633926256392,1015.7019152795841,0,none
2024-05-27 12:00:00,26.331258578698034,55.81263644376572,1011.9533223065944,0,none
2024-05-27 13:00:00,24.805090552710737,61.2736363407774,1009.9845529375286,0,none
2024-05-27 14:00:00,25.08789050905034,64.3062904729413,1015.0781479828954,0,none
2024-05-27 15:00:00,22.548093962133514,63.73658740992376,1012.8819378020764,0,none
2024-05-27 16:00:00,19.32347440179949,67.04850631429225,1012.8797878314193,0,none
2024-05-27 17:00:00,21.246647717061755,78.36859943103829,1012.1719811600941,0,none
2024-05-27 18:00:00,19.961057487419197,77.36281531838024,1012.6837948385963,0,none
2024-05-27 19:00:00,21.331280768793544,70.27856309095033,1014.7840938418923,0,none
2024-05-27 20:00:00,,75.71202067962902,1013.4390671455008,1,null
2024-05-27 21:00:00,22.546938222650525,68.10706251868965,1016.1494244073039,0,none
2024-05-27 22:00:00,22.671771439597155,70.74672949795134,1011.7888130063566,0,none
2024-05-27 23:00:00,24.28701535372918,64.78540130887343,1011.2687112730221,0,none
2024-05-28 00:00:00,24.699985796958682,59.14444657192253,1009.2564526367216,0,none
2024-05-28 01:00:00,25.577911946830444,56.48789843188575,1012.3964492162197,0,none
2024-05-28 02:00:00,27.43341615356631,44.231437638865444,1012.6735918193084,0,none
2024-05-28 03:00:00,28.600487130267247,45.83065332929306,1012.2759115636317,0,none
2024-05-28 04:00:00,31.106736855072125,44.248883874414915,1014.1750666894935,0,none
2024-05-28 05:00:00,30.803368508200442,43.47530030107898,1009.7514710549226,0,none
2024-05-28 06:00:00,29.529679892672366,48.30793138285703,1009.1648991122229,0,none
2024-05-28 07:00:00,29.485690901980004,45.22241994441187,1011.1605061765242,0,none
2024-05-28 08:00:00,31.82555583597693,50.594079087944266,1008.722898790932,0,none
2024-05-28 09:00:00,30.828443516283258,47.197688717032534,1014.397211520528,0,none
2024-05-28 10:00:00,28.13665504457027,45.07863588126439,1011.6896677855628,0,none
2024-05-28 11:00:00,27.30796842823531,58.368407515821694,1015.5897780286972,0,none
2024-05-28 12:00:00,24.930336025471956,61.9119060538231,1011.7384129324263,0,none
2024-05-28 13:00:00,23.2146846750127,65.30440419880674,1011.1892083393203,0,none
2024-05-28 14:00:00,22.71922323981746,74.68253663117558,1015.467454768912,0,none
2024-05-28 15:00:00,22.54651942010826,67.37777191259792,1013.7748117215024,0,none
2024-05-28 16:00:00,20.117930285675126,74.6305873982774,1013.5015029371992,0,none
2024-05-28 17:00:00,18.95607980225233,68.77301000597602,1011.2826881374425,0,none
2024-05-28 18:00:00,18.172251209781155,74.08543032843666,1012.130548883033,0,none
2024-05-28 19:00:00,21.989942523257735,77.291624159215,1014.4406165004993,0,none
2024-05-28 20:00:00,20.6848121863274,72.88086823970256,1009.9388173055324,0,none
2024-05-28 21:00:00,22.030201137292217,66.97145200640153,1011.1655497797674,0,none
2024-05-28 22:00:00,21.223446494434715,64.62065787325884,1014.9978368483694,0,none
2024-05-28 23:00:00,24.439359173003258,60.22541427112647,1009.6848073617457,0,none
2024-05-29 00:00:00,23.482440095153592,67.66027334903764,1011.1942430299059,0,none
2024-05-29 01:00:00,26.80985631139327,57.779131120431565,1013.4600529610497,0,none
2024-05-29 02:00:00,27.932381411851157,56.15071944448166,1009.5745468732033,0,none
2024-05-29 03:00:00,29.049612369257016,47.05254073282914,1013.1654292248668,0,none
2024-05-29 04:00:00,29.459719669976543,49.73354358914986,1011.4086206665592,0,none
2024-05-29 05:00:00,28.96389372629834,48.41138510773125,1016.9740009710298,0,none
2024-05-29 06:00:00,30.640580857817312,44.32366256487328,1014.6266287344489,0,none
2024-05-29 07:00:00,30.41309265425895,43.96423417031839,1014.252374713416,0,none
2024-05-29 08:00:00,29.03464784816568,48.942376037270925,1012.0132790089926,0,none
2024-05-29 09:00:00,27.953714597892496,48.9446531173403,1010.7210178433672,0,none
2024-05-29 10:00:00,27.89471744845404,54.42636256420442,1012.020258401867,0,none
2024-05-29 11:00:00,27.193715348011136,55.532709858570804,1012.5737369208304,0,none
2024-05-29 12:00:00,26.99785794233323,61.212747808303966,1009.3907315621522,0,none
2024-05-29 13:00:00,26.94360889060186,68.53786789354804,1013.2752187202366,0,none
2024-05-29 14:00:00,23.157189265348705,70.24863051168552,1014.9319145812483,0,none
2024-05-29 15:00:00,21.42046781496053,64.19749822598936,1012.867775831443,0,none
2024-05-29 16:00:00,21.49891072162064,79.20813250285333,1011.6005257088615,0,none
2024-05-29 17:00:00,21.19876933751896,69.34966529659913,1012.6897444692074,0,none
2024-05-29 18:00:00,20.265693427145287,69.62709336528,1015.5937833367922,0,none
2024-05-29 19:00:00,20.75460504918337,76.65893521137838,1010.8203045312176,0,none
2024-05-29 20:00:00,20.90900913459957,71.61833894958092,1015.4085862876317,0,none
2024-05-29 21:00:00,21.313106265742597,69.27040187608877,1012.8633948310753,0,none
2024-05-29 22:00:00,24.64969210825491,66.15283609120851,1014.7874928288779,0,none
2024-05-29 23:00:00,25.32386217108481,61.80390596145529,1013.8079904734457,0,none
2024-05-30 00:00:00,23.453293746470763,66.78794272994432,1014.2061161099165,0,none
2024-05-30 01:00:00,28.561744913666175,60.367802452301554,1014.7394369084186,0,none
2024-05-30 02:00:00,27.670793211317573,54.02308210989244,1011.1576310193724,0,none
2024-05-30 03:00:00,28.658091772200702,50.2910418966332,1011.7213150473656,0,none
2024-05-30 04:00:00,28.886724904319692,47.75586167226968,1009.8803243354689,0,none
2024-05-30 05:00:00,31.026772911548278,51.891319246125526,1011.5828234671421,0,none
2024-05-30 06:00:00,30.3492265816173,47.05567826022473,1012.4032433455551,0,none
2024-05-30 07:00:00,28.97159933712289,46.25400924701459,1007.9621520084488,0,none
2024-05-30 08:00:00,27.79870245014611,46.54885838125283,1014.1004649120783,0,none
2024-05-30 09:00:00,28.72493509309658,49.72328619269731,1012.000064750045,0,none
2024-05-30 10:00:00,27.788372106618393,52.41625010979684,1010.9116429890738,0,none
2024-05-30 11:00:00,27.415632271434333,55.1167324540516,1015.26526662245,0,none
2024-05-30 12:00:00,24.374337517511336,56.515016760531864,1009.986357763412,0,none
2024-05-30 13:00:00,22.33925077035409,67.16880255970926,1012.4047181245272,0,none
2024-05-30 14:00:00,23.375250044810453,68.12174343192099,1012.2958127002688,0,none
2024-05-30 15:00:00,22.68742372817969,72.18311615330839,1007.8440724553752,0,none
2024-05-30 16:00:00,20.040956900240932,74.04074259816088,1013.0193862045629,0,none
2024-05-30 17:00:00,20.102377298336403,76.66466670258082,1011.3731659863996,0,none
2024-05-30 18:00:00,20.140264812666906,76.01280819704309,1008.6100106823451,0,none
2024-05-30 19:00:00,20.210777595440923,72.24938623715065,1014.3050800731127,0,none
2024-05-30 20:00:00,20.379129893791422,69.13237433328882,1013.5586563758156,0,none
2024-05-30 21:00:00,22.101127545963188,71.7769029756963,1014.2382552097934,0,none
2024-05-30 22:00:00,22.56676919253716,68.7512339716658,1011.5831085599374,0,none
2024-05-30 23:00:00,24.111613479289822,61.23630495854755,1011.465438914552,0,none
2024-05-31 00:00:00,24.77927545864046,54.48045096729292,1014.6951454031739,0,none
2024-05-31 01:00:00,27.812816094255126,57.26182477220082,1014.9329887485346,0,none
2024-05-31 02:00:00,29.924536132507516,53.17886638481907,1012.9364857374774,0,none
2024-05-31 03:00:00,28.364959165005857,48.42329308883267,1011.9749477818827,0,none
2024-05-31 04:00:00,30.996693959888407,46.541867643592944,1016.4629011385301,0,none
2024-05-31 05:00:00,29.9110559214418,42.99369481975235,1011.0319932294409,0,none
2024-05-31 06:00:00,31.0851191550006,39.76195933686814,1013.9347416215452,0,none
2024-05-31 07:00:00,27.667227708734764,42.38823866659344,1011.511776538498,0,none
2024-05-31 08:00:00,31.169713527244525,47.57216393425367,1011.3660157422889,0,none
2024-05-31 09:00:00,26.73403372908765,46.313473926697796,1013.1967418974461,0,none
2024-05-31 10:00:00,28.758037115776478,48.91204856196748,1012.4014343551928,0,none
2024-05-31 11:00:00,26.396879208579605,54.69976125466648,1015.1948665812137,0,none
2024-05-31 12:00:00,24.768683894183283,58.89379824363377,1012.3574485924257,0,none
2024-05-31 13:00:00,23.56141230141814,60.26919384628628,1012.3180931706954,0,none
2024-05-31 14:00:00,23.26429827198223,63.09999753725516,1010.1208889366027,0,none
2024-05-31 15:00:00,21.182872715186924,67.62091015565427,1015.4542531136574,0,none
2024-05-31 16:00:00,20.511328870678707,79.20000805965371,1013.581735229328,0,none
2024-05-31 17:00:00,20.098471159060878,79.64983629154825,1014.9459837022049,0,none
2024-05-31 18:00:00,20.437049717980404,78.33490533559095,1013.5529822509905,0,none
2024-05-31 19:00:00,20.788238946864272,73.79054508256613,1011.1708965907085,0,none
2024-05-31 20:00:00,20.33381197514432,70.0521523904008,1011.7040241705483,0,none
2024-05-31 21:00:00,21.766472418176022,68.32269023567831,1013.1853233841994,0,none
2024-05-31 22:00:00,22.553368590851257,64.11526676859953,1011.7387517199857,0,none
2024-05-31 23:00:00,23.546424748531386,63.403770531704815,1009.0099143081084,0,none
2024-06-01 00:00:00,25.367450084369814,58.566191173148724,1013.4495088925277,0,none
2024-06-01 01:00:00,24.775093779635426,52.25879965769589,1012.7551920655391,0,none
2024-06-01 02:00:00,27.016068710203687,46.54838128384273,1012.6391486720181,0,none
2024-06-01 03:00:00,28.330519537335746,44.233491539023284,1011.0449701171086,0,none
2024-06-01 04:00:00,29.27980432216676,47.159985495046556,1009.8351989303554,0,none
2024-06-01 05:00:00,52.90376028513424,45.74416647999438,1014.5968408090803,1,spike
2024-06-01 06:00:00,30.176622651214593,42.01167290955277,1014.1845685095823,0,none
2024-06-01 07:00:00,29.60089736577581,45.053829112382566,1011.6724611651836,0,none
2024-06-01 08:00:00,27.17978203994929,51.64281984603038,1014.4592689255824,0,none
2024-06-01 09:00:00,28.150209268823364,51.444746839737725,1010.7446023756358,0,none
2024-06-01 10:00:00,27.509381901803046,48.49040054259163,1010.2410315060237,0,none
2024-06-01 11:00:00,26.166340166153187,56.38681395077178,1011.9923826026616,0,none
2024-06-01 12:00:00,25.38430448077388,56.632248979298716,1012.7131030138078,0,none
2024-06-01 13:00:00,23.889367824164452,59.72398790232816,1015.4656738817076,0,none
2024-06-01 14:00:00,22.641983198686862,65.77346553723996,1014.7223257459165,0,none
2024-06-01 15:00:00,21.081819756416095,72.88680680986374,1017.6838098848215,0,none
2024-06-01 16:00:00,19.686950368949514,75.04988918627734,1013.2359436449882,0,none
2024-06-01 17:00:00,18.934760344687263,76.28604593299711,1013.5224200733842,0,none
2024-06-01 18:00:00,21.254718342557872,73.4213783040724,1012.7423158302603,0,none
2024-06-01 19:00:00,21.65827918559352,74.07407917411342,1013.5242933699664,0,none
2024-06-01 20:00:00,21.323688350774688,71.05965741167051,1009.602751272753,0,none
2024-06-01 21:00:00,20.51582699935483,68.6658366189345,1010.4485864443467,0,none
2024-06-01 22:00:00,23.752817612063048,66.52570448338584,1016.7899137751484,0,none
2024-06-01 23:00:00,23.519805748663515,68.70285085268554,1011.0020483938782,0,none
2024-06-02 00:00:00,23.55302895694353,55.38373984771297,1009.9317494245059,0,none
2024-06-02 01:00:00,26.124751997222514,56.03858429290629,1014.8699407776506,0,none
2024-06-02 02:00:00,26.323161852414966,54.62041264221172,1015.2814771933965,0,none
2024-06-02 03:00:00,27.15719759642261,52.75936403579443,1015.6283055458606,0,none
2024-06-02 04:00:00,28.12966920178173,46.72137500516986,1014.6318891422386,0,none
2024-06-02 05:00:00,29.79865995947005,42.69619069828324,1014.0201684475194,0,none
2024-06-02 06:00:00,29.18723886049332,39.90327089349885,1013.3174955521008,0,none
2024-06-02 07:00:00,30.012522614088425,44.69144746230613,1011.6455449500024,0,none
2024-06-02 08:00:00,,44.93163228566452,1013.3358576474125,1,null
2024-06-02 09:00:00,26.291671416802178,45.36304299281994,1013.848886262454,0,none
2024-06-02 10:00:00,26.152343698082028,53.73117109546707,1010.299698957925,0,none
2024-06-02 11:00:00,24.355570359686695,50.0453315187908,1014.0488743114611,0,none
2024-06-02 12:00:00,24.120463692931217,58.79048183510128,1014.4906077479984,0,none
2024-06-02 13:00:00,23.25066755045434,63.1811683650032,1014.5578640462467,0,none
2024-06-02 14:00:00,22.124877743283186,64.37903167427204,1011.492442998632,0,none
2024-06-02 15:00:00,20.258437612822366,68.10625186810663,1013.8705385508136,0,none
2024-06-02 16:00:00,20.24262654376968,75.31829390370204,1013.7839992243843,0,none
2024-06-02 17:00:00,19.231955355042967,72.82475172121121,1015.2265524113448,0,none
2024-06-02 18:00:00,21.173928280345397,74.33162192164437,1014.1001797311136,0,none
2024-06-02 19:00:00,20.470514424423676,78.0050756131833,1013.5811108494066,0,none
2024-06-02 20:00:00,17.76399842718667,77.6445762784828,1013.2662668464413,0,none
2024-06-02 21:00:00,21.56789223373548,70.99869032774093,1014.5226368885062,0,none
2024-06-02 22:00:00,21.779622031025966,64.805761206743,1013.73100753301,0,none
2024-06-02 23:00:00,23.0396862795968,60.628122670878184,1014.3679640884758,0,none
2024-06-03 00:00:00,24.806194996331367,57.84415675744746,1011.4294725280696,0,none
2024-06-03 01:00:00,27.728860726909886,56.727436158067675,1014.5995886299346,0,none
2024-06-03 02:00:00,26.483598728894048,54.1140609600798,1010.7428423693052,0,none
2024-06-03 03:00:00,28.55400099537321,51.908927816139226,1011.7018535697408,0,none
2024-06-03 04:00:00,28.502755636341625,52.63572525632491,1009.9868690551831,0,none
2024-06-03 05:00:00,28.993302670106218,44.13619900151256,1011.4030480002186,0,none
2024-06-03 06:00:00,28.211759266369732,46.049514135068634,1010.0031321557158,0,none
2024-06-03 07:00:00,29.71836260639982,43.40743041238271,1014.0383298849339,0,none
2024-06-03 08:00:00,27.842270620796903,44.909110067126605,1014.365630439649,0,none
2024-06-03 09:00:00,27.92139540820896,49.293305457398276,1016.7295408424505,0,none
2024-06-03 10:00:00,27.13834243341301,53.82516804849665,1010.3790867039064,0,none
2024-06-03 11:00:00,25.68974746516835,58.783938558873515,1013.8643037022374,0,none
2024-06-03 12:00:00,23.84922312553729,62.370146588204555,1011.4301301747207,0,none
2024-06-03 13:00:00,22.217293912107763,62.483228524599355,1013.6354249348929,0,none
2024-06-03 14:00:00,22.45208599123909,74.25188444153781,1012.1468137636061,0,none
2024-06-03 15:00:00,19.35679542448649,66.83460888003147,1011.2651028206842,0,none
2024-06-03 16:00:00,20.231916296702366,72.46830243112191,1012.7226378477327,0,none
2024-06-03 17:00:00,19.35637817837695,70.24114694291185,1014.6122917596351,0,none
2024-06-03 18:00:00,19.56053181563451,78.43193537484157,1015.0882997148823,0,none
2024-06-03 19:00:00,18.836631090542316,73.66859937601,1011.7334092544213,0,none
2024-06-03 20:00:00,19.105040911639584,68.04360286004324,1013.861167923506,0,none
2024-06-03 21:00:00,20.251820256483082,75.6079355449106,1014.0803461322632,0,none
2024-06-03 22:00:00,20.419959502498106,65.38577167384058,1015.9397698819304,0,none
2024-06-03 23:00:00,22.105415586637324,60.59447023676135,1009.3948648870969,0,none
2024-06-04 00:00:00,25.929866811157492,63.64572954575732,1012.6068440649228,0,none
2024-06-04 01:00:00,26.09992738536739,52.8847696735028,1011.0350875526233,0,none
2024-06-04 02:00:00,27.14695105983318,53.17664524562095,1013.6281572910178,0,none
2024-06-04 03:00:00,28.32232089678705,51.60606351701418,1010.1674533886905,0,none
2024-06-04 04:00:00,28.579155665969854,49.028419813857376,1013.490816112015,0,none
2024-06-04 05:00:00,31.189666675235106,46.560916514265976,1011.2751708528406,0,none
2024-06-04 06:00:00,30.26891759615382,43.75393416992641,1010.8533429256172,0,none
2024-06-04 07:00:00,29.23753304946436,47.97549283788968,1012.6954387027107,0,none
2024-06-04 08:00:00,28.471591545599416,44.137231974630794,1010.1696610464329,0,none
2024-06-04 09:00:00,27.597157639228495,54.19454766681092,1010.9049562448265,0,none
2024-06-04 10:00:00,27.04985347932306,56.353100241159304,1012.0999691840724,0,none
2024-06-04 11:00:00,26.19272273208021,57.87098035183948,1009.6035170672627,0,none
2024-06-04 12:00:00,24.57402561039719,58.05665934122929,1009.4752124739931,0,none
2024-06-04 13:00:00,21.859667054490995,66.42804894817142,1013.3846927459273,0,none
2024-06-04 14:00:00,21.28911404279473,68.87003340487956,1011.1757097401431,0,none
2024-06-04 15:00:00,20.20240199034515,73.82125796051136,1016.4639771782669,0,none
2024-06-04 16:00:00,17.885804438173118,74.62475496276107,1012.0181863943264,0,none
2024-06-04 17:00:00,19.581453497537424,76.01853481109714,1015.593384216305,0,none
2024-06-04 18:00:00,19.248427868936805,76.7576715088771,1013.184625305538,0,none
2024-06-04 19:00:00,20.584423010069916,72.75706051134229,1013.4656252569542,0,none
2024-06-04 20:00:00,19.73236213188057,73.28794479436436,1015.043373169382,0,none
2024-06-04 21:00:00,21.216354867858392,71.07055649893015,1012.6905040583928,0,none
2024-06-04 22:00:00,21.717311821743333,60.53372501544209,1011.1554837985402,0,none
2024-06-04 23:00:00,22.325694786831757,61.36554910808906,1011.2325447994756,0,none
2024-06-05 00:00:00,23.84548646690054,59.65725382131912,1014.9208825849215,0,none
2024-06-05 01:00:00,25.378668908412546,60.582701678418104,1016.5688089749545,0,none
2024-06-05 02:00:00,26.986960000549058,54.30435197381097,1016.9132178569854,0,none
2024-06-05 03:00:00,26.74090356985598,50.628315633880014,1012.0285920664589,0,none
2024-06-05 04:00:00,28.553556206101376,41.293646393278486,1008.5662457977135,0,none
2024-06-05 05:00:00,28.26474593738344,46.3252061995783,1017.0827663615725,0,none
2024-06-05 06:00:00,29.49215777819144,46.083682177499085,1011.328041418683,0,none
2024-06-05 07:00:00,30.727143148308517,43.51036331897588,1013.4413269696594,0,none
2024-06-05 08:00:00,30.597788065175575,42.63815777635755,1011.5665343423822,0,none
2024-06-05 09:00:00,28.13196662405132,48.05157300791953,1014.2261511774223,0,none
2024-06-05 10:00:00,25.37014210239565,54.00701307918678,1008.6328213739698,0,none
2024-06-05 11:00:00,24.97980039356789,58.046463371090056,1009.2009017722553,0,none
2024-06-05 12:00:00,24.258323348363323,51.80179232729776,1013.0323942336374,0,none
2024-06-05 13:00:00,22.081682464337373,59.56039284761237,1012.0687225273413,0,none
2024-06-05 14:00:00,21.757699634029713,64.57152354845468,1014.1116340726838,0,none
2024-06-05 15:00:00,22.902197298576677,69.34233195674834,1015.2223371051933,0,none
2024-06-05 16:00:00,20.264767737477715,72.26797711965037,1011.1225055136771,0,none
2024-06-05 17:00:00,17.625916419741287,76.81911091668717,1014.3049248402203,0,none
2024-06-05 18:00:00,20.705299857858616,78.88372753000291,1014.6879998698298,0,none
2024-06-05 19:00:00,19.927944399661484,77.69510047745594,1011.5629842575747,0,none
2024-06-05 20:00:00,19.006411379946965,78.3253728359371,1014.6251150387614,0,none
2024-06-05 21:00:00,20.73004136507183,74.52850685594453,1013.7661780839722,0,none
2024-06-05 22:00:00,21.860861155153774,64.28058180945908,1011.8959268113052,0,none
2024-06-05 23:00:00,23.900905534628183,61.416758484074585,1011.5694096469455,0,none
2024-06-06 00:00:00,,57.22100612530859,1013.7329029517115,1,null
2024-06-06 01:00:00,25.44175346009661,52.96747016819569,1016.1230825895593,0,none
2024-06-06 02:00:00,26.376481896333217,48.7429972910865,1013.2403255742963,0,none
2024-06-06 03:00:00,27.38388125070202,50.3344193425176,1014.6258654821098,0,none
2024-06-06 04:00:00,30.444157742470118,47.737325727208415,1017.7991201493015,0,none
2024-06-06 05:00:00,31.359697303690822,41.540711117430845,1013.0908586889101,0,none
2024-06-06 06:00:00,29.43919134786751,42.4644909984353,1012.2634016344674,0,none
2024-06-06 07:00:00,29.5699547972264,43.123044031627074,1013.470866352197,0,none
2024-06-06 08:00:00,28.294269751062583,42.013910395179664,1010.2360433692728,0,none
2024-06-06 09:00:00,26.66405119711247,48.430562245955045,1012.2878697222313,0,none
2024-06-06 10:00:00,25.922215653044102,50.66421702634765,1017.3889012205876,0,none
2024-06-06 11:00:00,24.527390689440345,56.8504109454313,1016.5937152574289,0,none
2024-06-06 12:00:00,23.100949528206826,58.989889606952715,1011.7406239018405,0,none
2024-06-06 13:00:00,24.478288705190586,67.07040526686254,1018.7281240443727,0,none
2024-06-06 14:00:00,21.54812141616414,67.96012221331888,1014.5528750704397,0,none
2024-06-06 15:00:00,21.718745723079056,66.82774628299585,1015.5433415687959,0,none
2024-06-06 16:00:00,21.582588109133688,76.36653463812611,1011.1170146885079,0,none
2024-06-06 17:00:00,-3.949468524147324,79.12241890244783,1013.7603182075507,1,spike
2024-06-06 18:00:00,19.329610174047293,73.48899128697414,1012.8749096145006,0,none
2024-06-06 19:00:00,19.309836377797303,71.41375694626676,1015.8555156691602,0,none
2024-06-06 20:00:00,20.059449252640363,77.84172510506656,1012.2385458516271,0,none
2024-06-06 21:00:00,20.91046299281022,75.74716388355131,1013.6247185490056,0,none
2024-06-06 22:00:00,21.90944376504235,67.45914255623062,1012.646016972325,0,none
2024-06-06 23:00:00,22.425965587630046,64.5092786349751,1011.2178804801698,0,none
2024-06-07 00:00:00,23.863430401509746,59.80425078609679,1015.4957293844851,0,none
2024-06-07 01:00:00,25.880228690037786,61.63026457308712,1017.3232209444574,0,none
2024-06-07 02:00:00,26.10770790709802,53.39020161754307,1014.3339635947425,0,none
2024-06-07 03:00:00,27.56032697094562,49.58039628433338,1012.6699506619996,0,none
2024-06-07 04:00:00,28.70562104831721,48.75078159073611,1012.7902864025664,0,none
2024-06-07 05:00:00,27.92991315638594,45.44753275136822,1012.9762904081564,0,none
2024-06-07 06:00:00,28.24488812167631,48.68353553219704,1014.2654627660695,0,none
2024-06-07 07:00:00,27.826182358263523,45.0884934653577,1008.9403490292783,0,none
2024-06-07 08:00:00,29.074015008065988,49.283892479289925,1013.8870882194041,0,none
2024-06-07 09:00:00,26.217448441011303,53.966358627266125,1010.1473404231763,0,none
2024-06-07 10:00:00,26.81898643492688,52.97200204142952,1009.4951748990649,0,none
2024-06-07 11:00:00,24.46434682099595,60.76774986795756,1012.3901346544222,0,none
2024-06-07 12:00:00,24.181323972447206,65.90166057774084,1017.760154266884,0,none
2024-06-07 13:00:00,21.8400569336513,69.31884563060817,1014.5964037530496,0,none
2024-06-07 14:00:00,21.651788864014215,60.8917884604168,1012.5307723532178,0,none
2024-06-07 15:00:00,19.79770505831256,74.1573765258116,1013.8613048150663,0,none
2024-06-07 16:00:00,20.855936912865545,68.23122826661043,1015.0378169063252,0,none
2024-06-07 17:00:00,19.576191524371204,77.41924374475433,1010.4545781644051,0,none
2024-06-07 18:00:00,20.642555033910813,76.5969687158826,1014.9466428271344,0,none
2024-06-07 19:00:00,20.39582495888074,80.02197383881003,1011.7400511502466,0,none
2024-06-07 20:00:00,20.92780526986907,71.23733923042653,1012.3977418244822,0,none
2024-06-07 21:00:00,19.684334139551567,72.31809147224031,1012.3139898870427,0,none
2024-06-07 22:00:00,18.91815423580521,73.7122262541714,1012.5811721207938,0,none
2024-06-07 23:00:00,20.802408449758786,61.26785849150516,1012.6481230649065,0,none
2024-06-08 00:00:00,24.582216543090933,60.626776657740535,1011.2536608206074,0,none
2024-06-08 01:00:00,26.107398869873098,53.021598694867485,1014.3748312033958,0,none
2024-06-08 02:00:00,25.909183332642712,53.36217581180848,1013.73677119599,0,none
2024-06-08 03:00:00,25.85926219858648,46.41343848468589,1008.7705881966133,0,none
2024-06-08 04:00:00,29.541658471536124,47.23645844138554,1009.6019050110226,1,drift
2024-06-08 05:00:00,28.8936773666383,47.42554757524525,1015.2450933878993,1,drift
2024-06-08 06:00:00,28.110884797002804,44.69954021923927,1014.5285512194246,1,drift
2024-06-08 07:00:00,28.449645011756036,49.319253350715314,1016.0929211276712,1,drift
2024-06-08 08:00:00,26.64027080082363,49.94605437814951,1014.7726890803859,1,drift
2024-06-08 09:00:00,27.44520718154696,49.28247686785635,1018.3532025282236,1,drift
2024-06-08 10:00:00,27.554764919528395,50.92624174608895,1013.316771753382,1,drift
2024-06-08 11:00:00,25.532298278061152,50.657909338451205,1015.1899004892825,1,drift
2024-06-08 12:00:00,22.533708929270382,58.772685913400124,1017.6400823119449,1,drift
2024-06-08 13:00:00,22.141551200602958,63.99023448618464,1018.3376040608787,1,drift
2024-06-08 14:00:00,22.892411262470137,64.34317338746258,1015.7463950258316,1,drift
2024-06-08 15:00:00,19.440613116945432,70.75989490990527,1019.2263543848617,1,drift
2024-06-08 16:00:00,20.79117037337857,70.35622277041004,1022.2913892082596,1,drift
2024-06-08 17:00:00,20.858707330900618,76.67348124858326,1019.6047301307552,1,drift
2024-06-08 18:00:00,18.875882545151903,77.48885824962362,1020.8782040439655,1,drift
2024-06-08 19:00:00,19.00914644415437,71.13581809601493,1021.1390015690334,1,drift
2024-06-08 20:00:00,19.10998402458196,70.27258013942279,1019.9977570144924,1,drift
2024-06-08 21:00:00,20.821455308337192,71.37458730846234,1020.0376535244803,1,drift
2024-06-08 22:00:00,22.131489171452127,71.17875249102184,1024.665687328147,1,drift
2024-06-08 23:00:00,23.552738173964983,65.25075517630631,1020.7258702236738,1,drift
2024-06-09 00:00:00,22.806749278421687,61.271107544279936,1019.0881678170745,1,drift
2024-06-09 01:00:00,24.50643553859431,62.05422111621323,1024.5457065368537,1,drift
2024-06-09 02:00:00,26.560909031991244,51.655456138182934,1022.7861458687088,1,drift
2024-06-09 03:00:00,26.27165460673608,43.29896648289507,1023.3498601142365,1,drift
2024-06-09 04:00:00,29.0818124989972,53.57275515177143,1014.2848621935592,0,none
2024-06-09 05:00:00,30.85786748875002,48.97455932896189,1016.148176618459,0,none
2024-06-09 06:00:00,28.469367286290378,47.839075303040694,1010.5883823864119,0,none
2024-06-09 07:00:00,29.038239392896905,42.74882149440056,1016.7037971909244,0,none
2024-06-09 08:00:00,25.064944086133558,47.26273039989959,1010.5175382295284,0,none
2024-06-09 09:00:00,26.818936478971498,52.53752852082436,1012.2054311299826,0,none
2024-06-09 10:00:00,25.04463314990564,48.73385620323487,1012.1595489058777,0,none
2024-06-09 11:00:00,25.68459901281006,54.88796270999649,1013.9506531689334,0,none
2024-06-09 12:00:00,22.70400038653293,59.86701468857517,1010.8498406814186,0,none
2024-06-09 13:00:00,22.96242889006594,64.04566323168824,1010.8948284727518,0,none
2024-06-09 14:00:00,21.46792557440777,73.86139983834482,1011.5754642767249,0,none
2024-06-09 15:00:00,20.68422485783426,71.33301365966955,1014.6021649989053,0,none
2024-06-09 16:00:00,20.51834978303976,75.76654264359169,1012.5847566918014,0,none
2024-06-09 17:00:00,16.12590265489157,71.88468158074889,1011.5989669161249,0,none
2024-06-09 18:00:00,17.97673775505342,74.68153135518091,1012.5541313617416,0,none
2024-06-09 19:00:00,19.321630481329308,80.72277854301751,1014.0824347997351,0,none
2024-06-09 20:00:00,19.41010773687035,68.10003356823648,1014.298086733561,0,none
2024-06-09 21:00:00,18.721729859595385,69.72885863757855,1013.3563211671908,0,none
2024-06-09 22:00:00,48.42076673925595,68.92630509179942,1017.1538714495815,1,spike
2024-06-09 23:00:00,22.768530923524203,57.81213635055998,1014.8354229668495,0,none
2024-06-10 00:00:00,24.333866858536144,55.84711745775796,1009.3191983815341,0,none
2024-06-10 01:00:00,24.56917726175821,57.309505979272494,1013.9393023873629,0,none
2024-06-10 02:00:00,25.6679056913616,52.927383694820044,1008.8610202798817,0,none
2024-06-10 03:00:00,26.350142549836043,48.847815519448375,1012.5282466898801,0,none
2024-06-10 04:00:00,24.06924481749143,44.12248681129769,1019.1471597522128,0,none
2024-06-10 05:00:00,27.71607978648612,45.02953132046754,1012.1933670180089,0,none
2024-06-10 06:00:00,27.31045541919185,42.50466318485976,1010.4556485742952,0,none
2024-06-10 07:00:00,26.940011087932948,44.67240313638116,1007.7361254664058,0,none
2024-06-10 08:00:00,25.68544489709995,43.25833796666567,1012.5058613175551,0,none
2024-06-10 09:00:00,27.609342264029504,46.59297501801818,1010.5176470989534,0,none
2024-06-10 10:00:00,25.6804153584593,55.7495319542684,1014.1347173278751,0,none
2024-06-10 11:00:00,24.657895036758354,58.56484929228267,1015.8901517690073,0,none
2024-06-10 12:00:00,25.951494719452533,54.82896663070007,1010.1645500374342,0,none
2024-06-10 13:00:00,21.428426709836245,66.47704810612618,1012.0550078327922,0,none
2024-06-10 14:00:00,20.772694169075606,66.03630622232694,1013.1957554330959,0,none
2024-06-10 15:00:00,19.99902184284121,72.45257283015712,1013.5729538470586,0,none
2024-06-10 16:00:00,18.54906602449818,72.47434509814609,1014.4539607815011,0,none
2024-06-10 17:00:00,18.213236601513803,78.00911646648748,1015.2611365448888,0,none
2024-06-10 18:00:00,17.971221855729233,75.5850757661962,1011.8688857459514,0,none
2024-06-10 19:00:00,17.52204744240602,76.76673412711637,1016.0454490960185,0,none
2024-06-10 20:00:00,19.995293284351714,71.76973954573229,1012.5297197144741,0,none
2024-06-10 21:00:00,19.154122289973273,70.74954722482688,1014.521139820177,0,none
2024-06-10 22:00:00,19.282488665425983,68.19858098915032,1014.803048175677,0,none
2024-06-10 23:00:00,22.934794681306993,66.01294238593155,1014.534167344313,0,none
2024-06-11 00:00:00,22.649018145547927,58.00552945118237,1017.2952508790806,0,none
2024-06-11 01:00:00,23.875734145048,56.705549125009554,1012.2314487741663,0,none
2024-06-11 02:00:00,25.258121906408704,56.4992733307853,1014.3153511777858,0,none
2024-06-11 03:00:00,26.148166956534215,50.72029712102522,1014.847887009028,0,none
2024-06-11 04:00:00,27.10171909105358,41.60888900099935,1014.432619316762,0,none
2024-06-11 05:00:00,26.415520173074373,46.2947737974626,1011.7243363771461,0,none
2024-06-11 06:00:00,27.16115012915136,43.606704408202994,1010.6050384470014,0,none
2024-06-11 07:00:00,26.40353614490326,40.575999269972655,1008.2575680054985,0,none
2024-06-11 08:00:00,27.743771501016205,42.557573842845315,1015.8400351045265,0,none
2024-06-11 09:00:00,28.01052946062089,49.14357994134477,1010.7263086340876,0,none
2024-06-11 10:00:00,25.35290358338922,51.73968437566595,1013.3087505902162,0,none
2024-06-11 11:00:00,24.194006452441606,54.48597880205608,1012.9829084436512,0,none
2024-06-11 12:00:00,22.071620019535246,59.97747150442116,1013.9775363988347,0,none
2024-06-11 13:00:00,21.05813597264838,62.514260340482736,1013.8476795872477,0,none
2024-06-11 14:00:00,19.758964464136326,70.1086974151503,1011.3272814471139,0,none
2024-06-11 15:00:00,21.47783541755213,66.13071592300776,1013.827063270476,0,none
2024-06-11 16:00:00,19.025767550199003,76.55112861937482,1012.4328761374559,0,none
2024-06-11 17:00:00,17.711188612071656,71.79380106683374,1008.6896658008866,0,none
2024-06-11 18:00:00,18.161382828432735,76.864537515382,1010.1025883584072,0,none
2024-06-11 19:00:00,18.383713922252586,73.80472854499581,1013.3297558267185,0,none
2024-06-11 20:00:00,19.4874701415604,71.97484984332758,1012.735603343177,0,none
2024-06-11 21:00:00,19.072626107873635,76.43420738545159,1013.2283869033425,0,none
2024-06-11 22:00:00,20.259024625181087,64.77952274943223,1014.3283828550242,0,none
2024-06-11 23:00:00,23.78942804106183,61.48998811741731,1015.1060497071187,0,none
2024-06-12 00:00:00,23.313524345615967,61.45282908131602,1010.872916811604,0,none
2024-06-12 01:00:00,23.89062939802203,53.37967124624146,1016.5123707631622,0,none
2024-06-12 02:00:00,26.51528038600066,51.06086236565665,1015.439187504372,0,none
2024-06-12 03:00:00,25.92149466728301,51.1856438341433,1011.4078722038854,0,none
2024-06-12 04:00:00,27.232874306949526,46.18452042410007,1014.8179491000013,0,none
2024-06-12 05:00:00,27.827566045302095,46.6185311325946,1011.5256366085874,0,none
2024-06-12 06:00:00,27.588826449334967,49.887016067032874,1013.1454007404542,0,none
2024-06-12 07:00:00,27.705900905248022,47.17033316549465,1014.4545640723392,0,none
2024-06-12 08:00:00,26.12463069266375,46.9744181452054,1015.112305780472,0,none
2024-06-12 09:00:00,25.598181831183613,50.61053961558891,1011.1678891771606,0,none
2024-06-12 10:00:00,24.42715342768039,51.86645204776415,1014.0789873006942,0,none
2024-06-12 11:00:00,22.95859240363899,58.714139272566086,1012.830881042801,0,none
2024-06-12 12:00:00,23.82132136312758,61.34254502639615,1012.7196426671135,0,none
2024-06-12 13:00:00,22.155058859852996,62.60484841294388,1012.4760123371689,0,none
2024-06-12 14:00:00,21.107290450721543,66.84958712723252,1012.9386364621965,0,none
2024-06-12 15:00:00,19.330736554150082,67.1593416830939,1012.691770325075,0,none
2024-06-12 16:00:00,17.345675372888902,76.96469751433007,1012.521979111396,0,none
2024-06-12 17:00:00,17.62736209582782,75.10432484673468,1012.5734104318637,0,none
2024-06-12 18:00:00,19.969510341516532,75.6820375407033,1012.6976703823808,0,none
2024-06-12 19:00:00,18.019548364960794,73.24469850841183,1012.250947387076,0,none
2024-06-12 20:00:00,19.384982781080897,69.05945607240666,1013.6729273358079,0,none
2024-06-12 21:00:00,19.370658299682642,71.20155987039138,1014.7152298890284,0,none
2024-06-12 22:00:00,19.330497724491302,67.85624469744116,1013.071820939971,0,none
2024-06-12 23:00:00,23.49239273852023,63.18817084049382,1010.8402966866264,0,none
2024-06-13 00:00:00,24.000656835096347,59.33992637140751,1011.8158554723927,0,none
2024-06-13 01:00:00,24.55143067095866,61.15104743375132,1014.4010768683063,0,none
2024-06-13 02:00:00,26.204031188477902,54.04080250297086,1011.4908636053559,0,none
2024-06-13 03:00:00,26.47685913158834,53.0560141259997,1012.8698742803383,0,none
2024-06-13 04:00:00,27.035236278945206,45.4030103372802,1013.9176992298862,0,none
2024-06-13 05:00:00,27.028128566032155,40.98119779387794,1013.6032172367787,0,none
2024-06-13 06:00:00,27.8832736971065,41.854420953046215,1011.0040230049982,1,drift
2024-06-13 07:00:00,27.861332003517177,41.24275654541524,1012.4740412197757,1,drift
2024-06-13 08:00:00,50.16456899780812,52.381322030058634,1012.1750699701685,1,drift
2024-06-13 09:00:00,26.293130355480343,47.77255342026841,1011.5759075171678,1,drift
2024-06-13 10:00:00,25.20347926602933,55.838296925941485,1016.398289878355,1,drift
2024-06-13 11:00:00,24.376297460214555,56.18341822643959,1013.7928593983906,1,drift
2024-06-13 12:00:00,21.83705173819961,57.18657716480594,1016.8978947661628,1,drift
2024-06-13 13:00:00,20.309331897557918,73.11639599444062,1019.182365761424,1,drift
2024-06-13 14:00:00,20.283991143583744,69.21830508171242,1019.3591459004341,1,drift
2024-06-13 15:00:00,18.100468568187924,74.17340111616922,1021.800201573396,1,drift
2024-06-13 16:00:00,18.487922116194394,69.30070614243891,1019.8500266126177,1,drift
2024-06-13 17:00:00,16.465616905878893,68.76249604185853,1018.0035515816165,1,drift
2024-06-13 18:00:00,17.10371405711247,73.34427432242589,1019.766112449317,1,drift
2024-06-13 19:00:00,17.194328360434582,70.31635724732948,1022.251696506486,1,drift
2024-06-13 20:00:00,19.673916576383423,69.57732015245666,1023.5856275673891,1,drift
2024-06-13 21:00:00,21.340824478263603,71.3985409720467,1028.3538395650019,1,drift
2024-06-13 22:00:00,20.793529271349726,67.50015228770295,1026.0941490657701,1,drift
2024-06-13 23:00:00,21.31782400919976,64.65640898838409,1028.5272218984687,1,drift
2024-06-14 00:00:00,22.214462600156132,60.93781932186443,1027.1472414952545,1,drift
2024-06-14 01:00:00,25.3103923263216,53.59358942463849,1031.169480700041,1,drift
2024-06-14 02:00:00,26.653668670712054,46.78184801788646,1027.5683591535417,1,drift
2024-06-14 03:00:00,25.535230340042627,50.87147271435787,1030.2838165853357,1,drift
2024-06-14 04:00:00,29.01085046951832,47.13895541288532,1031.7366305235346,1,drift
2024-06-14 05:00:00,26.55616039608849,42.93931157415888,1030.3342312065172,1,drift
2024-06-14 06:00:00,27.72527639061443,42.029217290355604,1023.5010774921174,1,drift
2024-06-14 07:00:00,28.682978819029934,48.02215874734145,1021.1047819664299,1,drift
2024-06-14 08:00:00,28.653146018554843,45.657430599513354,1021.9251919740403,1,drift
2024-06-14 09:00:00,27.366809355771736,46.58833936104453,1013.3686841914194,0,none
2024-06-14 10:00:00,25.889441955896803,55.33871176766205,1018.9518365630223,0,none
2024-06-14 11:00:00,22.44999805651629,52.007332323699416,1016.4625579976607,0,none
2024-06-14 12:00:00,22.521388063261135,58.47562869848723,1011.1413645480053,0,none
2024-06-14 13:00:00,22.111069373784897,64.81329530866955,1013.2904263241862,0,none
2024-06-14 14:00:00,21.5221039807294,69.15663719016803,1011.6590552843502,0,none
2024-06-14 15:00:00,18.10406704559895,70.66242870059155,1011.4821489006729,0,none
2024-06-14 16:00:00,18.181744865964127,75.77434846877239,1013.1440633923511,0,none
2024-06-14 17:00:00,17.108459351442562,69.34656175563204,1013.5700920338403,0,none
2024-06-14 18:00:00,18.204430751953428,75.56106323637799,1008.2408568123568,1,drift
2024-06-14 19:00:00,,80.58919389914658,1014.7405400967366,1,drift
2024-06-14 20:00:00,17.070579129535172,73.28603807042043,1013.5909663269471,1,drift
2024-06-14 21:00:00,19.474892416215816,76.08888474119806,1013.3973083469423,1,drift
2024-06-14 22:00:00,19.482121593843143,68.64488324745533,1015.132650711667,1,drift
2024-06-14 23:00:00,20.770817204345224,65.36345518923,1014.8740298654815,1,drift
2024-06-15 00:00:00,24.180835010112016,61.60690437638905,1018.4332936113402,1,drift
2024-06-15 01:00:00,23.557386455114766,59.37619893606121,1012.3256582467967,1,drift
2024-06-15 02:00:00,27.046412452403747,53.45033838824862,1016.0288865384035,1,drift
2024-06-15 03:00:00,26.580942962690653,47.27465654475169,1019.2888435018598,1,drift
2024-06-15 04:00:00,27.99574798596458,44.52266597984241,1017.0624847187217,1,drift
2024-06-15 05:00:00,28.138794417228034,40.42275180392823,1018.8691692708198,1,drift
2024-06-15 06:00:00,27.564966455228074,43.45620023233905,1016.5620091989612,1,drift
2024-06-15 07:00:00,27.82296952072662,42.74233056305469,1019.9757865301758,1,drift
2024-06-15 08:00:00,28.38651193467692,42.806120783259736,1020.0170486038094,1,drift
2024-06-15 09:00:00,26.741303159553226,56.751424095230306,1019.5755130128198,1,drift
2024-06-15 10:00:00,24.584798534935654,59.08910259396524,1017.3193351826362,1,drift
2024-06-15 11:00:00,23.053220102721703,56.53181180341224,1022.7195080344944,1,drift
2024-06-15 12:00:00,22.71944131082291,65.46924339735072,1023.2775928866981,1,drift
2024-06-15 13:00:00,21.494348146227924,68.00386591622238,1020.9779255633425,1,drift
2024-06-15 14:00:00,19.896819274832204,68.5439462425935,1023.4089150792474,1,drift
2024-06-15 15:00:00,19.217577446838312,67.64924072910857,1019.8006607584696,1,drift
2024-06-15 16:00:00,17.08338184915584,71.26862147074289,1024.0006952175195,1,drift
2024-06-15 17:00:00,17.958078263451455,75.17039289524575,1021.9020059910719,1,drift
2024-06-15 18:00:00,18.241382098412146,79.85365958773558,1015.3546181988936,0,none
2024-06-15 19:00:00,17.114097524898177,74.56361123112652,1013.5880343961603,0,none
2024-06-15 20:00:00,19.578093071937396,70.44037434888506,1011.9707483092058,0,none
2024-06-15 21:00:00,18.768614122941226,71.69623397626904,1008.1865597970136,0,none
2024-06-15 22:00:00,21.577031831563072,72.22893106126547,1014.6819317537655,0,none
2024-06-15 23:00:00,21.016566830660366,60.22953235813747,1013.2424672065183,0,none
2024-06-16 00:00:00,22.74035589266299,60.61247306499304,1012.373047039699,0,none
2024-06-16 01:00:00,23.568897207825845,59.740993827830046,1010.9113626667909,0,none
2024-06-16 02:00:00,25.548228583447347,52.204549848488256,1012.3924677649551,0,none
2024-06-16 03:00:00,26.440383268755465,50.00928274853425,1014.8145441254931,1,drift
2024-06-16 04:00:00,26.04552589872689,48.384701830332645,1013.3685012065347,1,drift
2024-06-16 05:00:00,28.66439331384081,47.25564567821189,1015.7396508018871,1,drift
2024-06-16 06:00:00,26.737929965685055,41.02208151049745,1015.1974388657214,1,drift
2024-06-16 07:00:00,26.965739257330778,40.22655413589146,1017.831091001953,1,drift
2024-06-16 08:00:00,26.55454113210595,46.63735453272581,1015.1404036596892,1,drift
2024-06-16 09:00:00,25.361870223116117,48.377432713746146,1018.1842383112056,1,drift
2024-06-16 10:00:00,25.451156825473845,50.77460144119788,1020.6485396062694,1,drift
2024-06-16 11:00:00,22.68232849059365,54.7416127597162,1015.6802654673977,1,drift
2024-06-16 12:00:00,20.71383482320594,56.19620863882944,1016.0143118123873,1,drift
2024-06-16 13:00:00,20.985308504285864,61.85355736517016,1013.9174289969371,1,drift
2024-06-16 14:00:00,20.39079539237201,66.62404356530855,1017.6370632945437,1,drift
2024-06-16 15:00:00,20.05197538442605,66.6518609100858,1015.1609813561134,1,drift
2024-06-16 16:00:00,18.319720436730744,69.11560297909179,1020.6239858800789,1,drift
2024-06-16 17:00:00,19.20602526217929,79.88401587320755,1016.4934075792063,1,drift
2024-06-16 18:00:00,16.72932556700531,75.30598358364261,1016.0170544333895,1,drift
2024-06-16 19:00:00,18.275468422117303,74.36167632626285,1017.134727969077,1,drift
2024-06-16 20:00:00,17.953716782842758,76.6835886237418,1021.748623913669,1,drift
2024-06-16 21:00:00,18.252985392539113,66.96995075327128,1017.3591618897847,1,drift
2024-06-16 22:00:00,18.73440199581917,70.16987377847926,1022.7954960354358,1,drift
2024-06-16 23:00:00,20.0814115242684,59.07672694541412,1025.2675390194768,1,drift
2024-06-17 00:00:00,22.982673889497228,61.21305330091714,1023.4050337155418,1,drift
2024-06-17 01:00:00,22.514858343893593,54.42800155379187,1022.5698559366597,1,drift
2024-06-17 02:00:00,24.592835248754685,50.265203532620426,1026.3593953332816,1,drift
2024-06-17 03:00:00,27.744575602389567,49.91617413331689,1014.1579043143173,0,none
2024-06-17 04:00:00,26.087732712562893,49.032244283539924,1015.1008504219417,0,none
2024-06-17 05:00:00,26.850402457518694,39.43662075993396,1014.7465891742236,0,none
2024-06-17 06:00:00,27.666772021923705,46.52348225253068,1014.3092220942669,0,none
2024-06-17 07:00:00,26.10149727806881,44.84902684689627,1014.6737181851383,0,none
2024-06-17 08:00:00,27.1694557439472,46.9158337916472,1012.0172984319855,0,none
2024-06-17 09:00:00,27.493099456022218,54.27030139934374,1012.6923088253351,0,none
2024-06-17 10:00:00,25.89656398692541,52.43403135633864,1014.0295213058539,0,none
2024-06-17 11:00:00,25.80501395642433,56.29577025025952,1012.6663449684944,0,none
2024-06-17 12:00:00,21.885586278359295,54.59191698337059,1013.5526343511438,0,none
2024-06-17 13:00:00,22.501843663622935,65.8451074443953,1011.2261106486654,0,none
2024-06-17 14:00:00,19.350295934266047,68.35368246570644,1012.3077040077005,0,none
2024-06-17 15:00:00,18.25401275251507,71.7022589947226,1012.9946999194973,0,none
2024-06-17 16:00:00,18.623126007763794,73.73326572092049,1014.864721725819,0,none
2024-06-17 17:00:00,17.77498522649132,75.76748980513386,1015.2564278963982,0,none
2024-06-17 18:00:00,17.48948501906042,74.08741137400742,1012.6419345777156,0,none
2024-06-17 19:00:00,17.33926268374536,73.67776084461069,1012.7519117652007,0,none
2024-06-17 20:00:00,18.42199849067404,76.55791425522754,1015.3226736997572,0,none
2024-06-17 21:00:00,17.70294712989643,70.01358908402193,1014.7585745116984,0,none
2024-06-17 22:00:00,20.190815786283725,67.10471653034347,1016.3838913619238,0,none
2024-06-17 23:00:00,21.936807484503742,68.30704468921326,1013.7693211285239,0,none
2024-06-18 00:00:00,22.29367282432123,62.183981401889106,1018.1525455351994,0,none
2024-06-18 01:00:00,,54.25408762887316,1014.1271924091881,1,null
2024-06-18 02:00:00,22.29131579345443,57.44890528664337,1013.218357014534,0,none
2024-06-18 03:00:00,25.66026946150241,45.294437160719056,1017.3079307761287,0,none
2024-06-18 04:00:00,25.99612233450316,42.63212104567637,1012.0587128543592,0,none
2024-06-18 05:00:00,27.565873514639648,43.32646866459281,1011.7747775392122,0,none
2024-06-18 06:00:00,26.551530443635986,42.718760571899345,1013.1508212644135,0,none
2024-06-18 07:00:00,27.83405313613478,43.88878753135004,1014.6191823258607,0,none
2024-06-18 08:00:00,27.5881303656607,45.35830551550077,1016.5147176805361,0,none
2024-06-18 09:00:00,25.432983095360512,48.127830994491035,1014.0897986516301,0,none
2024-06-18 10:00:00,23.936543704628242,53.58844754144256,1011.0557680158041,0,none
2024-06-18 11:00:00,22.85414164942234,57.68899134445146,1011.4867749867681,0,none
2024-06-18 12:00:00,20.953813856143242,58.362155741115465,1012.2491788570579,0,none
2024-06-18 13:00:00,20.900696724863533,61.98078540412133,1014.2660386840114,0,none
2024-06-18 14:00:00,20.177404711401223,67.71262888760855,1010.5035627669079,0,none
2024-06-18 15:00:00,20.32385831324052,71.16536753094059,1011.8184650223965,0,none
2024-06-18 16:00:00,19.684868565205402,76.79072085024218,1012.450345951586,0,none
2024-06-18 17:00:00,16.08949365368367,77.76913652767047,1010.8505953113554,0,none
2024-06-18 18:00:00,16.081313905743016,72.40297748564714,1018.7359772238576,0,none
2024-06-18 19:00:00,16.954015652497514,75.83000704141621,1010.4471220328082,0,none
2024-06-18 20:00:00,18.67089764060692,76.29709908919051,1013.7868882939746,0,none
2024-06-18 21:00:00,17.65075839448155,68.92143865806874,1013.4004986902464,0,none
2024-06-18 22:00:00,21.341964560773977,70.95010174493841,1014.4235284709033,0,none
2024-06-18 23:00:00,21.8003682985952,62.91082306355615,1012.2084190722584,0,none
2024-06-19 00:00:00,21.263473409252136,64.06745451298058,1014.6583691145111,0,none
2024-06-19 01:00:00,21.632332370956,52.97544149797084,1009.2092764849773,0,none
2024-06-19 02:00:00,24.187082368511593,50.91859905162315,1011.313064173447,0,none
2024-06-19 03:00:00,25.355671838233192,46.99849123554546,1012.0522124536138,0,none
2024-06-19 04:00:00,27.365982510241484,47.35350768911062,1012.2682511208717,0,none
2024-06-19 05:00:00,25.18367991263427,44.21915482833113,1011.7718424382693,0,none
2024-06-19 06:00:00,28.026604405904195,44.41430356847879,1017.0698079962868,0,none
2024-06-19 07:00:00,25.98848817593913,44.988414408547264,1017.2648680647991,0,none
2024-06-19 08:00:00,26.414539107728405,51.75066934912937,1014.8416989332653,0,none
2024-06-19 09:00:00,24.781149895115966,46.17506398552635,1012.1281796491246,0,none
2024-06-19 10:00:00,23.44020736133559,57.67008626952681,1013.6387627158696,0,none
2024-06-19 11:00:00,24.389288992453558,55.57697711014373,1011.9958437513279,0,none
2024-06-19 12:00:00,21.66638607950389,61.78053662428198,1014.2042794556953,0,none
2024-06-19 13:00:00,20.10126289765518,66.25273408963297,1015.3959170541862,0,none
2024-06-19 14:00:00,18.983787115979236,62.99766761126207,1013.2527362518299,0,none
2024-06-19 15:00:00,18.759331111337982,62.726001459680035,1011.3756851151136,0,none
2024-06-19 16:00:00,17.711161474173164,74.78784020872511,1017.3854263056019,0,none
2024-06-19 17:00:00,17.198320639966408,71.979375671942,1014.1432583722994,0,none
2024-06-19 18:00:00,17.401228429360103,68.12113447908204,1012.3474066516129,0,none
2024-06-19 19:00:00,16.67371830621264,72.2079883442085,1010.4560552190841,0,none
2024-06-19 20:00:00,18.047279789847,74.1394538250719,1012.5551614225418,0,none
2024-06-19 21:00:00,17.62004629748118,68.84598797903234,1010.7543919534464,0,none
2024-06-19 22:00:00,17.69022605132565,67.02013215090764,1014.053890231537,0,none
2024-06-19 23:00:00,23.115489130888378,62.93326019959838,1012.5287891884066,0,none
2024-06-20 00:00:00,21.01024631172495,58.54864269609168,1012.3525811830704,0,none
2024-06-20 01:00:00,22.46239735996874,56.428766534455136,1011.9672059308642,0,none
2024-06-20 02:00:00,25.480508733448463,53.791438563708525,1011.6863715401869,0,none
2024-06-20 03:00:00,25.10457218590514,47.948090807959396,1014.1321568256637,0,none
2024-06-20 04:00:00,24.113212579821987,47.41952178773063,1009.9661110998402,0,none
2024-06-20 05:00:00,25.3080364385556,50.418530664818945,1016.2232372338115,0,none
2024-06-20 06:00:00,27.398620905356363,46.93751021481578,1015.6777562721854,0,none
2024-06-20 07:00:00,26.574056507040563,42.48456254975343,1014.0574890575484,0,none
2024-06-20 08:00:00,25.072957919044956,46.67649151054322,1012.5976349055082,0,none
2024-06-20 09:00:00,25.027323382903525,53.54831359968567,1017.8847682184379,1,freeze
2024-06-20 10:00:00,25.712527304786086,53.54831359968567,1012.8193973368703,1,freeze
2024-06-20 11:00:00,24.501487716951495,53.54831359968567,1017.0901363102507,1,freeze
2024-06-20 12:00:00,23.167606922422728,53.54831359968567,1015.1872537729753,1,freeze
2024-06-20 13:00:00,19.812970827665755,53.54831359968567,1012.4531759786703,1,freeze
2024-06-20 14:00:00,20.57428479444129,53.54831359968567,1013.7033980867556,1,freeze
2024-06-20 15:00:00,19.00586270507387,73.12452868369759,1012.3039955594643,0,none
2024-06-20 16:00:00,18.59315803714191,81.13569056797682,1010.5987297994516,0,none
2024-06-20 17:00:00,17.46152057766226,71.50955747684094,1012.1314742947166,0,none
2024-06-20 18:00:00,18.384005003544416,74.45931487979789,1013.2893554005709,0,none
2024-06-20 19:00:00,19.38909937992711,73.842350623744,1014.3693535385344,0,none
2024-06-20 20:00:00,16.647049917999585,78.71291754802971,1013.4649063058223,0,none
2024-06-20 21:00:00,17.367333979102956,69.11129595769566,1015.5068695762479,0,none
2024-06-20 22:00:00,20.08401432779352,65.56225507908495,1008.8833538393756,1,freeze
2024-06-20 23:00:00,20.923043694691696,65.56225507908495,1014.5430122770055,1,freeze
2024-06-21 00:00:00,23.407052333584687,65.56225507908495,1016.612928445582,1,freeze
2024-06-21 01:00:00,23.197817711721143,65.56225507908495,1014.0806163108442,1,freeze
2024-06-21 02:00:00,22.434718937526778,65.56225507908495,1014.8155759245029,1,freeze
2024-06-21 03:00:00,25.357276007474667,65.56225507908495,1009.0345881447972,1,freeze
2024-06-21 04:00:00,27.322161885213166,48.249761688435356,1013.635288579964,0,none
2024-06-21 05:00:00,26.195035236299944,43.44052843033753,1014.021949531243,0,none
2024-06-21 06:00:00,26.69346708433263,46.19059425337859,1011.8599958476534,0,none
2024-06-21 07:00:00,26.899625885240876,43.31743093608562,1012.1828973440573,0,none
2024-06-21 08:00:00,27.276203831329294,49.23598565841357,1015.4504125830882,0,none
2024-06-21 09:00:00,24.684170710411156,54.65317470921117,1012.3820355945677,0,none
2024-06-21 10:00:00,24.966443047304136,54.90526069563379,1013.8977384776522,0,none
2024-06-21 11:00:00,22.928693596199263,57.65345243203787,1010.2007361144897,0,none
2024-06-21 12:00:00,22.530223605417838,58.703640354831286,1012.0744010731963,1,drift
2024-06-21 13:00:00,19.25592271932975,62.108687528734286,1013.4967898508332,1,drift
2024-06-21 14:00:00,20.015793594469464,68.86032811486623,1014.6590799899617,1,drift
2024-06-21 15:00:00,17.669084141701227,73.694509369217,1016.1899462247387,1,drift
2024-06-21 16:00:00,16.86997685749931,73.4952434300024,1013.5481870570679,1,drift
2024-06-21 17:00:00,15.48626498083275,79.55087672138781,1013.1315909213465,1,drift
2024-06-21 18:00:00,15.37965506083735,73.07160884296472,1016.3579551793497,1,drift
2024-06-21 19:00:00,17.271373821084598,73.65244463116217,1015.7640777993442,1,drift
2024-06-21 20:00:00,16.363358027564207,70.1618710026187,1014.1596128298619,1,drift
2024-06-21 21:00:00,17.73031996098032,71.41793790393794,1019.9787018421745,1,drift
2024-06-21 22:00:00,18.37278454121603,66.49409462990695,1015.0425505324249,1,drift
2024-06-21 23:00:00,22.164602149270447,67.80175122140487,1015.5064882422628,1,drift
2024-06-22 00:00:00,22.73535483101247,60.21826282241458,1020.9308198051448,1,drift
2024-06-22 01:00:00,22.070899131108753,53.71277270879999,1020.6538324131562,1,drift
2024-06-22 02:00:00,24.404100293484838,53.91457028485461,1016.64157558461,1,drift
2024-06-22 03:00:00,24.758052046969734,47.81911628484069,1021.3335747792953,1,drift
2024-06-22 04:00:00,26.71483659466407,45.373450779149955,1019.693893742268,1,drift
2024-06-22 05:00:00,27.426043369738675,40.94898682980834,1022.4034052207414,1,drift
2024-06-22 06:00:00,25.70261671802025,46.31764699125431,1023.1181540394608,1,drift
2024-06-22 07:00:00,27.24458503755483,46.67282121839314,1017.3761428328679,1,drift
2024-06-22 08:00:00,26.49490788814557,49.71083429377718,1020.7336879814667,1,drift
2024-06-22 09:00:00,22.569301256715452,49.46442854354526,1020.5505501529792,1,drift
2024-06-22 10:00:00,22.321365609747694,58.3142068234295,1025.2325448208499,1,drift
2024-06-22 11:00:00,23.100011598537844,59.02999714301593,1024.2036057552864,1,drift
2024-06-22 12:00:00,20.722531566691746,64.95758422242085,1015.2848494449684,0,none
2024-06-22 13:00:00,20.421698701671975,61.767651211541164,1011.7967246727152,0,none
2024-06-22 14:00:00,21.56180867915381,65.96831346662854,1010.3872987633612,0,none
2024-06-22 15:00:00,18.366787394879932,68.67660469191964,1008.6300366102677,0,none
2024-06-22 16:00:00,18.456065856569047,71.81569212363858,1012.163589340944,0,none
2024-06-22 17:00:00,15.990212392702507,74.99744356972685,1009.213483657653,0,none
2024-06-22 18:00:00,16.594516776961417,78.74601405477726,1013.53437643748,0,none
2024-06-22 19:00:00,16.059613553554147,79.2312095829587,1014.038271632245,0,none
2024-06-22 20:00:00,18.774799166266483,73.43244403282539,1008.6489771312463,0,none
2024-06-22 21:00:00,16.922396868979355,73.21489364671694,1012.8756891358067,0,none
2024-06-22 22:00:00,18.217539388562074,69.68424176350867,1011.9557947926672,0,none
2024-06-22 23:00:00,19.47536531918006,64.81576788183793,1011.8288962391805,0,none
2024-06-23 00:00:00,22.46949451865116,60.475277821049275,1012.2683647306548,0,none
2024-06-23 01:00:00,23.04250565957453,57.37201715767365,1017.6240982974546,0,none
2024-06-23 02:00:00,24.003442848242134,55.38794849114275,1010.5776979940238,0,none
2024-06-23 03:00:00,23.88858686312348,53.81854800881497,1016.8519260499144,0,none
2024-06-23 04:00:00,25.214707015399824,45.091597934478315,1017.3648695877931,1,drift
2024-06-23 05:00:00,26.847069901266178,45.89021376558871,1010.50784369253,1,drift
2024-06-23 06:00:00,25.872841151460268,42.17059737850316,1012.3158922737703,1,drift
2024-06-23 07:00:00,24.670793943048213,44.916410596803765,1010.6115334646594,1,drift
2024-06-23 08:00:00,26.657094955894717,45.738673270845084,1014.1497260589465,1,drift
2024-06-23 09:00:00,24.950600513852766,46.28393695892741,1018.5849555325965,1,drift
2024-06-23 10:00:00,24.203954485388408,56.82108359900977,1015.4325010570589,1,drift
2024-06-23 11:00:00,21.239699438768017,57.278293392984104,1019.8374330910957,1,drift
2024-06-23 12:00:00,20.926289294215483,56.216475053233644,1016.0282292295152,1,drift
2024-06-23 13:00:00,19.809058403031344,60.53267312733519,1019.7245772072753,1,drift
2024-06-23 14:00:00,19.423937878416865,65.13396643302977,1018.0545232625378,1,drift
2024-06-23 15:00:00,18.037639600867188,70.74848772608973,1020.2663042631405,1,drift
2024-06-23 16:00:00,18.043849065660712,79.33737325121857,1017.8894567161541,1,drift
2024-06-23 17:00:00,17.662058328190422,74.25952266603485,1018.4393720747307,1,drift
2024-06-23 18:00:00,15.773534998093965,78.51859889668886,1018.3207406374478,1,drift
2024-06-23 19:00:00,17.812364182674784,72.50999891268239,1022.3670305974366,1,drift
2024-06-23 20:00:00,15.558607156354242,74.61019099458177,1022.6720383059227,1,drift
2024-06-23 21:00:00,18.87910764580604,66.70264774924792,1020.3266842796367,1,drift
2024-06-23 22:00:00,18.55388771174406,61.435312530712764,1021.4013963824341,1,drift
2024-06-23 23:00:00,19.140756805982214,60.8585764467066,1019.9286635093306,1,drift
2024-06-24 00:00:00,20.3144294770705,56.39450445428986,1021.4103064919497,1,drift
2024-06-24 01:00:00,22.19688548612579,62.099747967786044,1023.5149501183764,1,drift
2024-06-24 02:00:00,23.237664129632588,53.31956038246612,1024.8699710627343,1,drift
2024-06-24 03:00:00,23.880189795984478,51.427325661011025,1023.4658957011643,1,drift
2024-06-24 04:00:00,26.35984565092416,45.29850524269101,1015.6155623911978,0,none
2024-06-24 05:00:00,24.50809734470982,48.92889806360581,1016.240829109273,0,none
2024-06-24 06:00:00,26.479987276130803,47.28481547606584,1013.9168459376333,0,none
2024-06-24 07:00:00,23.152013897623778,46.15549260551936,1014.9645037673948,0,none
2024-06-24 08:00:00,26.787009312728724,43.56271328985771,1012.8534648351838,0,none
2024-06-24 09:00:00,23.608738088801246,50.23728451721759,1016.1483891145239,0,none
2024-06-24 10:00:00,24.393425689101036,51.74812453732539,1011.1242674732274,0,none
2024-06-24 11:00:00,23.73387813286922,56.41573009070387,1011.1003087857905,0,none
2024-06-24 12:00:00,21.373602745911285,61.41088677770016,1012.7328493318751,0,none
2024-06-24 13:00:00,20.732172443291326,67.78399292626088,1010.9044700238015,0,none
2024-06-24 14:00:00,18.089815061951274,62.40546884101557,1015.782519321424,0,none
2024-06-24 15:00:00,18.32905316491417,72.25575758174635,1010.7355911996159,0,none
2024-06-24 16:00:00,18.41190221488226,69.56916239478943,1012.6757474046346,0,none
2024-06-24 17:00:00,16.70039543681541,71.73014709369907,1008.230798523536,0,none
2024-06-24 18:00:00,16.558934565851825,77.68149761343335,1013.0099284435645,0,none
2024-06-24 19:00:00,16.360744010207906,72.44232293444995,1009.5026363540034,0,none
2024-06-24 20:00:00,17.147317504912845,76.04941637370081,1016.7375456073115,0,none
2024-06-24 21:00:00,16.238859903664583,66.8092703501884,1011.7018163748775,0,none
2024-06-24 22:00:00,19.973175842743615,69.9727603535872,1014.1943842713019,0,none
2024-06-24 23:00:00,20.29042774164523,59.69639320842751,1013.0410033167269,0,none
2024-06-25 00:00:00,19.742071003100595,59.41927129321135,1012.2254472100108,0,none
2024-06-25 01:00:00,20.194718929986472,56.248994241203,1012.3329844752676,0,none
2024-06-25 02:00:00,25.447432222765926,52.73318375282804,1014.1426221990173,0,none
2024-06-25 03:00:00,26.284556100228833,48.56638679647664,1014.1493081709838,0,none
2024-06-25 04:00:00,24.38277479159707,44.99252201791366,1015.5042911891854,0,none
2024-06-25 05:00:00,26.623415085862835,46.440383128996665,1011.4949375778124,1,freeze
2024-06-25 06:00:00,26.08540448332268,46.440383128996665,1013.2044943754981,1,freeze
2024-06-25 07:00:00,24.922197124675616,46.440383128996665,1014.0369968023676,1,freeze
2024-06-25 08:00:00,24.6927752907065,46.440383128996665,1013.8508762533681,1,freeze
2024-06-25 09:00:00,24.06549448340223,46.440383128996665,1012.8885033699006,1,freeze
2024-06-25 10:00:00,23.865846607530692,46.440383128996665,1011.9102234556725,1,freeze
2024-06-25 11:00:00,22.648442311688452,53.92982298190702,1015.6924893287979,0,none
2024-06-25 12:00:00,21.033766542346015,61.44152348779455,1015.3888512138844,0,none
2024-06-25 13:00:00,18.811153347759223,65.16088183551871,1012.0189375114292,0,none
2024-06-25 14:00:00,16.871183248702792,73.75785475472203,1015.2511467421155,0,none
2024-06-25 15:00:00,17.451022008888824,75.42349399649373,1009.0833124708352,0,none
2024-06-25 16:00:00,18.177785208810793,73.54668543245441,1014.9366248782537,0,none
2024-06-25 17:00:00,16.940335295956725,75.32254288535354,1012.6813378629039,0,none
2024-06-25 18:00:00,16.322603130886566,81.90311287464806,1015.9199305689084,0,none
2024-06-25 19:00:00,16.082515256490534,79.27125191398308,1011.8955664803433,0,none
2024-06-25 20:00:00,16.00129990565313,75.02353970361871,1012.757185633448,0,none
2024-06-25 21:00:00,17.40337711720548,70.29780881279416,1011.6495077517217,0,none
2024-06-25 22:00:00,20.464897054961003,66.44377999850107,1015.8311911603688,0,none
2024-06-25 23:00:00,20.747682267448965,66.25096514112091,1012.9704430165634,0,none
2024-06-26 00:00:00,21.105302814946217,55.41635908173758,1013.7659345647098,0,none
2024-06-26 01:00:00,21.27218349767853,54.27679984240705,1015.7182467062897,0,none
2024-06-26 02:00:00,21.419930512575217,53.74669386241795,1012.0324566137689,0,none
2024-06-26 03:00:00,25.623485377651054,52.68726327952605,1016.6029943136446,0,none
2024-06-26 04:00:00,23.892759567917548,43.50434158942772,1015.5240391843422,0,none
2024-06-26 05:00:00,25.745320241182693,44.53189236086253,1008.9650684682359,0,none
2024-06-26 06:00:00,,40.84710410662124,1013.5960280368512,1,null
2024-06-26 07:00:00,25.56086768551919,41.1669918676451,1009.4580586619843,0,none
2024-06-26 08:00:00,24.90893721413441,43.59435528588766,1015.8341160547828,0,none
2024-06-26 09:00:00,24.241324793632646,49.6353469023294,1012.0548045587539,0,none
2024-06-26 10:00:00,23.44202539494675,50.29720034032592,1014.3510918613173,0,none
2024-06-26 11:00:00,22.65713715381434,56.11982489411092,1013.1081071392555,0,none
2024-06-26 12:00:00,20.188375656670015,61.93421823671285,1011.6095684567459,0,none
2024-06-26 13:00:00,21.679501036639845,63.343036833107035,1011.7896394105927,0,none
2024-06-26 14:00:00,18.071971495114077,68.58743678923092,1012.0879119181739,0,none
2024-06-26 15:00:00,16.281868932955742,72.31207180775272,1014.8101035643866,0,none
2024-06-26 16:00:00,15.532887540190563,74.87668507585259,1013.5047719852472,0,none
2024-06-26 17:00:00,16.096969988084474,79.12303053367748,1010.5895367048009,0,none
2024-06-26 18:00:00,15.781401874558085,73.9709922091365,1014.6135695717053,0,none
2024-06-26 19:00:00,-5.321871692792412,76.6333951075963,1011.6063198342484,1,spike
2024-06-26 20:00:00,17.032581764300623,73.43009456152399,1010.5034486154359,0,none
2024-06-26 21:00:00,16.897678225459718,71.31904215467974,1010.428157671157,0,none
2024-06-26 22:00:00,18.43677767777969,70.14821956799496,1014.7829988916266,0,none
2024-06-26 23:00:00,19.23036358240473,60.07768390943617,1013.2273920276341,0,none
2024-06-27 00:00:00,21.88252524251278,62.083304817428875,1010.1201695819205,0,none
2024-06-27 01:00:00,21.754803846094827,53.749312828192885,1015.4272805512317,0,none
2024-06-27 02:00:00,23.39469359542152,55.06280480990425,1011.9625152219271,0,none
2024-06-27 03:00:00,23.097879343882,47.391433413131594,1011.6075442105645,1,drift
2024-06-27 04:00:00,25.14354074050307,45.13979686242897,1016.4561318161641,1,drift
2024-06-27 05:00:00,24.766124181211033,44.8321591065157,1017.0506638158479,1,drift
2024-06-27 06:00:00,23.73340740945284,46.10615367254827,1019.2184280025016,1,drift
2024-06-27 07:00:00,24.285109864781376,45.66628995618772,1016.0853475295147,1,drift
2024-06-27 08:00:00,24.588274763532485,51.25497205341017,1014.4773365021517,1,drift
2024-06-27 09:00:00,24.044550430955542,50.028942690319234,1019.2773225766657,1,drift
2024-06-27 10:00:00,23.394803058665204,52.55819702776629,1019.1428043942003,1,drift
2024-06-27 11:00:00,21.208908516288844,52.759343924620005,1016.5621864750015,1,drift
2024-06-27 12:00:00,21.210841369818937,56.923625556282715,1016.7652474882581,1,drift
2024-06-27 13:00:00,19.23182691258167,63.759916396446705,1018.2783936364867,1,drift
2024-06-27 14:00:00,17.502763374995553,65.9765410957916,1015.9340916401012,1,drift
2024-06-27 15:00:00,17.50096630293171,69.40562247163676,1018.4556188678662,1,drift
2024-06-27 16:00:00,15.66930319524062,76.71531262127577,1018.0926973281682,1,drift
2024-06-27 17:00:00,13.744852695277311,74.41377303910852,1019.6350788002231,1,drift
2024-06-27 18:00:00,17.72340866578315,77.91172839632588,1020.5009939923677,1,drift
2024-06-27 19:00:00,16.53326754650381,75.37479309995098,1018.4120586004697,1,drift
2024-06-27 20:00:00,15.89034674543822,68.18714639546482,1023.7882986407213,1,drift
2024-06-27 21:00:00,16.752488340759538,67.73598128262365,1021.2123557509819,1,drift
2024-06-27 22:00:00,18.31735491115177,69.40409834551612,1025.7035622404367,1,drift
2024-06-27 23:00:00,19.232006063989143,65.31346914893939,1021.3217649862157,1,drift
2024-06-28 00:00:00,21.23457019465766,56.66023596973131,1021.7131048012124,1,drift
2024-06-28 01:00:00,21.305811361596223,57.60937590826664,1022.6095618372575,1,drift
2024-06-28 02:00:00,21.8337255985638,48.833475952126975,1025.2833631670144,1,drift
2024-06-28 03:00:00,26.05498005639645,46.820901921539175,1012.6418373402485,0,none
2024-06-28 04:00:00,24.536783605632294,46.23570707995516,1014.6868640020434,0,none
2024-06-28 05:00:00,25.96247382564047,42.53919391379431,1008.5150788237344,0,none
2024-06-28 06:00:00,25.95377466831011,43.47622868211017,1014.0914606466644,0,none
2024-06-28 07:00:00,24.27307295209958,42.76246182586405,1010.8817631886798,0,none
2024-06-28 08:00:00,23.525023885030212,48.84953865847431,1014.5027504570446,0,none
2024-06-28 09:00:00,22.794324441437038,52.17911737258411,1012.1258599035127,0,none
2024-06-28 10:00:00,23.28434323013199,56.31500714798725,1012.8863254408914,0,none
2024-06-28 11:00:00,22.4537053081937,60.60238451772538,1012.1023972972325,0,none
2024-06-28 12:00:00,22.21307351886151,55.19034663242763,1011.59417172556,0,none
2024-06-28 13:00:00,18.79204926037343,62.469191769962066,1012.7251878692439,0,none
2024-06-28 14:00:00,19.198507153540103,73.15448337032576,1010.3485087654226,0,none
2024-06-28 15:00:00,17.882293536759917,72.44001738501885,1011.7545512397525,0,none
2024-06-28 16:00:00,17.12542451115267,75.68011422100737,1012.5782614949643,0,none
2024-06-28 17:00:00,15.504744169191822,69.94327874409562,1013.3795391242124,0,none
2024-06-28 18:00:00,14.629692439699935,76.38591717554077,1008.5500235540746,0,none
2024-06-28 19:00:00,15.634046771764808,72.05452463904838,1013.337586060165,0,none
2024-06-28 20:00:00,14.560470571904155,76.23100080509026,1017.5145885651795,0,none
2024-06-28 21:00:00,17.2357582270065,73.4104497477107,1008.3152863052358,0,none
2024-06-28 22:00:00,17.507387750294487,67.89549679989177,1010.4378469301164,0,none
2024-06-28 23:00:00,20.350724932165242,68.77687559470591,1014.2180846356979,0,none
2024-06-29 00:00:00,22.04550420208997,57.25711717514467,1011.5396118037713,0,none
2024-06-29 01:00:00,20.885940440593263,55.20281856188876,1014.5311632907377,0,none
2024-06-29 02:00:00,22.799752580470027,56.16989201559924,1010.3821089970008,0,none
2024-06-29 03:00:00,23.996080611196508,48.91329221592417,1011.8995644055198,0,none
2024-06-29 04:00:00,25.504111908235746,45.15904458284986,1014.095889846825,0,none
2024-06-29 05:00:00,24.07156002421815,42.62168702522404,1014.1035418575617,0,none
2024-06-29 06:00:00,24.575954862470173,48.88419314986049,1012.2405273067885,0,none
2024-06-29 07:00:00,24.447406331759904,42.41539412506142,1012.8658112636069,0,none
2024-06-29 08:00:00,24.433218543590318,48.0809120121343,1014.5451325657705,0,none
2024-06-29 09:00:00,24.36137119274045,49.95859062994162,1012.4362441123806,0,none
2024-06-29 10:00:00,24.210121996575726,52.390336122101424,1014.7949891747442,0,none
2024-06-29 11:00:00,23.047134583671113,56.813906841735,1011.4241038215056,0,none
2024-06-29 12:00:00,19.31357757124131,59.37476983068882,1014.531271444239,0,none
2024-06-29 13:00:00,18.559424448568723,66.17608685116157,1013.9723422018521,1,drift
2024-06-29 14:00:00,17.062737617986265,70.39894182554113,1011.357596376398,1,drift
2024-06-29 15:00:00,17.168787304573886,71.75699040126163,1014.5542648293053,1,drift
2024-06-29 16:00:00,15.004852087869336,72.44106258422337,1011.3917109210417,1,drift
2024-06-29 17:00:00,16.796150532216878,69.84257029220957,1013.4697800063004,1,drift
2024-06-29 18:00:00,15.542256565846552,74.38160061115681,1015.9509234961993,1,drift
2024-06-29 19:00:00,14.147825185117158,77.01605764873355,1018.5154918506323,1,drift
2024-06-29 20:00:00,14.555539757473516,76.99968815085091,1021.2366224686963,1,drift
2024-06-29 21:00:00,16.754747917941707,72.96097004311501,1015.6786222641044,1,drift
2024-06-29 22:00:00,15.59324506034401,68.41252740118905,1014.9853975408367,1,drift
2024-06-29 23:00:00,19.998169046651817,65.16588157739649,1021.94970449294,1,drift
2024-06-30 00:00:00,20.173390593150117,64.92314500664062,1016.7859431922909,1,drift
2024-06-30 01:00:00,20.4161173948931,53.34796818473598,1018.6999845716861,1,drift
2024-06-30 02:00:00,22.971990819627184,55.5467185110645,1021.256566861048,1,drift
2024-06-30 03:00:00,23.439500199150952,49.653344231763384,1021.2510065220309,1,drift
2024-06-30 04:00:00,23.284122216537945,46.592557508314044,1021.5520828282868,1,drift
2024-06-30 05:00:00,26.142855911672516,47.27444051695514,1019.2824952043234,1,drift
2024-06-30 06:00:00,25.395207151144067,43.326005664044885,1021.8675307655977,1,drift
2024-06-30 07:00:00,26.246211177190567,46.3217323676715,1024.3530642917165,1,drift
2024-06-30 08:00:00,22.990648181824167,45.012521149747435,1025.0133554719753,1,drift
2024-06-30 09:00:00,22.582862662883,49.357137503276796,1024.2399867867325,1,drift
2024-06-30 10:00:00,23.340964206843143,52.12726634295979,1024.2068177446297,1,drift
2024-06-30 11:00:00,21.134704024963575,55.287417583076945,1022.2991766184451,1,drift
2024-06-30 12:00:00,21.164918986640433,59.55270338620057,1024.8563009726226,1,drift
2024-06-30 13:00:00,16.840085384670058,64.14966864754844,1015.4238102491076,0,none
2024-06-30 14:00:00,16.91642483057846,65.6259586636133,1012.5044348134006,0,none
2024-06-30 15:00:00,17.22716838024289,66.03676086779637,1011.014419791376,0,none
2024-06-30 16:00:00,15.446017760925544,70.06759084275934,1012.4378914099719,0,none
2024-06-30 17:00:00,15.710516327410716,75.47854317004649,1014.6154558804639,0,none
2024-06-30 18:00:00,15.97867285681702,79.91338055733654,1012.077298672757,0,none
2024-06-30 19:00:00,14.731260589174568,77.68191760979082,1014.3020196683209,0,none
2024-06-30 20:00:00,16.976423958351976,74.53091678506784,1012.8757147254732,0,none
2024-06-30 21:00:00,16.762175723133304,72.0567573218786,1016.5840411115684,0,none
2024-06-30 22:00:00,15.354468646239384,71.62147282207928,1011.5672299010203,1,freeze
2024-06-30 23:00:00,19.352752619184212,71.62147282207928,1010.3114741415955,1,freeze
2024-07-01 00:00:00,20.07048421941125,71.62147282207928,1010.1036792249064,1,freeze
2024-07-01 01:00:00,21.271996840053575,71.62147282207928,1010.6009447407453,1,freeze
2024-07-01 02:00:00,21.900454288228932,71.62147282207928,1012.1253816755858,1,freeze
2024-07-01 03:00:00,21.91903797085446,71.62147282207928,1011.8782507508348,1,freeze
2024-07-01 04:00:00,22.62152190078564,48.84022632566128,1013.7910798782261,0,none
2024-07-01 05:00:00,24.370512802839066,44.405616615073605,1012.4287354826454,0,none
2024-07-01 06:00:00,23.963635088433897,45.137944996862615,1015.1656686328402,0,none
2024-07-01 07:00:00,24.787586653211573,47.60684953196277,1010.0767381388054,0,none
2024-07-01 08:00:00,23.27912500075049,45.26130425150647,1013.8479806963653,0,none
2024-07-01 09:00:00,25.23375309550208,46.48238395847837,1011.5946353742838,0,none
2024-07-01 10:00:00,21.517765704097034,57.18364317963488,1014.9114232892756,0,none
2024-07-01 11:00:00,21.041590360248403,57.25353394264258,1014.3053628409596,0,none
2024-07-01 12:00:00,20.23892794461996,58.930819644054935,1014.4508047053797,0,none
2024-07-01 13:00:00,19.07533258453854,64.83217773635252,1017.3336661362929,0,none
2024-07-01 14:00:00,16.900310984247565,67.46297931480308,1011.8560038905098,0,none
2024-07-01 15:00:00,14.942738272137495,69.21783163186774,1015.3295414535114,0,none
2024-07-01 16:00:00,15.916680086681176,70.22837038256041,1015.343196492681,0,none
2024-07-01 17:00:00,15.310340497718673,71.09374901864777,1010.6668609255696,0,none
2024-07-01 18:00:00,15.436522415706612,78.52959489410479,1011.5511472756533,0,none
2024-07-01 19:00:00,14.43760083641736,72.14033414854033,1011.4135324987719,0,none
2024-07-01 20:00:00,13.906606441760538,76.60533006971104,1013.3547353534565,0,none
2024-07-01 21:00:00,16.743399381031526,70.20681934722717,1014.5394369368892,0,none
2024-07-01 22:00:00,19.28549645382082,67.92763331941654,1012.4158970479929,0,none
2024-07-01 23:00:00,17.62652916045812,64.75060491889683,1013.4792621381348,1,drift
2024-07-02 00:00:00,18.319532296052877,56.86546569754926,1014.067514801912,1,drift
2024-07-02 01:00:00,20.893856470092246,55.07601166285797,1008.5712517257258,1,drift
2024-07-02 02:00:00,21.29558307046631,48.51967282029436,1015.7815856279426,1,drift
2024-07-02 03:00:00,24.846980260153057,44.639117554556684,1015.7288191016286,1,drift
2024-07-02 04:00:00,22.525608830258086,45.86948854161811,1011.9045557503904,1,drift
2024-07-02 05:00:00,24.40192247668348,41.24742901820262,1017.9446373698285,1,drift
2024-07-02 06:00:00,24.496617198847176,45.98493345905411,1019.5303293377086,1,drift
2024-07-02 07:00:00,22.649200957265833,42.88870482000483,1019.4239287920288,1,drift
2024-07-02 08:00:00,24.18805797263926,43.49530152540412,1014.8541798462998,1,drift
2024-07-02 09:00:00,23.711727501654952,50.53736534353917,1018.8583661205164,1,drift
2024-07-02 10:00:00,21.715906472595194,53.771648674644,1017.0949195859885,1,drift
2024-07-02 11:00:00,21.991565702114876,52.713506053185704,1017.5851663267578,1,drift
2024-07-02 12:00:00,19.040393531180822,59.93455247433072,1021.0095013606955,1,drift
2024-07-02 13:00:00,16.154375868813528,66.93458834188827,1020.0347826956161,1,drift
2024-07-02 14:00:00,18.362665346517467,65.80739969937568,1021.0137568994828,1,drift
2024-07-02 15:00:00,15.080306400145354,71.61330900950689,1021.671164038804,1,drift
2024-07-02 16:00:00,15.19439001042741,72.90361990335882,1023.6151118503288,1,drift
2024-07-02 17:00:00,15.778787964463897,73.3051100643641,1022.0215295489751,1,drift
2024-07-02 18:00:00,13.782655903100546,75.04424880765933,1021.8731525305876,1,drift
2024-07-02 19:00:00,13.475907552229108,71.64570178559926,1021.3632076200686,1,drift
2024-07-02 20:00:00,15.111122397640585,72.77259194990441,1024.9242136742776,1,drift
2024-07-02 21:00:00,15.550805254330598,72.4686612902211,1022.7048741112255,1,drift
2024-07-02 22:00:00,17.060239153976482,68.37291349682428,1021.9787061066944,1,drift
2024-07-02 23:00:00,19.92959561510436,63.54957037350035,1017.0109731968058,0,none
2024-07-03 00:00:00,20.531709337627206,59.616808947762266,1016.3070903499769,0,none
2024-07-03 01:00:00,20.188503995662767,60.61379363537485,1012.991705963389,0,none
2024-07-03 02:00:00,21.276812827341892,52.89711394119554,1009.8919731594148,0,none
2024-07-03 03:00:00,22.229971685461805,46.28676244886647,1013.9962894055366,0,none
2024-07-03 04:00:00,22.18224029762992,43.59416015866023,1013.4546933491483,1,drift
2024-07-03 05:00:00,23.897247681910216,46.289162572942885,1012.9387330118601,1,drift
2024-07-03 06:00:00,26.12945345903507,46.0112585768663,1014.5714455137897,1,drift
2024-07-03 07:00:00,23.5776275676084,48.462279936514335,1016.4599507909741,1,drift
2024-07-03 08:00:00,24.283671601190573,43.54343640366713,1017.7723639472161,1,drift
2024-07-03 09:00:00,24.45799477282352,56.45500416156277,1012.8083747614011,1,drift
2024-07-03 10:00:00,20.611764146785674,50.10788001800443,1017.501349793651,1,drift
2024-07-03 11:00:00,22.413551357863884,51.215575807335696,1013.0562013911355,1,drift
2024-07-03 12:00:00,20.283567482151316,59.9849724347468,1019.469959341883,1,drift
2024-07-03 13:00:00,16.32703441553331,65.53338537758076,1016.0136461657788,1,drift
2024-07-03 14:00:00,16.69518112245741,69.62686341112999,1016.8590924798012,1,drift
2024-07-03 15:00:00,16.03581915289245,69.61621132423825,1020.4979112642677,1,drift
2024-07-03 16:00:00,16.13588854430118,70.48832824678396,1019.3581532400448,1,drift
2024-07-03 17:00:00,14.947348761002127,72.64175936612217,1017.6278748281546,1,drift
2024-07-03 18:00:00,14.571439943591889,69.0384165124835,1017.9484027068432,1,drift
2024-07-03 19:00:00,14.972747728880918,72.15280542441384,1021.557201577658,1,drift
2024-07-03 20:00:00,13.41068440099627,69.653397373033,1022.9259599067005,1,drift
2024-07-03 21:00:00,16.3286717273024,73.40363616300219,1018.7120957245336,1,drift
2024-07-03 22:00:00,15.999290008563563,64.29308103617731,1016.6400048176486,1,drift
2024-07-03 23:00:00,17.157192382687676,68.31645064401621,1021.8570494495623,1,drift
2024-07-04 00:00:00,16.848148202980383,65.13699635942007,1023.8080096274152,1,drift
2024-07-04 01:00:00,20.954831001974437,54.02996488688801,1021.8878633388994,1,drift
2024-07-04 02:00:00,21.64647956206359,59.72707996474042,1021.4141867089078,1,drift
2024-07-04 03:00:00,25.102910736697297,50.39236125133654,1019.4125387895914,1,drift
2024-07-04 04:00:00,23.132121755931227,40.39946111683727,1009.0056967805766,0,none
2024-07-04 05:00:00,22.471373628342867,42.4954100684398,1013.6652054704996,0,none
2024-07-04 06:00:00,23.784372211945882,44.84031057026452,1010.6703137405395,0,none
2024-07-04 07:00:00,25.682617578597092,42.30121046748971,1012.0539597228263,0,none
2024-07-04 08:00:00,25.67711667121951,40.11215519417591,1010.1365412254863,0,none
2024-07-04 09:00:00,24.59557891885083,54.190260402600224,1011.6455978168495,0,none
2024-07-04 10:00:00,21.44392135563454,48.445883260715135,1015.758526530057,0,none
2024-07-04 11:00:00,22.057681241464397,56.91198138267081,1009.0390462826875,0,none
2024-07-04 12:00:00,18.301759655935104,62.55127793230765,1014.8949961209576,0,none
2024-07-04 13:00:00,18.49454182527545,61.530391807552185,1015.0421959165765,0,none
2024-07-04 14:00:00,17.10727781250834,68.88899840217066,1015.1643929331925,0,none
2024-07-04 15:00:00,14.820585091437309,73.72762258042144,1012.5127773211357,0,none
2024-07-04 16:00:00,14.455423969410427,69.45541995482706,1015.4909076919873,0,none
2024-07-04 17:00:00,14.535287964151005,75.16702784904699,1012.426685674816,0,none
2024-07-04 18:00:00,15.197669864996096,75.48407201330349,1012.243137908311,0,none
2024-07-04 19:00:00,13.985260195711565,73.5952242181223,1014.4644711799947,0,none
2024-07-04 20:00:00,15.356329436759326,74.9220158690418,1010.7713976509092,0,none
2024-07-04 21:00:00,16.492716581421607,66.65121160845825,1013.762651039659,0,none
2024-07-04 22:00:00,17.428096466820893,61.21482864422785,1011.9522215526669,0,none
2024-07-04 23:00:00,16.907798877565778,58.91180414158852,1012.8762957976351,0,none
2024-07-05 00:00:00,19.98408318696742,52.897246621056226,1016.807715583449,0,none
2024-07-05 01:00:00,19.916163196286487,57.60223686062397,1010.5412609683817,0,none
2024-07-05 02:00:00,21.883036053391134,52.03659940757672,1012.5226004146732,0,none
2024-07-05 03:00:00,23.649970451988388,51.581558986968226,1014.579013591405,0,none
2024-07-05 04:00:00,23.369171736063876,44.37044442950094,1011.7561875370753,0,none
2024-07-05 05:00:00,25.321801584973407,47.00436045322754,1013.4016789633358,0,none
2024-07-05 06:00:00,23.81386326154864,43.146432678992255,1011.7308770691578,0,none
2024-07-05 07:00:00,23.225933939196587,51.10060251111577,1016.7582593434717,0,none
2024-07-05 08:00:00,24.77238526670137,48.73372227392299,1013.5451992391044,0,none
2024-07-05 09:00:00,20.343310117300053,50.713461544891516,1014.7310269932061,0,none
2024-07-05 10:00:00,21.81645995892784,50.96655096761104,1013.2116738511684,0,none
2024-07-05 11:00:00,23.54606754849257,51.48444684027233,1011.8339643705383,0,none
2024-07-05 12:00:00,18.58106166679238,56.1706259818477,1011.3203788735325,0,none
2024-07-05 13:00:00,17.98395658743246,65.46580348555703,1010.140725610916,0,none
2024-07-05 14:00:00,15.420383445921887,73.68966613298518,1010.9277474150674,0,none
2024-07-05 15:00:00,17.102834301270594,73.8482045274437,1012.8410910270792,0,none
2024-07-05 16:00:00,13.310986633210781,75.17075502738352,1016.6705243129783,0,none
2024-07-05 17:00:00,13.983549455755847,69.55944216220628,1015.4872515914245,0,none
2024-07-05 18:00:00,13.68158242573447,75.935458307227,1012.1388940245299,0,none
2024-07-05 19:00:00,12.53611675176651,75.87501801218585,1013.7409781946947,0,none
2024-07-05 20:00:00,14.297019677906137,74.43399744457703,1012.0507623504941,0,none
2024-07-05 21:00:00,15.918824387655123,68.37571260590953,1013.8137744791749,0,none
2024-07-05 22:00:00,16.21056516904128,69.38487611463417,1010.146199965565,0,none
2024-07-05 23:00:00,18.207022792798284,64.26755913534008,1012.4426745739028,0,none
2024-07-06 00:00:00,17.684957916434396,65.0204801179695,1011.1612009211312,0,none
2024-07-06 01:00:00,21.629738882917785,60.557033516109705,1011.0453278726326,0,none
2024-07-06 02:00:00,21.52165399259096,53.77899882659417,1008.9970497777831,0,none
2024-07-06 03:00:00,22.756612542012533,50.03660489971314,1011.1635101559388,0,none
2024-07-06 04:00:00,24.51917909666294,47.28811944544574,1013.2980695257557,0,none
2024-07-06 05:00:00,23.083049868305913,47.59829250213982,1012.5743661806149,0,none
2024-07-06 06:00:00,25.371275012175374,47.265718403589204,1010.190376694078,0,none
2024-07-06 07:00:00,21.92153969018804,46.13494687120508,1012.1532115120315,0,none
2024-07-06 08:00:00,23.50626008132428,48.26568616176765,1012.8306493484458,0,none
2024-07-06 09:00:00,23.12979582605482,47.93687043688964,1014.0386719114431,0,none
2024-07-06 10:00:00,23.263988247339228,47.807829630372716,1012.2313231821757,0,none
2024-07-06 11:00:00,22.764217905126685,57.82208323770898,1014.9780785267836,0,none
2024-07-06 12:00:00,17.535684109506168,57.3184116511553,1013.818180057312,0,none
2024-07-06 13:00:00,17.96168338350689,64.59649217358714,1012.2958602781775,0,none
2024-07-06 14:00:00,15.961100800583033,67.23926678807688,1015.5867486573335,0,none
2024-07-06 15:00:00,17.257986009981533,66.99345169803065,1012.7855399823944,0,none
2024-07-06 16:00:00,14.569371558003967,72.23027301492857,1013.2617387430369,0,none
2024-07-06 17:00:00,16.18831724803503,69.48387154594033,1013.5565276698985,0,none
2024-07-06 18:00:00,14.638902125022286,75.25653124369789,1017.3211760819726,0,none
2024-07-06 19:00:00,13.37826751545249,73.53531586463924,1011.2706637999426,0,none
2024-07-06 20:00:00,16.30042909232247,69.52213859866636,1013.586397927613,0,none
2024-07-06 21:00:00,16.022713427336477,72.73627611466793,1013.1572822144598,0,none
2024-07-06 22:00:00,16.036328955845107,72.46264810830172,1014.4859101196586,0,none
2024-07-06 23:00:00,17.11619448774229,65.83794529035607,1010.9811015718626,0,none
2024-07-07 00:00:00,18.41432996644592,60.01298504851814,1015.1989887589809,0,none
2024-07-07 01:00:00,20.789372783653477,58.64217696136707,1007.3229948242549,0,none
2024-07-07 02:00:00,20.710234537472036,55.676281545546914,1008.5582572967713,0,none
2024-07-07 03:00:00,22.02115087463055,53.74870538921244,1011.2622642730795,0,none
2024-07-07 04:00:00,24.416976024387118,46.053257699575454,1011.3670048942001,0,none
2024-07-07 05:00:00,24.779937779251046,40.81901549580411,1015.3369411537806,0,none
2024-07-07 06:00:00,21.442719042646043,48.89191342784416,1011.2422780943253,0,none
2024-07-07 07:00:00,23.739522491254085,48.88152177600608,1012.2281727555729,0,none
2024-07-07 08:00:00,22.98544705682873,46.94429428346513,1010.1273007932883,0,none
2024-07-07 09:00:00,23.426172867809917,48.48916171632307,1017.0851629174579,0,none
2024-07-07 10:00:00,20.625507586786927,56.16220909341745,1012.7360299431608,0,none
2024-07-07 11:00:00,18.87798770148627,56.34316419793696,1015.0002886153598,0,none
2024-07-07 12:00:00,18.5973713304251,61.11649183744383,1011.8403399214865,0,none
2024-07-07 13:00:00,17.42016449110662,61.90474649937267,1015.2907209445483,0,none
2024-07-07 14:00:00,17.460359693160456,66.3485096315741,1012.5855860558748,0,none
2024-07-07 15:00:00,14.48762097615608,75.30228053544097,1015.7811089565778,0,none
2024-07-07 16:00:00,14.149542275476055,76.34860854299512,1014.3027161844514,0,none
2024-07-07 17:00:00,12.357957429635926,72.50332458728445,1014.3328866283377,0,none
2024-07-07 18:00:00,13.432457900441788,68.51749984685429,1011.6063557804471,0,none
2024-07-07 19:00:00,13.583305859096592,74.50947189179357,1015.3544883480141,0,none
2024-07-07 20:00:00,15.348226138839188,71.8405306142964,1013.2909476255426,0,none
2024-07-07 21:00:00,15.741865247068983,67.00684353427982,1013.4310949891648,0,none
2024-07-07 22:00:00,16.14293566588658,68.51139105332399,1014.908829353076,0,none
2024-07-07 23:00:00,18.539544992618396,63.49261465007079,1011.0332764135768,0,none
2024-07-08 00:00:00,18.735397102585928,55.07489542020438,1013.3396468079907,0,none
2024-07-08 01:00:00,18.53250937940699,57.18417066931506,1012.7506838152219,0,none
2024-07-08 02:00:00,20.772825300042086,50.661425163022,1012.8844021965035,0,none
2024-07-08 03:00:00,21.715900922950592,49.721215565980934,1014.0672789101798,0,none
2024-07-08 04:00:00,23.458883484563085,48.40476779781366,1013.6522216018036,0,none
2024-07-08 05:00:00,24.68683542010632,47.20560001417545,1012.0947414612076,0,none
2024-07-08 06:00:00,22.912072637807878,48.08679467233362,1015.8459182445229,0,none
2024-07-08 07:00:00,24.516757794272202,45.70106221176908,1015.2652378370684,0,none
2024-07-08 08:00:00,23.89409325517784,42.84779226797847,1012.6165842086428,0,none
2024-07-08 09:00:00,23.10463358189196,49.45408587295339,1011.6105096287598,0,none
2024-07-08 10:00:00,20.414868414679702,52.05719970363918,1013.0145819333733,0,none
2024-07-08 11:00:00,20.75293278033953,56.25913631251986,1012.9333998935663,0,none
2024-07-08 12:00:00,18.87348750700061,63.72852740733589,1011.0823465898252,0,none
2024-07-08 13:00:00,18.4977801945393,62.16976454617255,1013.1627285004477,0,none
2024-07-08 14:00:00,16.939861999461115,66.11817849693924,1012.711976066191,0,none
2024-07-08 15:00:00,16.920485964738567,68.2317385442213,1015.7034964962901,0,none
2024-07-08 16:00:00,15.645259607228956,72.91783972044504,1013.5396489868201,0,none
2024-07-08 17:00:00,13.341146172580196,71.3515952644058,1011.9744915220364,0,none
2024-07-08 18:00:00,12.213974342382256,75.26391814890627,1012.2219737083122,0,none
2024-07-08 19:00:00,15.413121428233431,71.64867151411033,1015.3802915410982,0,none
2024-07-08 20:00:00,12.805414283378457,69.48763312738929,1016.3301186332391,0,none
2024-07-08 21:00:00,14.333058766615844,67.10679393941857,1013.1971830931085,0,none
2024-07-08 22:00:00,16.942522903334268,71.4909139988919,1015.083842631438,0,none
2024-07-08 23:00:00,17.814212150661223,61.30005437292249,1014.4497408002096,0,none
2024-07-09 00:00:00,21.20846571264545,57.5304174516906,1012.3564872086162,0,none
2024-07-09 01:00:00,,54.97114756141582,1013.5007652295712,1,null
2024-07-09 02:00:00,,53.21795367430832,1013.8439481311405,1,null
2024-07-09 03:00:00,21.670552996996328,54.01403516427691,1016.255370736303,0,none
2024-07-09 04:00:00,23.87749840336305,50.70180015066763,1013.1484404479031,0,none
2024-07-09 05:00:00,23.879056862275444,44.54691986745621,1013.7018177931053,0,none
2024-07-09 06:00:00,23.77597291765161,44.58510756898637,1011.9922537387164,0,none
2024-07-09 07:00:00,24.12909533534579,41.13384492559099,1010.9994816790705,0,none
2024-07-09 08:00:00,24.229927379723865,48.99718038079499,1013.4761191826204,0,none
2024-07-09 09:00:00,21.60290849080571,45.580286066483104,1013.0148901026615,0,none
2024-07-09 10:00:00,21.48159897118906,55.09672916433792,1011.9747384229183,0,none
2024-07-09 11:00:00,19.53181305817132,53.83828652748761,1013.3185810677883,0,none
2024-07-09 12:00:00,19.279548228555168,53.9475547179282,1013.6805429485829,0,none
2024-07-09 13:00:00,16.72731776026138,63.51394372730375,1013.9375711470703,0,none
2024-07-09 14:00:00,16.81432931928841,65.92135360314464,1015.392824389869,0,none
2024-07-09 15:00:00,14.439176449789366,71.11224062682648,1016.1862566517132,0,none
2024-07-09 16:00:00,13.733053103348883,69.81441470742627,1013.6883751107653,0,none
2024-07-09 17:00:00,13.448277613870909,76.08902447034627,1016.8855189196311,0,none
2024-07-09 18:00:00,13.573199383504635,80.49241695293526,1013.1293395274708,0,none
2024-07-09 19:00:00,13.959866290218427,71.90446539654778,1012.4908696556565,0,none
2024-07-09 20:00:00,13.543230908147498,76.42273041725392,1014.456052614568,0,none
2024-07-09 21:00:00,14.710774880003195,65.29397423300925,1012.3488849609965,0,none
2024-07-09 22:00:00,17.065856779488605,67.26107363537716,1009.0990938437557,0,none
2024-07-09 23:00:00,19.852501821888726,58.93869302921241,1011.0809722190841,0,none
2024-07-10 00:00:00,19.22758920866197,61.4444707684373,1011.7798846833497,0,none
2024-07-10 01:00:00,19.554035752413586,59.53573102894239,1014.075931794933,0,none
2024-07-10 02:00:00,21.056530636672182,51.51281330362478,1012.7255525942826,0,none
2024-07-10 03:00:00,22.6489735593474,46.62363177184224,1010.7666583582178,0,none
2024-07-10 04:00:00,38.38571998110207,48.736514543859656,1013.5873683590213,1,spike
2024-07-10 05:00:00,22.182828772044747,50.19970698887013,1010.5866597819369,0,none
2024-07-10 06:00:00,23.69815617859903,49.76516280342237,1011.5142188212728,0,none
2024-07-10 07:00:00,23.19625521434161,44.12717336483196,1011.4423065286788,0,none
2024-07-10 08:00:00,22.43377653915513,50.22460140056684,1012.1017126840837,0,none
2024-07-10 09:00:00,20.753465112402022,49.6524638536916,1016.227204395703,0,none
2024-07-10 10:00:00,37.191085132187695,53.25376004463141,1011.8563208104249,1,spike
2024-07-10 11:00:00,19.33563373488863,55.215337615217955,1010.2932550916712,0,none
2024-07-10 12:00:00,20.405475093989352,61.395595126848285,1011.8543381019789,0,none
2024-07-10 13:00:00,16.563879851091247,63.617822670237814,1014.8391203161256,0,none
2024-07-10 14:00:00,16.4313767449693,59.50228943102958,1006.6988275400041,0,none
2024-07-10 15:00:00,15.441833814052346,69.37674824287784,1014.2892971819763,0,none
2024-07-10 16:00:00,13.3178952418763,67.09763371293371,1010.0750469899517,0,none
2024-07-10 17:00:00,13.739043744503624,74.699160918971,1007.1006937979969,0,none
2024-07-10 18:00:00,12.855773415945366,74.56062373985965,1008.9588657564842,0,none
2024-07-10 19:00:00,12.537224901025231,75.84592760111309,1012.9793471130789,0,none
2024-07-10 20:00:00,14.898168545933236,73.68158792043225,1014.6586826284665,0,none
2024-07-10 21:00:00,14.061318286690456,71.19065492704598,1013.5946789790561,0,none
2024-07-10 22:00:00,16.87093901118441,74.4433606058353,1015.1838502809342,0,none
2024-07-10 23:00:00,15.334531838672495,59.86420290554842,1013.16064874757,0,none
2024-07-11 00:00:00,18.649649268259346,62.037639320422926,1014.2080918051143,0,none
2024-07-11 01:00:00,-11.039340809279192,55.29175346782142,1013.6387604271314,1,spike
2024-07-11 02:00:00,21.330082739716524,48.25144292646256,1012.4427469246227,0,none
2024-07-11 03:00:00,21.977330907608053,50.30331218622439,1014.3679081710344,0,none
2024-07-11 04:00:00,24.54115488861425,46.130571071434005,1014.3325998136233,0,none
2024-07-11 05:00:00,23.54093070315707,43.422294108431316,1008.8334239404896,0,none
2024-07-11 06:00:00,22.506589850723557,41.924456956841595,1012.7967756139132,0,none
2024-07-11 07:00:00,25.16300738105809,45.832125109909406,1015.0004954040986,0,none
2024-07-11 08:00:00,22.042276365259397,39.259689464907794,1010.4506206034644,0,none
2024-07-11 09:00:00,21.7139789167827,51.84137457542534,1018.0083888497455,0,none
2024-07-11 10:00:00,21.133915226571716,55.55309518430744,1014.4060699494581,0,none
2024-07-11 11:00:00,19.180687629725117,59.15171055436114,1012.1710028183167,0,none
2024-07-11 12:00:00,18.0998448728364,58.04007003973863,1011.5620228721006,0,none
2024-07-11 13:00:00,16.589089829964845,60.174765314482386,1015.781692366864,0,none
2024-07-11 14:00:00,15.198440866718844,66.41710198483159,1014.9351492360595,0,none
2024-07-11 15:00:00,15.159354052318522,72.30265366373382,1010.4773408699118,0,none
2024-07-11 16:00:00,13.680367856088253,70.46052911916553,1012.4989012490091,0,none
2024-07-11 17:00:00,15.738061622244924,68.87676732745254,1012.7397671255468,0,none
2024-07-11 18:00:00,13.751536808329472,75.5496250176946,1012.2326271440426,0,none
2024-07-11 19:00:00,12.943087400490422,78.00736331328132,1016.3544496259331,0,none
2024-07-11 20:00:00,13.497778665776767,69.29990957012252,1012.6878496083218,0,none
2024-07-11 21:00:00,14.698722994506271,72.27510560339987,1016.295279970534,0,none
2024-07-11 22:00:00,16.795459346890368,59.94080105156466,1011.2017782934222,0,none
2024-07-11 23:00:00,19.118301199085696,59.41911953719945,1013.313593859957,0,none
2024-07-12 00:00:00,18.262757017922688,57.83028926816055,1012.1169161972247,0,none
2024-07-12 01:00:00,19.02852929758545,56.18117725549833,1014.552615686206,0,none
2024-07-12 02:00:00,20.221449503323537,54.29161066520616,1011.6717474785216,0,none
2024-07-12 03:00:00,20.90453432769461,46.99797593146708,1013.3967393011845,0,none
2024-07-12 04:00:00,22.023085340135964,49.2044516413315,1013.5975132604117,0,none
2024-07-12 05:00:00,20.317950671603146,48.82334478828491,1012.6973383651979,0,none
2024-07-12 06:00:00,24.383772346806598,42.485421355774875,1012.7603942281221,0,none
2024-07-12 07:00:00,21.936458606217762,44.1432861365203,1013.4372009522889,0,none
2024-07-12 08:00:00,23.16695092070639,48.86018712623219,1016.8324099508709,0,none
2024-07-12 09:00:00,22.157214983319207,45.73764777102757,1014.1627378936914,0,none
2024-07-12 10:00:00,21.590135250544144,53.1493811393811,1007.5690773613577,0,none
2024-07-12 11:00:00,20.359043621394928,55.30915048352124,1013.0759854105,0,none
2024-07-12 12:00:00,15.712116793055765,59.87987773138612,1013.5836208640354,0,none
2024-07-12 13:00:00,17.25020833263848,64.21424535184036,1016.1721321754345,0,none
2024-07-12 14:00:00,14.405902895700494,66.9658103793745,1014.0426210297497,0,none
2024-07-12 15:00:00,13.609343936978327,66.91311690516702,1011.3288414979653,0,none
2024-07-12 16:00:00,14.546757577487028,73.14071130437912,1010.379401373207,0,none
2024-07-12 17:00:00,12.16885665894742,71.56163258708779,1011.4214921405166,0,none
2024-07-12 18:00:00,12.842504908222919,74.26829202735553,1016.4003474795607,0,none
2024-07-12 19:00:00,12.099981476930214,75.36993698288099,1011.6584951669239,0,none
2024-07-12 20:00:00,13.942206051072644,75.34852085463122,1015.308119522856,0,none
2024-07-12 21:00:00,14.242862332793832,65.10933003731888,1010.8763134009406,0,none
2024-07-12 22:00:00,15.248310872211054,65.86805579188358,1013.9672948160054,0,none
2024-07-12 23:00:00,17.48683271358361,70.62828456195881,1014.8070378415434,0,none
2024-07-13 00:00:00,17.75310952553975,63.21746140223374,1014.1232186617401,0,none
2024-07-13 01:00:00,18.31738462544415,57.99008136697094,1011.5778563816635,0,none
2024-07-13 02:00:00,19.68776045589745,48.991862350684855,1014.2980543341363,0,none
2024-07-13 03:00:00,19.062116349057522,43.93448919022974,1011.1627344515574,0,none
2024-07-13 04:00:00,21.115099613096405,45.67851146478984,1014.6741236200627,0,none
2024-07-13 05:00:00,23.66974990335865,47.108326317755655,1012.0560400855788,0,none
2024-07-13 06:00:00,23.310202479508053,42.62865434020361,1021.265364108705,0,none
2024-07-13 07:00:00,22.681501735413303,45.76455447834708,1014.1252792976869,0,none
2024-07-13 08:00:00,22.374192330995875,48.46677734695574,1011.6585452855348,0,none
2024-07-13 09:00:00,21.987150609829236,54.17038598216116,1014.7795278836065,0,none
2024-07-13 10:00:00,20.640424865921272,50.05518675258862,1014.2999444088961,0,none
2024-07-13 11:00:00,19.29540686285505,58.0301028446037,1017.1807135473664,0,none
2024-07-13 12:00:00,18.488278012342864,60.52311526615263,1016.1418684329776,0,none
2024-07-13 13:00:00,17.154526245224947,66.97810294972693,1013.2073761549602,0,none
2024-07-13 14:00:00,16.86916709203406,66.02882289467337,1014.8320647928085,0,none
2024-07-13 15:00:00,16.568622979423242,72.40565177005621,1016.7812942327703,0,none
2024-07-13 16:00:00,12.67425502774109,67.58729989440243,1013.5505362818425,0,none
2024-07-13 17:00:00,12.253647607035736,72.07290871555665,1012.3936603989873,0,none
2024-07-13 18:00:00,15.094383392201081,73.41968913241976,1014.293316158613,0,none
2024-07-13 19:00:00,13.88928674367771,71.08406332648325,1016.2071074505891,0,none
2024-07-13 20:00:00,12.120575525948674,68.36863994439798,1010.535119664326,0,none
2024-07-13 21:00:00,14.259168472620422,70.17244334454075,1012.3707868448327,0,none
2024-07-13 22:00:00,14.743787471267229,65.01569581797806,1010.6980148688541,0,none
2024-07-13 23:00:00,17.055196243527043,58.259394588779955,1015.3926593628685,0,none
2024-07-14 00:00:00,18.84634206783181,61.1514129156918,1014.887520732273,0,none
2024-07-14 01:00:00,19.155536844253607,58.10325528138716,1014.5584942534243,0,none
2024-07-14 02:00:00,21.193356371779444,57.728988710794184,1016.3205933162578,0,none
2024-07-14 03:00:00,19.23541898394293,50.643896758302006,1014.5732877248668,0,none
2024-07-14 04:00:00,23.19527385483717,45.264191121242206,1010.0249563116811,0,none
2024-07-14 05:00:00,24.070054071830295,45.812839639049024,1012.4067864020906,0,none
2024-07-14 06:00:00,21.79987244958556,47.69179280107727,1012.1090011099469,0,none
2024-07-14 07:00:00,23.19923954416609,49.007598134845146,1011.031048827683,1,drift
2024-07-14 08:00:00,20.842118019361195,46.620638857687034,1012.5053811890588,1,drift
2024-07-14 09:00:00,20.947446448042548,49.474740036432166,1013.4458421422821,1,drift
2024-07-14 10:00:00,20.014501186515226,52.06890443383485,1013.0409812276994,1,drift
2024-07-14 11:00:00,17.830091584671028,61.341323062097786,1017.1561890263023,1,drift
2024-07-14 12:00:00,19.42798001224468,63.078013412196654,1016.3994399134459,1,drift
2024-07-14 13:00:00,17.55787642685758,57.889751111840745,1017.8622635183235,1,drift
2024-07-14 14:00:00,14.21221432772726,66.73962840878731,1016.1878390125328,1,drift
2024-07-14 15:00:00,15.26899764205972,70.3650062428393,1017.9240462339611,1,drift
2024-07-14 16:00:00,14.487368008982635,71.36200014894276,1019.5076143958051,1,drift
2024-07-14 17:00:00,13.102363321462985,82.23819002558832,1017.6982765295113,1,drift
2024-07-14 18:00:00,13.374433016748831,76.25380866080486,1019.6226170069621,1,drift
2024-07-14 19:00:00,12.968123504941675,73.78148072539197,1019.9678683198919,1,drift
2024-07-14 20:00:00,12.379676011652226,68.51747603838298,1016.6710294030784,1,drift
2024-07-14 21:00:00,13.263658370155328,68.31798713425137,1016.0709704371046,1,drift
2024-07-14 22:00:00,14.715666822113644,75.7972717273224,1019.8893872934444,1,drift
2024-07-14 23:00:00,16.02239965672604,64.54571497184057,1022.7959167341328,1,drift
2024-07-15 00:00:00,16.337162489397905,58.98564860801255,1017.2456166168199,1,drift
2024-07-15 01:00:00,20.00097426846299,56.97926861572851,1022.1867891006476,1,drift
2024-07-15 02:00:00,19.957521490451274,50.98925961853594,1023.6537338928704,1,drift
2024-07-15 03:00:00,22.131395200506358,42.444740148409636,1025.010713964411,1,drift
2024-07-15 04:00:00,20.565300546913438,47.376478372573345,1021.7456004612849,1,drift
2024-07-15 05:00:00,22.464584963625025,43.57246557946654,1026.4119397744284,1,drift
2024-07-15 06:00:00,22.01892678653503,45.57412833845728,1023.8437725136184,1,drift
2024-07-15 07:00:00,23.824782271082054,48.61971228664984,1016.7955218380566,0,none
2024-07-15 08:00:00,22.103832428942873,48.72526161976846,1014.1335808480567,0,none
2024-07-15 09:00:00,21.786627810444294,49.84607830123639,1010.0275056457136,0,none
2024-07-15 10:00:00,19.90292923420771,56.926419754313365,1010.3470322919813,0,none
2024-07-15 11:00:00,18.000605624763647,54.228583688185566,1015.6984696039242,0,none
2024-07-15 12:00:00,16.829607890317334,57.595634811608655,1007.5628228646364,0,none
2024-07-15 13:00:00,15.943409701811861,65.4550300011777,1013.55420553315,0,none
2024-07-15 14:00:00,15.151866872969634,61.04065997680491,1014.4396875418506,0,none
2024-07-15 15:00:00,14.1971653587634,73.07809601021927,1015.1194361473442,0,none
2024-07-15 16:00:00,13.017757164798288,73.7610721255853,1013.3270321137085,0,none
2024-07-15 17:00:00,11.513579197926417,70.89394053180706,1012.9263348478671,0,none
2024-07-15 18:00:00,12.696434793010496,72.22377924241296,1013.985151009521,0,none
2024-07-15 19:00:00,14.435787330487123,71.7020821513444,1012.953641999255,0,none
2024-07-15 20:00:00,12.999343126768439,72.77112983358667,1015.1413181454982,0,none
2024-07-15 21:00:00,12.463357648024273,71.88854001352132,1014.7168702011489,0,none
2024-07-15 22:00:00,15.272784017980788,65.20373552792826,1011.5434788955714,0,none
2024-07-15 23:00:00,16.80743271022217,66.64518331651034,1011.3429864340759,0,none
2024-07-16 00:00:00,15.363294233653386,63.00653370734089,1010.836586131029,0,none
2024-07-16 01:00:00,20.57319231331973,60.1665972992979,1009.1396403302917,0,none
2024-07-16 02:00:00,19.288627543304205,49.35893105531751,1014.5159013318706,0,none
2024-07-16 03:00:00,19.384407115862103,46.443402946190766,1012.0972578489672,0,none
2024-07-16 04:00:00,20.856152263839412,43.887847406620466,1013.869179164942,0,none
2024-07-16 05:00:00,23.69610937432276,43.12423386415867,1015.0147253479388,0,none
2024-07-16 06:00:00,20.13987321709465,44.53983914551905,1011.1068813813205,0,none
2024-07-16 07:00:00,20.873730496358114,41.88838734866496,1012.0730082745954,0,none
2024-07-16 08:00:00,21.461719475277597,46.60461939764423,1013.1451584696894,0,none
2024-07-16 09:00:00,21.61548764948376,51.93247485395698,1009.2112581154624,0,none
2024-07-16 10:00:00,20.38607096596195,54.67781084885519,1011.2314386695109,0,none
2024-07-16 11:00:00,17.50425737459141,57.536744277516135,1013.7470159696171,0,none
2024-07-16 12:00:00,16.910680093880146,68.56515068437967,1018.3696655477901,0,none
2024-07-16 13:00:00,17.110960826210558,60.5957837936744,1013.0224486237153,0,none
2024-07-16 14:00:00,15.241953590572598,66.87992356206368,1014.0464855766971,0,none
2024-07-16 15:00:00,14.373206287410204,68.48250956531507,1012.8725772171013,0,none
2024-07-16 16:00:00,13.12204060421764,75.17198015235418,1012.8226560865323,0,none
2024-07-16 17:00:00,11.729731807413959,78.90336938695549,1012.1626214314324,1,drift
2024-07-16 18:00:00,11.885799516659876,77.12774252999327,1013.8107731209661,1,drift
2024-07-16 19:00:00,11.190159964628903,70.10446827563648,1009.2042966516385,1,drift
2024-07-16 20:00:00,12.42281651878574,74.66439975933204,1014.9033641308423,1,drift
2024-07-16 21:00:00,13.775304976460374,69.50695513583042,1016.9548735594254,1,drift
2024-07-16 22:00:00,13.88088222311939,70.56356915431553,1016.1808582322125,1,drift
2024-07-16 23:00:00,16.366380042617433,63.15148937250217,1014.798192823421,1,drift
2024-07-17 00:00:00,18.299258844482413,56.12142527595542,1017.124698802336,1,drift
2024-07-17 01:00:00,17.422371561633064,59.39552635666568,1016.0278159172285,1,drift
2024-07-17 02:00:00,19.907373994393808,47.40753943899735,1012.8917161286379,1,drift
2024-07-17 03:00:00,21.343369574605006,55.575657021764286,1016.9018968240932,1,drift
2024-07-17 04:00:00,21.761308096774304,44.96906296107552,1017.0962587557603,1,drift
2024-07-17 05:00:00,22.198118506788443,44.022129505798375,1018.1897220678287,1,drift
2024-07-17 06:00:00,23.344155076277534,44.55673684102153,1020.4862739835828,1,drift
2024-07-17 07:00:00,21.228323899033136,38.39461527320387,1018.9486692832131,1,drift
2024-07-17 08:00:00,21.462142806018942,42.22620783908632,1018.1371179350681,1,drift
2024-07-17 09:00:00,21.141709631156143,44.049607606719555,1021.4709002587493,1,drift
2024-07-17 10:00:00,19.85822026972298,51.82915413871894,1020.6422021554046,1,drift
2024-07-17 11:00:00,17.865214855552534,59.90535957235914,1022.5542059444284,1,drift
2024-07-17 12:00:00,16.376459447513906,65.50905211036341,1021.1613131756795,1,drift
2024-07-17 13:00:00,16.657181229885,62.31556688035483,1021.868171025645,1,drift
2024-07-17 14:00:00,15.148531381656802,66.72008660510517,1024.7458462079933,1,drift
2024-07-17 15:00:00,13.662978355131463,72.32671488015201,1023.065155892551,1,drift
2024-07-17 16:00:00,12.146804572798752,71.28748153960362,1022.6489383699754,1,drift
2024-07-17 17:00:00,13.661823978590744,74.54409917287731,1010.7916065943109,0,none
2024-07-17 18:00:00,12.129864475886748,73.11620123700139,1012.2432240410816,0,none
2024-07-17 19:00:00,13.313975822785647,70.95177432125021,1012.9826165671341,0,none
2024-07-17 20:00:00,14.105772213187223,68.82325909771153,1015.2528352939476,0,none
2024-07-17 21:00:00,14.840900066598222,68.2734417133828,1014.0929489367633,1,freeze
2024-07-17 22:00:00,15.706709750693346,68.2734417133828,1012.6730350085934,1,freeze
2024-07-17 23:00:00,13.432783519161898,68.2734417133828,1011.7314909737006,1,freeze
2024-07-18 00:00:00,16.769710091885706,68.2734417133828,1013.9486181864946,1,freeze
2024-07-18 01:00:00,18.129309600733954,68.2734417133828,1015.238155736654,1,freeze
2024-07-18 02:00:00,19.41790874622444,68.2734417133828,1013.228549283369,1,freeze
2024-07-18 03:00:00,19.948736998501335,51.1082101986022,1013.4397268586431,0,none
2024-07-18 04:00:00,20.744274714031484,45.7198460571703,1011.2316740653339,0,none
2024-07-18 05:00:00,22.292952828525067,46.24076842431813,1012.8454925590776,0,none
2024-07-18 06:00:00,22.94389454935802,42.16377555457299,1015.1370242730034,0,none
2024-07-18 07:00:00,23.12379086393706,48.61876448259842,1013.909859948219,0,none
2024-07-18 08:00:00,20.192292296191177,44.45106639637065,1011.0067982795479,0,none
2024-07-18 09:00:00,19.91632818622891,53.34529136153474,1014.4347504116836,0,none
2024-07-18 10:00:00,21.49552307716471,56.724765418465026,1014.6463194514539,0,none
2024-07-18 11:00:00,17.197290163481483,54.55083988009227,1009.2884452638896,0,none
2024-07-18 12:00:00,18.211282505262535,59.681729783361405,1014.3992872377162,0,none
2024-07-18 13:00:00,17.58841504573339,67.78868704853399,1013.5945678700815,0,none
2024-07-18 14:00:00,14.917305052286261,68.4736422928534,1017.5555102203612,0,none
2024-07-18 15:00:00,13.34672209524436,68.85354844956906,1011.3418782680352,0,none
2024-07-18 16:00:00,11.417314628741149,71.66831765369609,1013.0105367419071,0,none
2024-07-18 17:00:00,12.808517922989962,73.66316293469815,1012.3791250413809,0,none
2024-07-18 18:00:00,,79.18615312481812,1016.2611968519836,1,null
2024-07-18 19:00:00,12.304020229004172,75.3260081434765,1012.2210275297796,0,none
2024-07-18 20:00:00,12.857259215921887,70.62161509010608,1019.4307867364507,0,none
2024-07-18 21:00:00,14.42072260532192,72.07899474272867,1014.5569371191893,0,none
2024-07-18 22:00:00,15.223892709845014,69.58144486116109,1014.8521908353298,0,none
2024-07-18 23:00:00,17.429701110419227,55.533110278659,1013.5334446889038,0,none
2024-07-19 00:00:00,16.56308668993475,55.3999182022977,1011.2536132211538,0,none
2024-07-19 01:00:00,19.229251852239017,53.342824416130064,1012.7245756858952,0,none
2024-07-19 02:00:00,22.400206236336683,55.46195299970772,1015.3086027981531,0,none
2024-07-19 03:00:00,20.092979298894267,47.32255638642406,1013.9429311144507,0,none
2024-07-19 04:00:00,22.413715178,46.22996494330866,1015.0697417395796,0,none
2024-07-19 05:00:00,21.945440476828587,50.23078885016991,1013.984530219335,0,none
2024-07-19 06:00:00,24.07490277787314,49.21197684459497,1013.659524354659,0,none
2024-07-19 07:00:00,21.68414514497515,47.835702248464926,1012.3973251933184,0,none
2024-07-19 08:00:00,21.124444220735366,50.97798444210532,1010.8715690443695,0,none
2024-07-19 09:00:00,21.21394453058597,49.452969988671576,1012.2847791771834,0,none
2024-07-19 10:00:00,20.75406200202341,53.893226689621855,1015.0523149155554,0,none
2024-07-19 11:00:00,18.142009734913632,53.59016936691238,1012.5172890712653,0,none
2024-07-19 12:00:00,16.85688197831375,56.278770751595786,1013.6681573314786,0,none
2024-07-19 13:00:00,15.694603924089568,63.497458736773275,1012.0845727518226,0,none
2024-07-19 14:00:00,16.02655329260846,66.29825728584957,1014.8697964825532,0,none
2024-07-19 15:00:00,14.727480893433277,70.73875172909818,1014.1290843928091,0,none
2024-07-19 16:00:00,12.236788838531648,75.40643097366569,1009.3807644521745,0,none
2024-07-19 17:00:00,12.641153514480422,73.32166027998254,1013.1023780506732,0,none
2024-07-19 18:00:00,11.637530268701452,74.14909675230959,1016.1618379453063,0,none
2024-07-19 19:00:00,11.584472087782043,74.40348538607917,1013.8695687595987,0,none
2024-07-19 20:00:00,11.609778894605604,74.57410200269473,1011.5858465134721,0,none
2024-07-19 21:00:00,13.719462678452999,69.05686766978465,1016.194213093618,0,none
2024-07-19 22:00:00,13.152845766021876,68.54516050832979,1013.3131356892251,0,none
2024-07-19 23:00:00,15.333289756213654,63.62868736387061,1015.6625097608735,0,none
2024-07-20 00:00:00,18.039384530592855,55.72481953812869,1015.1364867273476,0,none
2024-07-20 01:00:00,17.85115577707952,54.6750022128574,1014.1259785385629,0,none
2024-07-20 02:00:00,19.87139688598257,47.358839894689005,1014.9542602696472,0,none
2024-07-20 03:00:00,19.246566050371168,52.942456401220596,1015.548942480029,0,none
2024-07-20 04:00:00,19.214773230559064,48.75074494955497,1012.4438579097352,0,none
2024-07-20 05:00:00,21.294683597632492,47.58173037162972,1011.5757711229047,0,none
2024-07-20 06:00:00,21.754833736681523,48.99988285678578,1014.3983821244788,0,none
2024-07-20 07:00:00,19.154323504395926,44.76675171109053,1009.7216954494465,0,none
2024-07-20 08:00:00,21.34972931963862,46.75560046967295,1012.8399133908066,0,none
2024-07-20 09:00:00,18.55362896352633,47.445929149602094,1012.8650665375045,0,none
2024-07-20 10:00:00,,58.724840227735704,1009.8309187583429,1,null
2024-07-20 11:00:00,18.149565946941735,53.53502137245889,1014.7149479266717,0,none
2024-07-20 12:00:00,15.550403843546487,61.71373236747581,1011.2768947829144,0,none
2024-07-20 13:00:00,15.275030777657774,62.71549220366044,1016.7815268703648,0,none
2024-07-20 14:00:00,14.635559688257063,69.12483319364702,1009.1423280874197,0,none
2024-07-20 15:00:00,13.106750485379719,71.03574719755632,1010.8942087169819,0,none
2024-07-20 16:00:00,11.372707987101963,71.5922065034101,1015.8231997078924,0,none
2024-07-20 17:00:00,15.52643007170589,75.33462254221017,1010.2866189165779,0,none
2024-07-20 18:00:00,13.274629365044843,71.66059431637676,1012.6160698540647,0,none
2024-07-20 19:00:00,12.13620232194128,78.07921261869559,1011.4129083462213,0,none
2024-07-20 20:00:00,12.041317762473446,71.50783696178019,1013.6278930619617,0,none
2024-07-20 21:00:00,12.158101024597899,65.93792027245482,1014.1657066304347,0,none
2024-07-20 22:00:00,14.422323420929336,67.779393524282,1015.5426158689764,0,none
2024-07-20 23:00:00,16.239804982103184,65.77141410804407,1013.306083710079,0,none
2024-07-21 00:00:00,17.780613296015822,62.470554378985184,1014.2441983761792,0,none
2024-07-21 01:00:00,19.13706753233641,56.8720048697804,1011.8323567948146,0,none
2024-07-21 02:00:00,18.491352744505058,52.770619401551144,1014.4028037233287,0,none
2024-07-21 03:00:00,19.661984342560057,43.77430017367151,1013.0912952005481,0,none
2024-07-21 04:00:00,21.354357740174795,51.559524550218136,1011.434677354214,0,none
2024-07-21 05:00:00,22.214949247363695,45.358817689977734,1009.3033836295704,0,none
2024-07-21 06:00:00,20.863085031598466,40.12796892212049,1014.2847015631667,0,none
2024-07-21 07:00:00,21.28044080528745,40.962757441756345,1010.4141934948576,0,none
2024-07-21 08:00:00,22.11297211279648,44.620877692028245,1013.8786515794733,0,none
2024-07-21 09:00:00,21.005936626493458,47.45989056133257,1012.7141586475994,0,none
2024-07-21 10:00:00,19.336170378384754,50.73464199335538,1012.795781748536,0,none
2024-07-21 11:00:00,18.181095746194416,52.446898360840095,1013.2232128219218,0,none
2024-07-21 12:00:00,18.762441849187834,59.259307083999595,1013.4902072420263,0,none
2024-07-21 13:00:00,16.164546048225446,62.2129021298938,1012.1066451270212,0,none
2024-07-21 14:00:00,14.53138528128955,69.39494433250253,1009.3282973034366,0,none
2024-07-21 15:00:00,12.520498780873538,68.6912975674308,1011.2176737165372,0,none
2024-07-21 16:00:00,12.156052078761002,76.15171968292206,1017.2863544991664,0,none
2024-07-21 17:00:00,11.472441451892903,75.09287330801345,1012.419589891224,0,none
2024-07-21 18:00:00,11.734560213777376,74.06656186783245,1013.704570395038,0,none
2024-07-21 19:00:00,11.830178677191059,73.24385872108012,1016.5405278444618,0,none
2024-07-21 20:00:00,10.725304347097522,75.59845545101246,1012.7199779981064,0,none
2024-07-21 21:00:00,12.98234491666291,67.36209779358721,1012.8542159333074,0,none
2024-07-21 22:00:00,14.172266986011834,67.36547910558646,1011.590098861805,0,none
2024-07-21 23:00:00,15.854011517641748,64.12925695383615,1014.2505718371752,0,none
2024-07-22 00:00:00,16.999563646750364,55.72566724892913,1013.6465741729826,0,none
2024-07-22 01:00:00,15.997416272954823,59.82723074261338,1015.1787515559487,0,none
2024-07-22 02:00:00,18.779683326562576,54.84180236069612,1014.8835368074157,0,none
2024-07-22 03:00:00,21.62655426719103,46.76676871786922,1014.6156138824634,0,none
2024-07-22 04:00:00,19.225420386971894,45.15431468534996,1013.5897529939276,0,none
2024-07-22 05:00:00,21.15410799107568,48.793878583766194,1009.4086035141602,0,none
2024-07-22 06:00:00,19.81013634290516,44.291840010820266,1013.3942110475118,0,none
2024-07-22 07:00:00,21.886263293624523,46.24670434364536,1009.2358918248394,0,none
2024-07-22 08:00:00,20.185807801037154,47.39406279989231,1014.0362445856472,0,none
2024-07-22 09:00:00,18.893853391566896,47.39643964121114,1016.014285453139,0,none
2024-07-22 10:00:00,20.25030503319367,57.10356322869866,1017.5896473592995,0,none
2024-07-22 11:00:00,17.14679184143171,58.75922180795067,1013.3999168239736,0,none
2024-07-22 12:00:00,17.65305475491204,61.25744876289642,1012.1476261046184,0,none
2024-07-22 13:00:00,17.45066409684509,65.50313609921423,1009.8412710698478,0,none
2024-07-22 14:00:00,13.962076261369889,67.90310172577021,1013.3096087781606,0,none
2024-07-22 15:00:00,13.873000750171963,71.48115821927937,1014.3838211706569,0,none
2024-07-22 16:00:00,11.191420251520992,71.23498052243286,1012.2567409334906,0,none
2024-07-22 17:00:00,11.93259806447961,78.92287656503606,1012.435280402001,0,none
2024-07-22 18:00:00,11.800889410952909,72.97687142334061,1016.3287757068543,0,none
2024-07-22 19:00:00,11.649348930507722,72.83341499930596,1011.5318368238267,0,none
2024-07-22 20:00:00,13.260537915704623,75.86541603183237,1012.5106199937275,0,none
2024-07-22 21:00:00,14.824243865239055,66.08991649930098,1013.5884519174514,0,none
2024-07-22 22:00:00,12.961751801324029,68.54547987978428,1014.8730504506271,0,none
2024-07-22 23:00:00,14.596897984319106,69.94103530422286,1013.0526928939806,0,none
2024-07-23 00:00:00,16.93028189379529,54.430915579687195,1011.2649247027821,0,none
2024-07-23 01:00:00,18.270605901201943,56.08423669450976,1011.2666026921734,0,none
2024-07-23 02:00:00,17.52345748206235,47.747292673408545,1015.5292527840268,0,none
2024-07-23 03:00:00,18.864028696881043,49.366256496784374,1014.8446866965525,0,none
2024-07-23 04:00:00,20.296925197537774,47.77975495334165,1015.27215173813,0,none
2024-07-23 05:00:00,19.081763715256656,43.785626529176575,1011.0621187782556,0,none
2024-07-23 06:00:00,20.82075420108563,46.74224409010048,1012.9583891976229,0,none
2024-07-23 07:00:00,20.162940182523364,48.47441920295218,1010.9436225822753,0,none
2024-07-23 08:00:00,22.363560489809956,49.9405610679435,1010.9690615953442,0,none
2024-07-23 09:00:00,20.924147717663033,50.986891991484214,1010.6983674783961,0,none
2024-07-23 10:00:00,20.38314677748667,49.53538250781031,1011.3322097853845,0,none
2024-07-23 11:00:00,18.39999564632509,55.92416033338109,1010.6170631602604,0,none
2024-07-23 12:00:00,14.769257178976712,55.533789262594155,1012.8344155803346,0,none
2024-07-23 13:00:00,15.615910418613844,62.613404582244854,1012.4069228293737,0,none
2024-07-23 14:00:00,14.823431637893643,69.56085903384883,1010.9239540091495,0,none
2024-07-23 15:00:00,11.106012675560876,74.07440042575584,1012.0199697974301,0,none
2024-07-23 16:00:00,11.44096743600169,73.8399359729169,1011.9658976736152,0,none
2024-07-23 17:00:00,13.537742420459741,76.81943292479272,1016.6051651917847,0,none
2024-07-23 18:00:00,9.962083786000429,72.98219982920266,1012.5478528694684,0,none
2024-07-23 19:00:00,11.760069028597893,73.62413449309018,1007.5336843638742,0,none
2024-07-23 20:00:00,11.67512026958864,75.5109163183987,1013.0641934673404,0,none
2024-07-23 21:00:00,13.952542983614167,74.92453453757645,1012.5976989784829,0,none
2024-07-23 22:00:00,13.629606147320217,71.02920393882076,1013.2036458395415,0,none
2024-07-23 23:00:00,-14.722029824512669,65.83292851548168,1011.8832415077262,1,spike
2024-07-24 00:00:00,15.579424109155015,56.99494125239849,1012.8860986673243,0,none
2024-07-24 01:00:00,18.140507979645427,54.40465549901041,1011.7613022343826,0,none
2024-07-24 02:00:00,18.308845988014582,57.309403772895095,1015.1261022089234,0,none
2024-07-24 03:00:00,-5.62944729808758,47.07733094889555,1014.0260427286916,1,spike
2024-07-24 04:00:00,20.67801768846759,48.42750042865031,1015.7548288596333,0,none
2024-07-24 05:00:00,20.95473178528185,50.15410518053972,1012.497895319186,0,none
2024-07-24 06:00:00,20.005452663505874,45.62162594639266,1009.7450148871335,0,none
2024-07-24 07:00:00,,49.361720855718815,1014.7791787824802,1,null
2024-07-24 08:00:00,21.14238106927301,48.73964767087241,1012.941092469155,0,none
2024-07-24 09:00:00,21.245913671962846,47.29965937933721,1009.5334846959149,1,drift
2024-07-24 10:00:00,18.52697896718544,51.30859447348505,1013.209169297132,1,drift
2024-07-24 11:00:00,17.092751188885217,59.593087552539515,1013.5415185639074,1,drift
2024-07-24 12:00:00,14.77352227243562,60.154192273968874,1014.2502014560638,1,drift
2024-07-24 13:00:00,15.723729713389321,60.01104378280236,1010.2804297567834,1,drift
2024-07-24 14:00:00,12.509819378605696,64.89636283826061,1015.1478503592516,1,drift
2024-07-24 15:00:00,11.938989172205957,64.89636283826061,1014.4373585248763,1,drift
2024-07-24 16:00:00,12.66878914943062,64.89636283826061,1015.0080952144184,1,drift
2024-07-24 17:00:00,10.310406800672745,64.89636283826061,1016.6978103706198,1,drift
2024-07-24 18:00:00,11.569344253924164,64.89636283826061,1017.6762469307703,1,drift
2024-07-24 19:00:00,9.76373589469177,64.89636283826061,1014.4136799415649,1,drift
2024-07-24 20:00:00,10.74535795452452,71.38190340559231,1017.4284471498293,1,drift
2024-07-24 21:00:00,11.495167733265882,70.56073858435646,1017.4872345587892,1,drift
2024-07-24 22:00:00,13.662332106619507,65.11002834660137,1016.6121011415797,1,drift
2024-07-24 23:00:00,15.988226557087948,69.61279066072723,1017.234222548264,1,drift
2024-07-25 00:00:00,17.451852105285614,61.723357273820774,1015.2795779213803,1,drift
2024-07-25 01:00:00,17.555267600194966,54.987066768739524,1020.6008691314225,1,drift
2024-07-25 02:00:00,18.839760060348596,53.15441862964811,1021.1760831252885,1,drift
2024-07-25 03:00:00,19.01463977860807,46.265918164265926,1017.6792197923356,1,drift
2024-07-25 04:00:00,20.519800185282325,44.881121987945455,1021.2813009710031,1,drift
2024-07-25 05:00:00,22.066702542086247,48.97297917464257,1022.2612969224978,1,drift
2024-07-25 06:00:00,22.5135694813954,44.37975717619525,1023.6087508305362,1,drift
2024-07-25 07:00:00,20.425864647156995,44.32367984250104,1021.5901704259365,1,drift
2024-07-25 08:00:00,19.745810396722945,49.02145754024525,1020.7750312570272,1,drift
2024-07-25 09:00:00,20.714136875209206,50.973490832815905,1015.183194588668,0,none
2024-07-25 10:00:00,18.16454886621413,48.172607167405936,1013.9062979075037,0,none
2024-07-25 11:00:00,16.09750823136298,58.708676850686274,1013.9765794141091,0,none
2024-07-25 12:00:00,15.489438946018712,63.053772172461535,1014.2437441128875,1,freeze
2024-07-25 13:00:00,14.502908174996206,63.053772172461535,1009.7513394155687,1,freeze
2024-07-25 14:00:00,12.21163791969044,63.053772172461535,1010.8201611622765,1,freeze
2024-07-25 15:00:00,10.029062735028017,63.053772172461535,1010.813378334747,1,freeze
2024-07-25 16:00:00,12.53568834642853,63.053772172461535,1013.0299839490874,1,freeze
2024-07-25 17:00:00,11.593914756741782,63.053772172461535,1014.9029413048447,1,freeze
2024-07-25 18:00:00,11.189739204895961,76.17380200400922,1012.0208874450016,0,none
2024-07-25 19:00:00,10.801252291506009,74.28962070334485,1013.3189172725779,0,none
2024-07-25 20:00:00,11.916342560892026,71.54647103185555,1011.2685225122548,0,none
2024-07-25 21:00:00,12.553521345558027,70.56718871127035,1014.7356621672897,0,none
2024-07-25 22:00:00,12.88541111214778,71.12686185329304,1010.664697072772,0,none
2024-07-25 23:00:00,11.969730960346894,63.89022264341589,1014.2907632133382,0,none
2024-07-26 00:00:00,17.044178328568734,60.086791907769154,1012.8246223433491,0,none
2024-07-26 01:00:00,17.461512037718244,56.976718909169065,1009.5293766815554,0,none
2024-07-26 02:00:00,19.855978247854946,51.537655637008335,1011.4209295867901,0,none
2024-07-26 03:00:00,19.35333129259429,50.29321599782514,1013.8586569035591,0,none
2024-07-26 04:00:00,21.634658038332763,49.42047667077098,1011.4179580217958,0,none
2024-07-26 05:00:00,20.371573543946468,48.733828308272734,1011.8758826916303,0,none
2024-07-26 06:00:00,20.92415139476109,50.05175862451929,1009.9080329772808,0,none
2024-07-26 07:00:00,20.804449446464844,48.41999939744456,1011.4732529380124,0,none
2024-07-26 08:00:00,20.386442065459015,45.41406371870351,1011.2816971786197,0,none
2024-07-26 09:00:00,17.31554829153305,50.80623025905848,1010.7776640754979,0,none
2024-07-26 10:00:00,18.776975587171275,55.29109271030362,1012.6350485770547,0,none
2024-07-26 11:00:00,20.244727141988786,50.72108751674856,1014.8695920599145,0,none
2024-07-26 12:00:00,13.976770169270287,57.44463269646928,1015.6485527289827,0,none
2024-07-26 13:00:00,14.38962033134613,66.01818287500149,1017.0685627770443,0,none
2024-07-26 14:00:00,12.467163173458296,69.19270270575296,1011.756487723507,0,none
2024-07-26 15:00:00,12.023173722730135,70.48227061901888,1013.5211741967014,0,none
2024-07-26 16:00:00,12.08451242550567,69.37046341662155,1010.9031932451677,0,none
2024-07-26 17:00:00,10.51529714886837,74.42557481828806,1014.894951541662,0,none
2024-07-26 18:00:00,8.686600385680348,78.47310904573145,1011.9778189379069,0,none
2024-07-26 19:00:00,12.43916924455176,75.52630116413712,1010.8375415576975,0,none
2024-07-26 20:00:00,11.72930946782021,74.9981305772157,1012.937367718639,0,none
2024-07-26 21:00:00,12.098739780294993,73.00805545521011,1012.8323196610601,0,none
2024-07-26 22:00:00,13.984371744164989,68.17424154702485,1012.5392042991871,0,none
2024-07-26 23:00:00,15.162714857746483,63.38175696679747,1010.58072419233,0,none
2024-07-27 00:00:00,17.798294649852238,59.79521168226497,1012.2707746727177,0,none
2024-07-27 01:00:00,17.76687460561552,47.20218094206322,1010.4728420634372,0,none
2024-07-27 02:00:00,18.862974196936253,56.21368674215795,1010.5155065351831,0,none
2024-07-27 03:00:00,17.080468046189882,52.23820738970079,1015.6341312708573,0,none
2024-07-27 04:00:00,18.59936923047371,47.87523162330791,1007.2647571579948,0,none
2024-07-27 05:00:00,21.98164039784601,42.898134799651096,1010.328280303557,0,none
2024-07-27 06:00:00,19.335483090053977,44.48112369993324,1012.151832744486,0,none
2024-07-27 07:00:00,19.391012282775982,45.94350273049856,1011.9684732644599,0,none
2024-07-27 08:00:00,18.091012746791677,47.674133865844084,1015.7656726919166,0,none
2024-07-27 09:00:00,18.095294829022283,43.0438257883105,1014.3340970346455,0,none
2024-07-27 10:00:00,18.745676367448024,54.54570003975816,1013.2944635163991,0,none
2024-07-27 11:00:00,18.095536763586555,57.50308947910507,1012.3700223019262,0,none
2024-07-27 12:00:00,16.2371589816233,56.41740246758862,1008.5579964981656,0,none
2024-07-27 13:00:00,14.977808309505782,61.78680116384804,1012.9180710361262,0,none
2024-07-27 14:00:00,13.685727774644079,66.49318400327621,1012.1661653220166,0,none
2024-07-27 15:00:00,11.90202121757285,72.70391992674035,1012.604711376815,0,none
2024-07-27 16:00:00,10.177626116631686,69.7945984634543,1012.5445306618578,0,none
2024-07-27 17:00:00,11.745488578152168,73.06928877096762,1012.9923633713275,0,none
2024-07-27 18:00:00,10.706441480784699,77.5138866844272,1011.2657780989746,0,none
2024-07-27 19:00:00,9.527560922597148,67.4619445429697,1015.2204331960024,0,none
2024-07-27 20:00:00,13.330160801365388,74.0715314923712,1014.1566877864817,0,none
2024-07-27 21:00:00,10.66591412121354,68.35718900286618,1012.4776757410838,0,none
2024-07-27 22:00:00,13.639325386846817,72.20696351073833,1015.3227631126832,0,none
2024-07-27 23:00:00,12.937472334247804,63.215343694525124,1012.5392273362982,0,none
2024-07-28 00:00:00,16.172801609295355,57.858257458817484,1015.8309328960811,0,none
2024-07-28 01:00:00,15.876989713039654,53.90034881070785,1014.3742674864882,0,none
2024-07-28 02:00:00,14.357285144366058,46.17649757398374,1013.7152019841395,0,none
2024-07-28 03:00:00,19.007586688986482,45.482850539724865,1013.1577292337764,0,none
2024-07-28 04:00:00,19.35951988275648,51.118773081856524,1013.7910381859385,0,none
2024-07-28 05:00:00,19.83853717215761,41.926721571032665,1012.6118786062442,0,none
2024-07-28 06:00:00,21.082393161819304,41.09032768818761,1012.94011221385,0,none
2024-07-28 07:00:00,20.7565546739014,46.26589822437627,1015.9927364035613,0,none
2024-07-28 08:00:00,19.275799621650435,43.14298775297163,1010.9606566882613,0,none
2024-07-28 09:00:00,18.515991965079063,51.60874712335318,1013.4383988231998,0,none
2024-07-28 10:00:00,18.062434972718354,55.32301372354774,1011.1159255871581,0,none
2024-07-28 11:00:00,16.63847605642749,56.530310404333534,1012.1347067182475,0,none
2024-07-28 12:00:00,14.132012850790417,60.305959813221406,1012.9979698177482,0,none
2024-07-28 13:00:00,13.78313204833865,60.72057008718522,1013.1762108582285,0,none
2024-07-28 14:00:00,11.354378708565445,73.11766720137405,1009.463537899524,0,none
2024-07-28 15:00:00,12.203358782345473,69.51357613819673,1016.7048428865506,0,none
2024-07-28 16:00:00,9.830067540365713,75.20966893559518,1015.954155359371,0,none
2024-07-28 17:00:00,10.366735342110847,69.34957151735826,1012.5604021659029,0,none
2024-07-28 18:00:00,9.024953775350626,73.75134236037294,1012.1431854690976,0,none
2024-07-28 19:00:00,11.341766431908235,73.84531143525157,1014.4726770698029,0,none
2024-07-28 20:00:00,10.565429549732006,76.43804273068571,1009.4719508670371,0,none
2024-07-28 21:00:00,12.062773085894529,72.79927299725652,1010.6562460059731,0,none
2024-07-28 22:00:00,12.306550047473614,65.66772512276695,1013.5306846200099,0,none
2024-07-28 23:00:00,14.25081470362442,62.89263271066027,1008.0151729246154,0,none
2024-07-29 00:00:00,16.52750901015563,55.3015155061017,1013.255583671845,0,none
2024-07-29 01:00:00,14.608389946938942,55.64203745681192,1012.2571447210236,0,none
2024-07-29 02:00:00,16.70665621933874,55.31566712407061,1010.2865364762586,0,none
2024-07-29 03:00:00,18.925408088483486,52.55454775075276,1013.8580249769589,0,none
2024-07-29 04:00:00,17.862607375508478,44.180086487768754,1014.4899765196415,0,none
2024-07-29 05:00:00,19.94549789116399,43.856597596438235,1013.6735959008317,0,none
2024-07-29 06:00:00,20.34149821475262,45.66267692764999,1013.5759813856694,0,none
2024-07-29 07:00:00,19.41513015685803,48.588974228160275,1012.239175861434,0,none
2024-07-29 08:00:00,20.051262089213758,47.71667106509046,1010.5464053385136,0,none
2024-07-29 09:00:00,17.227136536008608,48.85862673283598,1011.7759082678899,0,none
2024-07-29 10:00:00,17.38143879140934,50.71288878908858,1011.2728222560154,0,none
2024-07-29 11:00:00,16.9300067469655,56.04435167583509,1014.4492870934785,0,none
2024-07-29 12:00:00,14.269058432680856,56.76233112301771,1011.8581120567857,0,none
2024-07-29 13:00:00,13.716251787001761,59.187995985578986,1013.7890765998164,0,none
2024-07-29 14:00:00,12.164801807375241,66.40108793310795,1015.2227006327089,0,none
2024-07-29 15:00:00,10.30339188235888,72.80408467584323,1014.5685277310968,0,none
2024-07-29 16:00:00,10.650714121697627,66.73298745631239,1016.6647679311116,0,none
2024-07-29 17:00:00,10.61146008429075,74.29048330380431,1007.5514178303137,0,none
2024-07-29 18:00:00,9.122809537497627,74.9311455846649,1010.719252812894,0,none
2024-07-29 19:00:00,10.685111411216251,67.76177003539824,1010.6991836179636,0,none
2024-07-29 20:00:00,10.370899029657197,71.65248519173112,1015.9625346139969,0,none
2024-07-29 21:00:00,12.201740355060734,70.88504919934829,1017.4333922351386,0,none
2024-07-29 22:00:00,11.849732096103988,65.87438202912135,1014.0947923625833,0,none
2024-07-29 23:00:00,13.953186819645977,61.59850752831686,1012.4103973883886,0,none
2024-07-30 00:00:00,14.649962078247214,63.44359763434686,1015.7936693857611,0,none
2024-07-30 01:00:00,16.336580278221092,55.17137406492723,1014.9563566053608,0,none
2024-07-30 02:00:00,18.632631640009333,46.221619109880294,1013.3695320196837,0,none
2024-07-30 03:00:00,18.1211884007712,51.687528071522955,1014.9195537486366,0,none
2024-07-30 04:00:00,20.764735520619908,48.941483211932194,1013.3116774590515,0,none
2024-07-30 05:00:00,18.965913092207863,44.088293537034254,1012.0230183720105,0,none
2024-07-30 06:00:00,19.026184719325766,44.28419349442876,1012.6620476326806,0,none
2024-07-30 07:00:00,20.251810412048158,47.687505389407825,1014.8094342602534,0,none
2024-07-30 08:00:00,19.019737873488793,46.415790861499076,1007.0214133059939,0,none
2024-07-30 09:00:00,19.096532650260308,46.35570506238858,1010.6807621080209,0,none
2024-07-30 10:00:00,17.057904134276423,52.60821002154718,1011.7018280539279,1,freeze
2024-07-30 11:00:00,17.557783786952317,52.60821002154718,1012.735597604976,1,freeze
2024-07-30 12:00:00,15.311163565574875,52.60821002154718,1013.5081785573752,1,freeze
2024-07-30 13:00:00,13.687479814518682,52.60821002154718,1009.1006971829134,1,freeze
2024-07-30 14:00:00,14.72984727398392,52.60821002154718,1011.7739993500435,1,freeze
2024-07-30 15:00:00,11.46730256177995,52.60821002154718,1013.350407839056,1,freeze
2024-07-30 16:00:00,10.398395245450018,69.99803698234643,1010.5255881769891,0,none
2024-07-30 17:00:00,9.634296548318488,73.61735760445872,1017.0581715320053,0,none
2024-07-30 18:00:00,10.340459924515203,75.90149580627008,1008.9769271395741,0,none
2024-07-30 19:00:00,10.988991361938028,75.75114669639665,1012.7942722314705,0,none
2024-07-30 20:00:00,9.916935564695706,70.23870102341142,1014.3528585596413,0,none
2024-07-30 21:00:00,11.786177933681936,72.9516464205571,1010.7749177310155,0,none
2024-07-30 22:00:00,11.499899488600647,68.42079247243893,1009.1963261798479,0,none
2024-07-30 23:00:00,13.961655210469283,62.967179640240225,1010.0594116955572,0,none
2024-07-31 00:00:00,17.152809214951013,54.37201372475562,1012.6387622948868,0,none
2024-07-31 01:00:00,15.935598494150742,54.326602701250145,1010.6171721448153,0,none
2024-07-31 02:00:00,18.32207145278633,52.33526255459418,1015.8920412896895,0,none
2024-07-31 03:00:00,21.72291040726421,46.31433234261809,1013.9247571193755,0,none
2024-07-31 04:00:00,19.499130231559246,53.06536789408597,1013.0117549256319,0,none
2024-07-31 05:00:00,17.146676432470407,47.71021239494001,1010.6494952670207,0,none
2024-07-31 06:00:00,19.20208916503434,47.25967285401078,1013.0481138985807,0,none
2024-07-31 07:00:00,19.973910938939444,46.708763176026764,1014.5384071399865,0,none
2024-07-31 08:00:00,20.4747763878199,44.459471914068956,1011.0847805885925,0,none
2024-07-31 09:00:00,20.7762256112961,48.519946688177356,1012.7927656004413,0,none
2024-07-31 10:00:00,16.97454687423265,52.079524865662094,1011.1091411162927,0,none
2024-07-31 11:00:00,17.129539768566495,55.7644685453448,1008.8601216537824,0,none
2024-07-31 12:00:00,14.870007710303353,61.59795232646308,1010.401094514485,0,none
2024-07-31 13:00:00,14.285281305717174,58.944926579476956,1013.1822428570254,0,none
2024-07-31 14:00:00,11.195900620297271,66.52918958228211,1014.9544360982734,0,none
2024-07-31 15:00:00,9.928659088521826,66.00316621288785,1014.3837649833816,0,none
2024-07-31 16:00:00,10.407920776287611,76.4164953387604,1011.7470716882247,0,none
2024-07-31 17:00:00,11.023055785761105,74.61382424235302,1013.8371841086566,0,none
2024-07-31 18:00:00,11.642035499956249,74.81418858014602,1012.6630984520458,0,none
2024-07-31 19:00:00,10.546717386617475,75.32099144995101,1016.7353424739568,0,none
2024-07-31 20:00:00,10.813068320391846,74.0669466410119,1014.7281705527324,0,none
2024-07-31 21:00:00,10.75721472083781,72.91012705691355,1012.1348585055532,0,none
2024-07-31 22:00:00,13.313245982872754,67.23986504938414,1013.5861160812292,0,none
2024-07-31 23:00:00,14.176425105305889,64.82102093407687,1014.8283975208602,0,none
2024-08-01 00:00:00,14.28683759761709,55.76112955892118,1011.7090534842104,0,none
2024-08-01 01:00:00,13.706235241433179,54.713284845259885,1012.0851387295039,0,none
2024-08-01 02:00:00,17.71994007071031,52.580011143562764,1011.2961018387233,0,none
2024-08-01 03:00:00,20.19818201653842,49.1831135604542,1014.6866876235447,0,none
2024-08-01 04:00:00,20.24948797141953,43.79549011051295,1013.6014793653134,0,none
2024-08-01 05:00:00,19.588804653786227,46.61155067995165,1013.4291617377072,1,freeze
2024-08-01 06:00:00,20.650772749318907,46.61155067995165,1011.7008321921045,1,freeze
2024-08-01 07:00:00,18.323125740598453,46.61155067995165,1011.8060527000044,1,freeze
2024-08-01 08:00:00,17.32625858085048,46.61155067995165,1018.5065040549636,1,freeze
2024-08-01 09:00:00,17.59383402164552,46.61155067995165,1010.7422907170333,1,freeze
2024-08-01 10:00:00,15.742709090226162,46.61155067995165,1012.7721279338323,1,freeze
2024-08-01 11:00:00,16.01413780827524,44.114547256557415,1012.4793422106472,1,freeze
2024-08-01 12:00:00,13.95039636288516,44.114547256557415,1010.8689117996875,1,freeze
2024-08-01 13:00:00,13.126796659046393,44.114547256557415,1012.0999425182657,1,freeze
2024-08-01 14:00:00,9.584494156541663,68.94762179052681,1010.9091433860053,0,none
2024-08-01 15:00:00,12.049552215811975,74.24395691451763,1013.493763593597,0,none
2024-08-01 16:00:00,11.98067439687465,71.68451784958216,1012.4974135769717,0,none
2024-08-01 17:00:00,10.502616022334813,73.94557177673272,1016.499623288714,0,none
2024-08-01 18:00:00,9.467173404344514,71.96256832553308,1017.1811151379007,0,none
2024-08-01 19:00:00,9.929647822388969,73.42478806057994,1014.8145238692173,0,none
2024-08-01 20:00:00,9.944186735262774,71.922733819045,1012.7036706038406,0,none
2024-08-01 21:00:00,12.544682170466967,69.32457336161336,1015.6600063708805,0,none
2024-08-01 22:00:00,12.239497292710146,64.72629231682126,1012.9551417094635,0,none
2024-08-01 23:00:00,13.739488199168344,66.49481996372607,1011.7693698356773,0,none
2024-08-02 00:00:00,13.565812776902282,63.254864473731814,1014.5521170749633,0,none
2024-08-02 01:00:00,15.750648993890238,60.19947726726693,1011.774526995024,0,none
2024-08-02 02:00:00,17.28446720026616,52.3850573825341,1012.1286552794458,0,none
2024-08-02 03:00:00,17.745599957238284,50.90217441286923,1011.5040173767832,0,none
2024-08-02 04:00:00,17.275611460724857,43.074853907203995,1010.4429487285136,0,none
2024-08-02 05:00:00,19.653863164204896,47.91676673412793,1014.9871879020063,0,none
2024-08-02 06:00:00,19.015025469093732,47.95243286041908,1013.5517353466346,0,none
2024-08-02 07:00:00,20.339943171462565,43.94125617476586,1012.8993395448574,0,none
2024-08-02 08:00:00,18.56741598281154,47.539019340797964,1012.0703364624429,0,none
2024-08-02 09:00:00,19.47966260220189,52.048335978311584,1011.7961900120789,0,none
2024-08-02 10:00:00,17.281264439194356,53.93502659543502,1014.0144802684736,0,none
2024-08-02 11:00:00,14.225858647567447,51.874920864810996,1011.6353044917197,0,none
2024-08-02 12:00:00,17.21676328718271,62.276645478250295,1014.6784324519324,0,none
2024-08-02 13:00:00,11.539055251916079,62.225560720502635,1015.6282247360408,0,none
2024-08-02 14:00:00,10.196113465674197,69.95492297805801,1013.6008923490201,0,none
2024-08-02 15:00:00,10.4594130562522,70.2147700783553,1013.4626421741402,0,none
2024-08-02 16:00:00,10.176578989812572,77.20975670835125,1011.5942283090894,0,none
2024-08-02 17:00:00,9.683139027132714,76.92277234237811,1014.4284019149327,0,none
2024-08-02 18:00:00,8.57955122627288,70.29359122068567,1015.2237346630005,0,none
2024-08-02 19:00:00,8.824639688415164,75.69083496690666,1015.0255394777424,0,none
2024-08-02 20:00:00,10.772371513333068,69.54522593160097,1014.0152283027447,0,none
2024-08-02 21:00:00,11.030220576419948,68.86195043041215,1017.1924561814626,0,none
2024-08-02 22:00:00,12.277253339274965,72.41677559248701,1008.8208323877466,0,none
2024-08-02 23:00:00,11.995158060194168,65.82767979909836,1014.2734858986553,0,none
2024-08-03 00:00:00,12.713274718724787,56.90135632192794,1012.1735440169015,0,none
2024-08-03 01:00:00,16.677350922651623,54.741950417775904,1011.6675310250088,0,none
2024-08-03 02:00:00,17.928368219124962,49.90282297577573,1011.5718630384313,0,none
2024-08-03 03:00:00,17.706777290005803,47.98660584103092,1012.0219224953767,0,none
2024-08-03 04:00:00,19.516820591267674,41.31512661033736,1017.9867970344347,0,none
2024-08-03 05:00:00,17.435091037061973,44.834933885241554,1014.3870593187764,0,none
2024-08-03 06:00:00,18.76275205687125,45.42145061804312,1013.1736972033491,0,none
2024-08-03 07:00:00,20.77073338266192,41.475808296688136,1014.3795083321995,0,none
2024-08-03 08:00:00,19.73475592353327,41.12997301126273,1018.9248349191481,0,none
2024-08-03 09:00:00,18.669175363917354,53.31026884067659,1012.1920991211305,0,none
2024-08-03 10:00:00,16.135711850372616,55.60688287897851,1016.3499631436368,0,none
2024-08-03 11:00:00,13.598159090746462,52.52656898421295,1013.0657246662731,0,none
2024-08-03 12:00:00,13.332098013223765,57.425534556887925,1016.1004627143653,0,none
2024-08-03 13:00:00,12.96443917841101,64.97109176885525,1013.4729693364693,0,none
2024-08-03 14:00:00,10.834775684227603,70.16191982129608,1008.1316965863911,0,none
2024-08-03 15:00:00,9.30420298606636,71.81358603176803,1012.2502228313078,0,none
2024-08-03 16:00:00,8.628612572866176,72.26881127532229,1015.7542427606647,0,none
2024-08-03 17:00:00,8.463393246226945,78.84062735010262,1014.7506435559246,0,none
2024-08-03 18:00:00,10.9897509229332,75.88994751272354,1013.1549745374344,0,none
2024-08-03 19:00:00,8.956391087236385,69.18784962345178,1011.3329607234658,0,none
2024-08-03 20:00:00,9.819788301392073,70.06257727644532,1014.4217629707939,0,none
2024-08-03 21:00:00,12.552638913619028,75.30218354496837,1010.3680524864112,0,none
2024-08-03 22:00:00,12.17562630591035,67.1775186309785,1008.7102500629808,0,none
2024-08-03 23:00:00,12.781871187163464,61.90325433502362,1012.1854071627322,0,none
2024-08-04 00:00:00,15.21232602955789,59.92210502747983,1012.4983912583907,0,none
2024-08-04 01:00:00,15.186414909398101,54.49652385767662,1014.2235512278106,0,none
2024-08-04 02:00:00,17.708309892386364,56.455580479222306,1014.7482662695917,0,none
2024-08-04 03:00:00,18.036398250064252,48.99099069189808,1011.5455726842299,0,none
2024-08-04 04:00:00,19.21026612564638,53.63727738847622,1012.8213097940117,0,none
2024-08-04 05:00:00,20.74049154360426,46.09415464823206,1014.6514747744669,0,none
2024-08-04 06:00:00,19.61119428468702,41.50048015559449,1014.2857035989732,0,none
2024-08-04 07:00:00,19.26552124018919,48.825051566213624,1015.0150429636548,0,none
2024-08-04 08:00:00,17.880308964246804,46.62196134733332,1009.8226758304424,1,drift
2024-08-04 09:00:00,17.802693412464695,46.478427622045956,1012.367041949449,1,drift
2024-08-04 10:00:00,16.90295459301328,53.876520417078844,1017.9358855924239,1,drift
2024-08-04 11:00:00,15.187232652742649,54.80908059168035,1015.2515985422746,1,drift
2024-08-04 12:00:00,13.838669601125718,61.29392263506463,1017.668154253141,1,drift
2024-08-04 13:00:00,12.250538859822004,56.833999808218294,1013.6826211678749,1,drift
2024-08-04 14:00:00,11.095484612755738,67.5511795407029,1017.0950072606813,1,drift
2024-08-04 15:00:00,10.2758656762498,76.11833694933792,1015.4102371228364,1,drift
2024-08-04 16:00:00,10.264789052420342,70.24750804654698,1018.009428838538,1,drift
2024-08-04 17:00:00,8.842770614163385,75.31611656993506,1016.3664441833374,1,drift
2024-08-04 18:00:00,9.450557180455844,72.68242788039066,1018.4044831328092,1,drift
2024-08-04 19:00:00,8.130006019777671,72.83313999982303,1015.0004107282414,1,drift
2024-08-04 20:00:00,8.677413437780956,73.0693733038071,1017.5986900662618,1,drift
2024-08-04 21:00:00,8.72046821213491,69.1161794721107,1019.362561122136,1,drift
2024-08-04 22:00:00,12.263346505160728,67.3499473758715,1018.8560389692201,1,drift
2024-08-04 23:00:00,13.589489048294539,65.93587139421922,1018.3781277969282,1,drift
2024-08-05 00:00:00,12.464604269305326,60.11268489371192,1020.4957158110843,1,drift
2024-08-05 01:00:00,16.001916453813468,59.20001212526272,1021.8528072107247,1,drift
2024-08-05 02:00:00,18.745669407934866,56.75740057297338,1017.3273705260905,1,drift
2024-08-05 03:00:00,18.18502399613034,53.197035402696265,1019.4360196826235,1,drift
2024-08-05 04:00:00,17.602976767164215,43.556149782845125,1021.2141548073888,1,drift
2024-08-05 05:00:00,19.748648651181686,44.750417722240854,1019.8792651803608,1,drift
2024-08-05 06:00:00,19.253908043656057,40.76639925972476,1021.3380795954971,1,drift
2024-08-05 07:00:00,18.25480658692899,47.26826062240667,1020.6085073161421,1,drift
2024-08-05 08:00:00,18.64134744113623,46.72758434654052,1011.6404315603008,0,none
2024-08-05 09:00:00,17.664441534949802,54.63191219531354,1014.14772405199,0,none
2024-08-05 10:00:00,17.967922899441533,51.95084595929324,1010.6530811778754,0,none
2024-08-05 11:00:00,16.000345106852507,54.77633230804645,1015.1947286209889,0,none
2024-08-05 12:00:00,13.839566799723181,59.54262276066628,1011.9917703378908,0,none
2024-08-05 13:00:00,12.702261452582391,61.21938164427254,1012.5859215772438,0,none
2024-08-05 14:00:00,12.79318542532862,66.51033487033452,1013.7167653221294,0,none
2024-08-05 15:00:00,9.962439568169197,70.59933902739816,1011.5855855400257,0,none
2024-08-05 16:00:00,10.389100240375136,72.22129397012166,1006.7510856373883,0,none
2024-08-05 17:00:00,9.083212864687114,75.9746822079903,1013.9794098899571,0,none
2024-08-05 18:00:00,9.640174046482262,69.45552071958788,1012.0847027967222,0,none
2024-08-05 19:00:00,9.4539948030011,72.99524045835263,1012.5404566612817,0,none
2024-08-05 20:00:00,11.186956216773574,78.5391691855431,1013.5362621938406,1,freeze
2024-08-05 21:00:00,9.892105464899092,78.5391691855431,1013.7174791042052,1,freeze
2024-08-05 22:00:00,12.90989973563565,78.5391691855431,1014.2391623281449,1,freeze
2024-08-05 23:00:00,12.960132452445812,78.5391691855431,1011.5535603736633,1,freeze
2024-08-06 00:00:00,14.06492368448428,78.5391691855431,1011.2598601248048,1,freeze
2024-08-06 01:00:00,14.064055206939443,78.5391691855431,1015.6680842766726,1,freeze
2024-08-06 02:00:00,15.849901184106209,58.56817145374705,1014.9253171023623,0,none
2024-08-06 03:00:00,19.52346072242597,46.133776404430364,1013.5799676007304,0,none
2024-08-06 04:00:00,19.44522938004201,47.32360287218999,1013.6304882404226,0,none
2024-08-06 05:00:00,19.522563250168957,48.67887572862166,1012.1025819999581,0,none
2024-08-06 06:00:00,17.65730998887322,46.093643983842234,1009.1058210612537,0,none
2024-08-06 07:00:00,19.416356353816777,47.45515062480258,1013.6572307805951,0,none
2024-08-06 08:00:00,19.104078066263583,43.17591937515501,1013.7032987648715,0,none
2024-08-06 09:00:00,16.661615948941783,54.86269980926495,1012.7210212783873,0,none
2024-08-06 10:00:00,15.98135145878288,60.234067110449274,1011.239763611145,0,none
2024-08-06 11:00:00,15.993212987888521,57.03442989390648,1012.9848443998875,0,none
2024-08-06 12:00:00,14.779443524531501,60.642615664153716,1016.0807560694193,0,none
2024-08-06 13:00:00,15.030119796985552,66.88673437455616,1009.6325036083447,0,none
2024-08-06 14:00:00,11.895527806343017,70.50375545122976,1012.3985494404234,0,none
2024-08-06 15:00:00,10.848217239974895,68.4925331262107,1015.3424797446322,0,none
2024-08-06 16:00:00,9.233481431948064,76.80528033271187,1013.7242822298477,0,none
2024-08-06 17:00:00,8.988956342016717,74.78156945754606,1012.3198263529978,0,none
2024-08-06 18:00:00,9.694396144136928,73.98430981094735,1011.230786448081,0,none
2024-08-06 19:00:00,8.960965525261605,73.63917396706768,1009.6036152698564,0,none
2024-08-06 20:00:00,9.123114187942146,73.30877069296423,1011.6562123063044,0,none
2024-08-06 21:00:00,8.775813491876077,74.54517609574282,1013.0544679895294,0,none
2024-08-06 22:00:00,12.040125818719178,68.5328263073456,1013.5057873745711,0,none
2024-08-06 23:00:00,13.255712603135338,61.324485188453025,1014.0924750873678,0,none
2024-08-07 00:00:00,14.51531886784287,61.22672436717624,1017.489844680526,0,none
2024-08-07 01:00:00,14.780215356805947,55.508272967254634,1014.3319930258353,0,none
2024-08-07 02:00:00,16.272757029017697,52.50221610387267,1009.5882518857472,0,none
2024-08-07 03:00:00,18.295423029877664,52.49801364620675,1012.0680895455184,0,none
2024-08-07 04:00:00,17.89326500475405,47.337955425903615,1013.2407420731495,0,none
2024-08-07 05:00:00,18.840529334144126,49.21648037485185,1014.559969331365,1,drift
2024-08-07 06:00:00,19.2970091478613,47.08981244579252,1014.7260885642463,1,drift
2024-08-07 07:00:00,19.55175638408997,47.283298261233575,1015.5441551435343,1,drift
2024-08-07 08:00:00,18.381320514617826,47.29928529850127,1013.5608555634922,1,drift
2024-08-07 09:00:00,19.433198565108743,47.86631823607347,1012.8889365541663,1,drift
2024-08-07 10:00:00,17.127087354437162,53.7418590826153,1015.6834873542002,1,drift
2024-08-07 11:00:00,14.909615350575322,55.98600053806712,1013.358582512756,1,drift
2024-08-07 12:00:00,14.99675489665998,56.76251073635007,1018.8712527965127,1,drift
2024-08-07 13:00:00,13.688849732106664,60.83308732589622,1016.1047871078991,1,drift
2024-08-07 14:00:00,10.30807005300017,71.41074734743586,1018.522498792314,1,drift
2024-08-07 15:00:00,10.091540932645351,71.41074734743586,1019.6516198671097,1,drift
2024-08-07 16:00:00,10.776328649226711,71.41074734743586,1015.1406780445743,1,drift
2024-08-07 17:00:00,8.470266532105187,71.41074734743586,1019.9013211175834,1,drift
2024-08-07 18:00:00,8.474958413143924,71.41074734743586,1017.5387451619566,1,drift
2024-08-07 19:00:00,11.187999113656408,71.41074734743586,1015.9544227415169,1,drift
2024-08-07 20:00:00,9.29028658171228,72.85825974538395,1019.6010890568376,1,drift
2024-08-07 21:00:00,9.581457128116295,72.64603756344603,1020.0077143261485,1,drift
2024-08-07 22:00:00,10.578890756302652,68.20267852851553,1024.5109347336627,1,drift
2024-08-07 23:00:00,13.470686022483658,65.21388796039528,1025.7786025042572,1,drift
2024-08-08 00:00:00,13.202318238662379,59.33609468405135,1022.4189497447726,1,drift
2024-08-08 01:00:00,17.602139059520997,55.39964012949392,1019.8345430875634,1,drift
2024-08-08 02:00:00,16.853401030860294,51.435506956972105,1023.6155343898087,1,drift
2024-08-08 03:00:00,18.362736438064783,53.38082606448003,1020.5090845221247,1,drift
2024-08-08 04:00:00,18.567104985776208,49.20950859712456,1021.6972479059963,1,drift
2024-08-08 05:00:00,18.682269851259907,47.48971875532594,1014.8838869747349,0,none
2024-08-08 06:00:00,18.541222159592678,45.64216270729888,1012.2899705252056,0,none
2024-08-08 07:00:00,18.52596463249417,42.283074526711516,1013.0998825922214,0,none
2024-08-08 08:00:00,18.42249168880031,40.69447044115462,1016.5903653250309,1,drift
2024-08-08 09:00:00,16.357756579021174,51.21110061310161,1016.5977832737395,1,drift
2024-08-08 10:00:00,15.61494678015847,55.953288954946395,1014.1109519942164,1,drift
2024-08-08 11:00:00,14.56973886603405,55.79406893044644,1014.570390482552,1,drift
2024-08-08 12:00:00,14.316649813101375,59.417765799103776,1013.9908889612728,1,drift
2024-08-08 13:00:00,11.569988938444608,64.97098149775269,1016.4304991301346,1,drift
2024-08-08 14:00:00,12.287648248963356,63.449052583563066,1012.8248338770685,1,drift
2024-08-08 15:00:00,9.921919872659844,71.16095646538326,1017.7086495990733,1,drift
2024-08-08 16:00:00,8.304154091121037,69.04703148906792,1014.0155584624127,1,drift
2024-08-08 17:00:00,8.298138082134155,72.73133291257376,1019.2095103335556,1,drift
2024-08-08 18:00:00,8.759085009448606,77.72090841889118,1018.3153467832403,1,drift
2024-08-08 19:00:00,9.177134270432433,75.78582418713225,1018.169472084937,1,drift
2024-08-08 20:00:00,9.98999626815348,65.9630200429457,1017.7222007100856,1,drift
2024-08-08 21:00:00,7.578413794771214,68.10708540026613,1018.374743660353,1,drift
2024-08-08 22:00:00,13.066092850025784,66.69838603240628,1019.0049416120015,1,drift
2024-08-08 23:00:00,12.78717795359669,62.0351734430436,1017.8012021002545,1,drift
2024-08-09 00:00:00,14.00444169044501,58.27615692692027,1023.4740559555213,1,drift
2024-08-09 01:00:00,13.95890329859878,58.33806736680116,1024.8660388737035,1,drift
2024-08-09 02:00:00,18.50371972160254,55.02992358562137,1019.2288721101177,1,drift
2024-08-09 03:00:00,17.505953408725336,47.7383252218773,1021.8868396391691,1,drift
2024-08-09 04:00:00,18.687564968388713,40.43790878725535,1025.4803447880893,1,drift
2024-08-09 05:00:00,17.43204347376588,47.90167322907703,1019.746998745813,1,drift
2024-08-09 06:00:00,17.971235139616365,47.90167322907703,1021.5751019863525,1,drift
2024-08-09 07:00:00,18.469305144555378,47.90167322907703,1023.6981934355694,1,drift
2024-08-09 08:00:00,18.512326291848463,47.90167322907703,1017.0001456196297,1,freeze
2024-08-09 09:00:00,16.984166951134146,47.90167322907703,1012.1877666028739,1,freeze
2024-08-09 10:00:00,14.983497148405831,47.90167322907703,1015.7723070166877,1,freeze
2024-08-09 11:00:00,15.332743105516206,58.9200957679655,1012.5006099339275,0,none
2024-08-09 12:00:00,13.59062033677272,57.301464990101195,1014.0577882862715,0,none
2024-08-09 13:00:00,12.612312979132623,61.27686214364979,1011.8137794751033,0,none
2024-08-09 14:00:00,11.004755319593428,65.54519903197836,1011.3827573347613,0,none
2024-08-09 15:00:00,9.55574403718004,66.30164284303751,1011.4216734726516,0,none
2024-08-09 16:00:00,9.342903831200092,72.34658169183881,1016.1175326085769,0,none
2024-08-09 17:00:00,7.9459239461696685,75.42188534805378,1011.8541248814875,0,none
2024-08-09 18:00:00,8.864558664882995,73.98878877079419,1011.222421749864,0,none
2024-08-09 19:00:00,8.609933056753,76.00437937517889,1015.3690847987107,0,none
2024-08-09 20:00:00,8.555455140549528,76.12199175504684,1013.4943510535896,0,none
2024-08-09 21:00:00,10.280149412455339,73.30082846361634,1014.450687308873,0,none
2024-08-09 22:00:00,11.653113488714286,70.14781010041632,1009.0767087837249,0,none
2024-08-09 23:00:00,12.567689356768476,69.13577323194022,1008.8020972374113,0,none
2024-08-10 00:00:00,12.913581369084671,63.19355829187862,1013.5083938904621,0,none
2024-08-10 01:00:00,15.383004725036564,55.938118752919124,1012.9526114036357,0,none
2024-08-10 02:00:00,15.69706991809791,53.62706711806272,1011.9564495013819,0,none
2024-08-10 03:00:00,,57.105532487975275,1012.2710434016986,1,null
2024-08-10 04:00:00,18.65678978763378,46.26469251491282,1014.2354929694015,0,none
2024-08-10 05:00:00,19.371197645413996,41.248548934771044,1013.1765987745979,0,none
2024-08-10 06:00:00,17.763979403534545,40.59717141316806,1013.5952976882454,0,none
2024-08-10 07:00:00,18.4919947265271,47.8393989562541,1012.1609542114638,0,none
2024-08-10 08:00:00,19.441418464400357,50.874085040993236,1012.2130575356774,0,none
2024-08-10 09:00:00,19.233137383138562,50.00942302868059,1013.1000763161699,0,none
2024-08-10 10:00:00,15.766645870941058,48.69866234081588,1013.6628221232737,0,none
2024-08-10 11:00:00,17.49866360291801,53.383638556182156,1013.3013266835463,0,none
2024-08-10 12:00:00,12.706140733704586,60.855786371979164,1011.7525814001307,0,none
2024-08-10 13:00:00,11.146821230337581,61.31867190187444,1011.8347054251093,0,none
2024-08-10 14:00:00,10.363141953439136,72.02742309307673,1013.8217969579273,0,none
2024-08-10 15:00:00,9.189896307736836,72.40519784651686,1009.3377994069601,0,none
2024-08-10 16:00:00,9.671224011368404,74.36434364783773,1010.8795713520277,0,none
2024-08-10 17:00:00,8.013954552186814,71.56983540711465,1016.371742819152,0,none
2024-08-10 18:00:00,8.206736375978355,74.99145699784009,1013.5856998361298,0,none
2024-08-10 19:00:00,9.236743080884604,76.51212829525457,1012.4045681637009,0,none
2024-08-10 20:00:00,10.518228602027584,77.60540147180023,1014.672664915002,0,none
2024-08-10 21:00:00,9.986839969624185,73.67353891749003,1015.1627187394292,0,none
2024-08-10 22:00:00,12.007291322327449,68.98277223131426,1014.8457340610679,0,none
2024-08-10 23:00:00,13.274043163486862,68.98167961431564,1012.497670674243,0,none
2024-08-11 00:00:00,14.54161475976105,57.184968361599104,1013.7036620574232,0,none
2024-08-11 01:00:00,14.446418241146501,55.35566977524107,1011.9564304696233,0,none
2024-08-11 02:00:00,15.526693838433008,56.15106584099871,1014.5424989402164,0,none
2024-08-11 03:00:00,17.559588908271376,42.365497827820626,1014.4313662916342,0,none
2024-08-11 04:00:00,18.580736755655224,44.842229762390026,1012.1809346809252,0,none
2024-08-11 05:00:00,19.125421053190426,48.513943454049354,1011.975099155641,0,none
2024-08-11 06:00:00,17.08929118133119,43.43566041343771,1009.5762701743765,0,none
2024-08-11 07:00:00,17.43411451035765,50.363637912795845,1013.9351074390548,0,none
2024-08-11 08:00:00,18.967344270124677,44.812814606551456,1014.0817864819286,0,none
2024-08-11 09:00:00,16.582742877673976,53.40069094366641,1011.3363846155498,0,none
2024-08-11 10:00:00,16.415929044604095,54.73314218293499,1011.0091712378033,0,none
2024-08-11 11:00:00,15.309280835924122,52.43034995929612,1012.9473833062241,0,none
2024-08-11 12:00:00,13.96774222890931,64.5591584222481,1013.9191808098817,0,none
2024-08-11 13:00:00,12.090222824310704,56.70089647320894,1014.4291509112592,0,none
2024-08-11 14:00:00,11.743689619633804,68.29590705121045,1011.5845943753266,0,none
2024-08-11 15:00:00,8.633328131948291,74.79003205139874,1011.1398678673066,0,none
2024-08-11 16:00:00,8.609394570279749,72.33270930602743,1009.3116611409416,0,none
2024-08-11 17:00:00,8.603164710736054,73.72036618324208,1008.8441618798046,0,none
2024-08-11 18:00:00,7.935213777601471,76.81247054939263,1011.8500979489764,0,none
2024-08-11 19:00:00,9.254471718797266,68.52663655844735,1012.4454169484227,0,none
2024-08-11 20:00:00,9.970191752086391,72.75563040345843,1013.59009115175,0,none
2024-08-11 21:00:00,9.354220778499824,76.56117391550629,1013.8349100203867,0,none
2024-08-11 22:00:00,11.776797212092632,67.48314444120281,1010.7022791218591,0,none
2024-08-11 23:00:00,11.861583203245653,67.08049530214305,1014.142770272198,0,none
2024-08-12 00:00:00,13.354329920212924,60.16395693056356,1010.8931872285702,0,none
2024-08-12 01:00:00,14.663475206843877,58.1208123443658,1013.0563891132251,0,none
2024-08-12 02:00:00,15.394764494842919,52.946958360582784,1012.2153070596698,0,none
2024-08-12 03:00:00,17.193839233729697,44.9901493163756,1013.3196115163037,0,none
2024-08-12 04:00:00,17.40203054223859,49.62792996117035,1010.2463393142921,0,none
2024-08-12 05:00:00,17.736387406575286,45.98629426693156,1016.4114258254532,0,none
2024-08-12 06:00:00,18.52359587114589,44.81830496350835,1013.1311230009101,0,none
2024-08-12 07:00:00,19.746176781288696,44.59533604803565,1013.8529042134088,0,none
2024-08-12 08:00:00,18.5489478939561,44.21244788193881,1012.1705792414392,0,none
2024-08-12 09:00:00,16.823622552952404,52.58551422076261,1011.4476334419082,0,none
2024-08-12 10:00:00,15.024527039064678,50.703074399974184,1012.6334563668504,0,none
2024-08-12 11:00:00,13.703514349339576,60.01892573082394,1015.0909443024981,0,none
2024-08-12 12:00:00,13.39042138881826,53.7930863074557,1013.6186744672832,0,none
2024-08-12 13:00:00,13.028379711043353,61.92614821254062,1014.579097217316,0,none
2024-08-12 14:00:00,11.346263290085112,67.33375866097919,1011.5017097391705,0,none
2024-08-12 15:00:00,8.756933194286816,68.43379723837673,1014.0158659915417,0,none
2024-08-12 16:00:00,8.26658694699798,70.99716165402408,1014.7869720434575,0,none
2024-08-12 17:00:00,8.603051037186031,71.63380955660442,1015.7677434015101,0,none
2024-08-12 18:00:00,7.393775237194471,75.45262472060874,1010.5481198901476,0,none
2024-08-12 19:00:00,8.338456189779432,72.63738983155145,1009.1610369753098,0,none
2024-08-12 20:00:00,9.630952354687365,80.04862036214722,1017.0355053331743,0,none
2024-08-12 21:00:00,9.855568556746498,73.51817580809451,1013.4963758357586,0,none
2024-08-12 22:00:00,10.258015642245153,66.81960451257055,1015.2991896276552,0,none
2024-08-12 23:00:00,14.192135056588317,64.3559656004834,1010.1631227093735,0,none
2024-08-13 00:00:00,14.938717612148878,59.14312020772083,1014.5402649655858,0,none
2024-08-13 01:00:00,13.603480169838683,53.85907225735485,1013.3977321253486,0,none
2024-08-13 02:00:00,16.555530568307162,52.20849798639878,1013.4332965978815,0,none
2024-08-13 03:00:00,17.38083057129607,49.33331240270942,1013.71002201028,0,none
2024-08-13 04:00:00,17.7499914933919,47.59541229224281,1015.5440495687407,0,none
2024-08-13 05:00:00,19.793765043812158,49.86953422256778,1014.7169338538553,0,none
2024-08-13 06:00:00,19.395019933732268,43.31613126917408,1011.3174210605544,0,none
2024-08-13 07:00:00,20.267213178515842,48.55871055041734,1013.2379721114588,0,none
2024-08-13 08:00:00,16.25970534697593,50.13444981319627,1012.67399609666,0,none
2024-08-13 09:00:00,17.00587363945936,54.84460971522023,1012.2069497884912,0,none
2024-08-13 10:00:00,16.281026735964534,57.20999417532021,1013.2242487276609,0,none
2024-08-13 11:00:00,14.24952865577181,52.52717019536753,1013.3768463980425,0,none
2024-08-13 12:00:00,13.158531220873456,58.47432639190809,1013.0620365460576,0,none
2024-08-13 13:00:00,11.930743098341377,61.465070187729815,1010.5675547248115,0,none
2024-08-13 14:00:00,12.088775525251139,69.65762052749918,1012.6715764827783,0,none
2024-08-13 15:00:00,10.380175098510435,75.16285651888576,1009.9682609732183,0,none
2024-08-13 16:00:00,9.465115760005228,73.18942762624579,1013.6933108515606,0,none
2024-08-13 17:00:00,8.699803567795813,75.01476356577741,1012.453641308556,0,none
2024-08-13 18:00:00,8.003291807691516,72.06200820190051,1010.7903612487369,0,none
2024-08-13 19:00:00,10.422325409205158,78.1513994348178,1010.408430874157,0,none
2024-08-13 20:00:00,8.269478295394554,70.7155491374973,1014.2854819833099,0,none
2024-08-13 21:00:00,11.75138814366587,69.06922426099723,1011.7772934716611,0,none
2024-08-13 22:00:00,-15.142934514946479,63.5337217916439,1013.8139483521379,1,spike
2024-08-13 23:00:00,11.810286714390742,63.870613489379664,1011.1809411569061,0,none
2024-08-14 00:00:00,11.979338417558957,61.1335499465397,1015.9521879893135,0,none
2024-08-14 01:00:00,14.746862986864983,53.23019849369718,1008.5672816138251,0,none
2024-08-14 02:00:00,14.385450115353562,50.0980462559624,1016.0881003796958,0,none
2024-08-14 03:00:00,15.996752135161248,48.32716814462273,1011.3542967528629,0,none
2024-08-14 04:00:00,16.830702943726784,49.245062511135444,1016.0174399493978,0,none
2024-08-14 05:00:00,17.46061393629742,47.00669193969435,1015.1084853677638,0,none
2024-08-14 06:00:00,17.53201253767333,47.94812002404045,1013.1026936563247,0,none
2024-08-14 07:00:00,18.809568336985564,45.79119167359466,1012.9739556290626,0,none
2024-08-14 08:00:00,16.780537915617664,49.411599779310926,1015.138242116915,0,none
2024-08-14 09:00:00,17.243695095319502,48.906998732510374,1011.7008073068258,0,none
2024-08-14 10:00:00,14.76964758473057,48.12942196889988,1013.1386829719509,0,none
2024-08-14 11:00:00,14.586160464765232,56.94155373004309,1013.5566621453956,0,none
2024-08-14 12:00:00,12.057507344442717,60.58013519774415,1011.6780765981342,0,none
2024-08-14 13:00:00,11.511993264502138,68.17627803321905,1013.9170150635239,0,none
2024-08-14 14:00:00,10.633184732799684,72.37299564641145,1010.406541039154,0,none
2024-08-14 15:00:00,9.105199830829335,69.17636681460436,1013.8943849746119,0,none
2024-08-14 16:00:00,8.29125544497506,74.67825617765334,1013.8698101410068,1,freeze
2024-08-14 17:00:00,9.082367572575217,74.67825617765334,1014.9354837993636,1,freeze
2024-08-14 18:00:00,9.607065108633083,74.67825617765334,1014.2822961854023,1,freeze
2024-08-14 19:00:00,10.16261479117517,74.67825617765334,1014.6678836715403,1,freeze
2024-08-14 20:00:00,10.08002125961741,74.67825617765334,1016.4490873908252,1,freeze
2024-08-14 21:00:00,8.932606342231368,74.67825617765334,1012.7296419910758,1,freeze
2024-08-14 22:00:00,8.4046503664984,75.89907237616755,1014.8914592182521,0,none
2024-08-14 23:00:00,12.345344062884868,56.46398646852154,1011.619896329203,0,none
2024-08-15 00:00:00,11.669831094933594,57.815978946077394,1015.8953604457665,0,none
2024-08-15 01:00:00,14.1057016331702,55.79014959844775,1015.5482804758766,0,none
2024-08-15 02:00:00,14.447635452304947,53.53297767013739,1014.0375771296302,0,none
2024-08-15 03:00:00,17.12517429551734,46.99550203770027,1010.2424454361586,0,none
2024-08-15 04:00:00,17.210987981833412,49.42635873845596,1015.4322468800665,0,none
2024-08-15 05:00:00,17.688551922670975,48.65791768335248,1012.1523555378228,0,none
2024-08-15 06:00:00,18.17847563043858,43.073039434738924,1015.4058009761093,0,none
2024-08-15 07:00:00,16.69719848050269,46.68476860475138,1009.7816097705536,0,none
2024-08-15 08:00:00,17.52028197254063,48.61471374068484,1012.5393910411772,0,none
2024-08-15 09:00:00,15.830924801534215,52.09440613621756,1012.2953202103644,0,none
2024-08-15 10:00:00,15.098458515563996,51.91895522778729,1010.7249681356543,0,none
2024-08-15 11:00:00,14.49210444456702,59.130088800298566,1009.6297242002488,0,none
2024-08-15 12:00:00,13.423160378787106,62.2912172687428,1012.5416204664084,0,none
2024-08-15 13:00:00,,65.53229564643144,1014.0976710215157,1,null
2024-08-15 14:00:00,12.335327176904352,64.1091255468702,1012.1433015152867,0,none
2024-08-15 15:00:00,9.684548557257466,71.90113595365526,1010.496238013292,0,none
2024-08-15 16:00:00,-12.219628264814734,74.55946698481635,1009.2701279579162,1,spike
2024-08-15 17:00:00,7.584984156765102,72.52359883569574,1013.7070889605782,0,none
2024-08-15 18:00:00,7.486828253018008,71.20707653071779,1013.0149537035988,0,none
2024-08-15 19:00:00,7.665103694210347,75.43400353946582,1012.8586623588352,0,none
2024-08-15 20:00:00,9.118511770661998,74.38715413661457,1013.8845667518776,0,none
2024-08-15 21:00:00,9.49529150009864,77.36899804328763,1012.7136836360299,0,none
2024-08-15 22:00:00,9.835550631500162,68.39697253697715,1014.2583566659287,0,none
2024-08-15 23:00:00,12.056502865455007,61.85360914514055,1012.1551636425032,0,none
2024-08-16 00:00:00,12.362459504856457,60.85528107081945,1014.5899384916528,0,none
2024-08-16 01:00:00,13.149856448670201,55.96721320526903,1012.1127715449935,0,none
2024-08-16 02:00:00,15.087653901971017,54.557705310497504,1012.5930266928608,0,none
2024-08-16 03:00:00,15.965050276232388,49.21870794275324,1011.0181121695758,0,none
2024-08-16 04:00:00,16.469590895916106,45.71825822176311,1013.366686778025,0,none
2024-08-16 05:00:00,18.445024998638818,47.12661041835534,1012.7932840208754,0,none
2024-08-16 06:00:00,19.663146688902067,41.35500563400044,1015.3499925557383,0,none
2024-08-16 07:00:00,16.779220702217405,45.58922798064595,1015.6213513853792,0,none
2024-08-16 08:00:00,16.733945736441004,46.41861197878112,1012.6992703705878,0,none
2024-08-16 09:00:00,16.332565096397342,55.16720829031337,1012.994179486981,0,none
2024-08-16 10:00:00,16.0752972023066,54.835248004740556,1013.07935164367,0,none
2024-08-16 11:00:00,14.791384410721367,52.145218928868516,1014.7624086300895,0,none
2024-08-16 12:00:00,12.272476206062914,65.06381484291163,1010.0741618061612,0,none
2024-08-16 13:00:00,13.199178285468118,58.377562601338994,1013.0495612336608,0,none
2024-08-16 14:00:00,11.037147681768337,69.2920601900745,1015.157655843676,0,none
2024-08-16 15:00:00,10.150071715301618,71.87791964657436,1012.898222546416,0,none
2024-08-16 16:00:00,9.502532891994509,73.09875472392407,1011.1420187975838,1,freeze
2024-08-16 17:00:00,6.9261518375948325,73.09875472392407,1011.0358297096697,1,freeze
2024-08-16 18:00:00,7.6209642184736825,73.09875472392407,1011.7850085745337,1,freeze
2024-08-16 19:00:00,8.601587647572556,73.09875472392407,1014.0702019315075,1,freeze
2024-08-16 20:00:00,6.522110871254384,73.09875472392407,1013.7972698220099,1,freeze
2024-08-16 21:00:00,9.90370047793912,73.09875472392407,1012.4621502076684,1,freeze
2024-08-16 22:00:00,8.99846968327209,67.44057870233719,1011.3510882913423,0,none
2024-08-16 23:00:00,12.462866345363006,61.03620215483524,1013.5276634452257,0,none
2024-08-17 00:00:00,11.539056605305383,58.60674140585858,1015.531864331998,0,none
2024-08-17 01:00:00,13.119161328411142,56.245980139841606,1014.1331897579813,0,none
2024-08-17 02:00:00,15.33501534127408,51.13305184253444,1014.1082348144225,0,none
2024-08-17 03:00:00,15.948342850941708,45.53742754200773,1013.3804515910548,0,none
2024-08-17 04:00:00,18.29171685671752,45.89769809935209,1014.6887366635618,1,freeze
2024-08-17 05:00:00,17.850398439079527,45.89769809935209,1010.5776382198508,1,freeze
2024-08-17 06:00:00,17.260030480139374,45.89769809935209,1015.3602424673787,1,freeze
2024-08-17 07:00:00,17.437647684357685,45.89769809935209,1012.8957334811159,1,freeze
2024-08-17 08:00:00,18.86235652858193,45.89769809935209,1014.4425720449719,1,freeze
2024-08-17 09:00:00,16.351718875792095,45.89769809935209,1014.6820648984608,1,freeze
2024-08-17 10:00:00,15.03596405847045,58.67939830800702,1011.7358095723376,0,none
2024-08-17 11:00:00,13.130078464103633,59.960239198599695,1011.9488598379394,0,none
2024-08-17 12:00:00,12.736157670087293,61.12527605634523,1010.1835146360205,0,none
2024-08-17 13:00:00,10.33332788214685,60.27634488246198,1014.1522939685507,0,none
2024-08-17 14:00:00,11.467431496767906,67.96564190126833,1011.8368845905105,0,none
2024-08-17 15:00:00,7.113073860337815,72.47246090594552,1012.2560151056185,0,none
2024-08-17 16:00:00,8.50396623438884,70.5645030373668,1012.2701403332037,0,none
2024-08-17 17:00:00,8.417053263727956,81.64925476541875,1011.5080379286657,1,freeze
2024-08-17 18:00:00,7.414740236995918,81.64925476541875,1015.2353839737258,1,freeze
2024-08-17 19:00:00,8.953905901473435,81.64925476541875,1010.3703136410712,1,freeze
2024-08-17 20:00:00,8.063625831678587,81.64925476541875,1015.2781054997245,1,freeze
2024-08-17 21:00:00,7.991747105896278,81.64925476541875,1012.6471054597644,1,freeze
2024-08-17 22:00:00,10.977324541816795,81.64925476541875,1008.816886782978,1,freeze
2024-08-17 23:00:00,12.438556106402789,62.64637588214261,1014.1054174372986,0,none
2024-08-18 00:00:00,14.565615051555971,57.465676530195424,1009.2657704248619,0,none
2024-08-18 01:00:00,14.09696630322802,55.75659788460805,1016.8905755271003,0,none
2024-08-18 02:00:00,15.339117028045626,49.54701651204643,1011.6432206312538,0,none
2024-08-18 03:00:00,13.730534067671268,48.65255263339859,1012.5273170712499,0,none
2024-08-18 04:00:00,16.881120426265163,45.68867445598919,1011.0426163552817,0,none
2024-08-18 05:00:00,17.11865316993822,46.201526843992426,1012.4540975251764,0,none
2024-08-18 06:00:00,18.167012585883818,47.427407825096495,1014.1692759321121,0,none
2024-08-18 07:00:00,15.495550010508426,45.329015886325664,1012.0187946976163,0,none
2024-08-18 08:00:00,14.52602922178801,53.44623237058072,1017.0669297646746,0,none
2024-08-18 09:00:00,16.562136762898554,51.88253323327835,1012.0059463880482,0,none
2024-08-18 10:00:00,15.595190186885615,47.00919793964147,1017.3337829236485,0,none
2024-08-18 11:00:00,12.861954384086765,56.855689554669155,1011.9099496081641,0,none
2024-08-18 12:00:00,11.91331807711527,60.64380330352248,1012.7444518475186,1,freeze
2024-08-18 13:00:00,11.689547245248182,60.64380330352248,1015.5564158343429,1,freeze
2024-08-18 14:00:00,10.159285770957435,60.64380330352248,1008.9557009208614,1,freeze
2024-08-18 15:00:00,6.781642791120137,60.64380330352248,1016.0410002787942,1,freeze
2024-08-18 16:00:00,7.807854187203734,60.64380330352248,1012.3961764007091,1,freeze
2024-08-18 17:00:00,7.6826056683733865,60.64380330352248,1015.0886652283516,1,freeze
2024-08-18 18:00:00,8.766845860094175,77.8665088816394,1011.1463729326498,0,none
2024-08-18 19:00:00,7.478626204613473,72.63787146655443,1015.2295608816501,0,none
2024-08-18 20:00:00,9.170825493498931,74.11214414038459,1013.6373229386609,0,none
2024-08-18 21:00:00,9.196931885190558,70.57800236900144,1011.6631042727157,0,none
2024-08-18 22:00:00,8.642189862390468,75.19688062641903,1009.7252007067128,0,none
2024-08-18 23:00:00,9.72520750286093,60.59237297135989,1015.3716846407758,0,none
2024-08-19 00:00:00,12.401346175418743,58.180873405307224,1010.1464278570115,0,none
2024-08-19 01:00:00,13.113019114012253,57.8649318056942,1014.0980668592773,0,none
2024-08-19 02:00:00,13.860778391825642,52.38279158922044,1013.4091925889738,0,none
2024-08-19 03:00:00,16.34937317728201,48.386122336689446,1008.0225429646232,0,none
2024-08-19 04:00:00,15.022163032259312,45.62860811919495,1011.6560573505872,0,none
2024-08-19 05:00:00,15.413064023717538,47.547119295566695,1013.7239971920611,0,none
2024-08-19 06:00:00,17.172036239831876,43.06918558417665,1010.3346189435096,0,none
2024-08-19 07:00:00,17.37364543652221,48.68752668258472,1013.2832787054912,0,none
2024-08-19 08:00:00,16.693157822973873,45.97138657158843,1012.2006586783265,0,none
2024-08-19 09:00:00,16.45692672731676,45.79956852071018,1012.0365080665167,0,none
2024-08-19 10:00:00,14.361500804538842,49.748830257872285,1011.9248388587907,0,none
2024-08-19 11:00:00,15.403416953031696,53.63314844531759,1012.3024135894556,0,none
2024-08-19 12:00:00,13.403419713498346,57.93425216178887,1016.5693256851758,0,none
2024-08-19 13:00:00,10.918076341427819,62.008048472948076,1012.7964622466997,0,none
2024-08-19 14:00:00,11.20217714022388,70.00781968277485,1014.6878374821374,0,none
2024-08-19 15:00:00,8.705995161566657,67.05402762519486,1015.2371586188807,0,none
2024-08-19 16:00:00,8.240824386081417,76.83528108812035,1012.3721856870683,0,none
2024-08-19 17:00:00,6.628921421285009,75.9563811951893,1010.978225510379,0,none
2024-08-19 18:00:00,6.895161977432945,71.54516844618713,1017.0839169229945,0,none
2024-08-19 19:00:00,6.201766346851622,69.11149817131651,1014.2961222117013,0,none
2024-08-19 20:00:00,7.872486394299568,72.55272426009587,1012.4700953978866,0,none
2024-08-19 21:00:00,9.484242596832207,73.92796616973276,1010.1268179138764,0,none
2024-08-19 22:00:00,10.510936562328864,67.9793597887541,1011.8471755312534,0,none
2024-08-19 23:00:00,12.154059857468612,69.76339600640264,1008.847264992845,0,none
2024-08-20 00:00:00,12.295427751264883,64.05681627844362,1017.9049556842854,0,none
2024-08-20 01:00:00,12.00763688355693,59.15656426370527,1011.9972492410519,0,none
2024-08-20 02:00:00,15.800864685067097,47.74660190271696,1008.4630680356854,0,none
2024-08-20 03:00:00,14.659175780670468,46.89230436579971,1014.0147235193689,0,none
2024-08-20 04:00:00,17.075445069579928,45.192449188030515,1012.4300483899517,0,none
2024-08-20 05:00:00,19.675016978178043,44.89756701969424,1010.4230667102104,0,none
2024-08-20 06:00:00,20.39328228141493,39.06160662652741,1010.3115250001346,0,none
2024-08-20 07:00:00,16.622552381753877,42.364385594697644,1015.5858978153612,0,none
2024-08-20 08:00:00,16.98862937747988,45.742085004204974,1012.6992984236123,0,none
2024-08-20 09:00:00,,49.261651605062404,1014.9967435510224,1,null
2024-08-20 10:00:00,15.42819009750789,53.334790563950115,1014.0831813896829,0,none
2024-08-20 11:00:00,14.800759468488252,52.89296124954157,1011.0261624595682,0,none
2024-08-20 12:00:00,13.590590993914384,55.04487304598672,1014.6120154372883,0,none
2024-08-20 13:00:00,10.59452116517855,64.39596002317788,1014.3675230189914,0,none
2024-08-20 14:00:00,8.50363937036317,65.26565180059995,1014.8239279378735,0,none
2024-08-20 15:00:00,8.317419447525031,67.51450389015352,1017.1976484759089,0,none
2024-08-20 16:00:00,6.701073213214799,71.37350871020244,1012.524278582327,0,none
2024-08-20 17:00:00,7.065500850013823,74.58623888583283,1015.4042699523136,0,none
2024-08-20 18:00:00,6.794567234310158,75.56570065999603,1012.8417758411153,0,none
2024-08-20 19:00:00,8.042585070107084,79.69767442940693,1014.2077293859209,0,none
2024-08-20 20:00:00,7.777337088821838,74.23687475909038,1014.1917089495508,0,none
2024-08-20 21:00:00,9.117068162974629,67.85779335141089,1014.4720850069234,0,none
2024-08-20 22:00:00,9.03289351362871,70.52244962843429,1017.6684623453352,0,none
2024-08-20 23:00:00,12.794570832197566,65.67097649074867,1009.9462908909602,0,none
2024-08-21 00:00:00,11.106820549256929,60.34462429693832,1011.533334948884,0,none
2024-08-21 01:00:00,13.007110762939254,62.32654701440461,1012.0148028392182,0,none
2024-08-21 02:00:00,15.39339841933917,52.25970116719861,1012.8761302853494,0,none
2024-08-21 03:00:00,16.515894339004742,48.426602165834744,1011.5607442846132,0,none
2024-08-21 04:00:00,16.556445628492707,43.768316577376176,1012.0974272623799,0,none
2024-08-21 05:00:00,16.738849263241654,39.60957008571911,1013.1202106898011,0,none
2024-08-21 06:00:00,16.904945308969285,42.24578854676186,1009.8500937690469,0,none
2024-08-21 07:00:00,16.830649258845874,45.9377567564711,1013.8177933370226,0,none
2024-08-21 08:00:00,16.102646374256555,49.384568525673345,1010.5785912077897,0,none
2024-08-21 09:00:00,17.577989295928973,53.350719627173966,1014.4736454050401,0,none
2024-08-21 10:00:00,14.250444314212968,50.81930626677551,1014.4406592247917,0,none
2024-08-21 11:00:00,12.96934751544608,50.70121271585571,1015.756365887599,0,none
2024-08-21 12:00:00,11.837681081748693,57.73141569787791,1013.9629423743635,0,none
2024-08-21 13:00:00,9.77204589780984,67.61295530141848,1013.0731636339834,0,none
2024-08-21 14:00:00,9.169616847422319,72.6065193403691,1014.295975186479,0,none
2024-08-21 15:00:00,9.52907426117789,65.90198031928257,1013.4285088645337,0,none
2024-08-21 16:00:00,7.837127027367305,71.510905121783,1011.1974061946123,0,none
2024-08-21 17:00:00,5.1795028225896225,75.6392996247773,1012.1693066724501,0,none
2024-08-21 18:00:00,6.977673607752354,75.41879489086436,1016.1229625193956,0,none
2024-08-21 19:00:00,8.956326275113991,69.285217672524,1012.6215879180882,0,none
2024-08-21 20:00:00,6.93114218711937,69.6184547032528,1017.6248683570575,1,drift
2024-08-21 21:00:00,9.135605768143126,76.11859755195331,1015.6558609732593,1,drift
2024-08-21 22:00:00,10.206869462725571,65.34047891844358,1011.788347733506,1,drift
2024-08-21 23:00:00,9.571985469596921,59.91461113776997,1018.1403772680233,1,drift
2024-08-22 00:00:00,10.912025194953438,60.344312012600845,1014.5823866279538,1,drift
2024-08-22 01:00:00,14.018125715417579,55.41999424156061,1018.0782752747299,1,drift
2024-08-22 02:00:00,15.205715788784431,57.63634347203781,1015.1822224076855,1,drift
2024-08-22 03:00:00,16.139390141618495,47.916424732186265,1015.4224762181681,1,drift
2024-08-22 04:00:00,14.839614377352069,52.76509075204645,1017.6353133523376,1,drift
2024-08-22 05:00:00,16.39953035922516,42.159932018139536,1016.9603771411523,1,drift
2024-08-22 06:00:00,15.90808398537784,48.31262501538736,1019.0267804063194,1,drift
2024-08-22 07:00:00,16.565367649240443,46.280216814424,1021.4161260328926,1,drift
2024-08-22 08:00:00,17.617523574046686,50.514968437910895,1020.8643403578722,1,drift
2024-08-22 09:00:00,13.881902410428808,43.868496113924174,1018.3338820086126,1,drift
2024-08-22 10:00:00,15.549399782930468,56.65544594934237,1018.3729210083562,1,drift
2024-08-22 11:00:00,12.367692882047832,52.008384086752045,1018.7951302894594,1,drift
2024-08-22 12:00:00,13.188739014069792,57.517871682220324,1017.0958382856164,1,drift
2024-08-22 13:00:00,9.17869565842934,59.763104443690594,1018.7191524464696,1,drift
2024-08-22 14:00:00,10.889401188368133,64.31348833831763,1019.4736006431489,1,drift
2024-08-22 15:00:00,9.44506548884807,68.91290833288045,1021.1387314608244,1,drift
2024-08-22 16:00:00,7.199398627263715,76.40098732915062,1018.6423630780512,1,drift
2024-08-22 17:00:00,6.422354150122535,74.81246112858273,1022.8162103579007,1,drift
2024-08-22 18:00:00,6.269905443227817,73.38071157402813,1020.9830080110238,1,drift
2024-08-22 19:00:00,6.25006439487848,75.14750066849264,1022.2504679282224,1,drift
2024-08-22 20:00:00,6.713858029887295,69.41307153618459,1012.635237137904,0,none
2024-08-22 21:00:00,7.732055229093872,72.5869801085891,1013.1810257519064,0,none
2024-08-22 22:00:00,10.423829960009815,66.535641278792,1013.9982991146439,0,none
2024-08-22 23:00:00,10.698311787904546,58.89912103540114,1011.9801565826037,0,none
2024-08-23 00:00:00,13.820615994363239,60.6725885721948,1014.068249553124,0,none
2024-08-23 01:00:00,13.164140236284346,55.10367310549108,1014.5040134088184,0,none
2024-08-23 02:00:00,14.987849521274681,46.510947258446194,1013.9187585065791,0,none
2024-08-23 03:00:00,14.654786535769992,50.450436068027514,1012.7038736123902,0,none
2024-08-23 04:00:00,16.490171225831546,48.637969595326105,1012.5081562169742,0,none
2024-08-23 05:00:00,17.621091413642137,47.77515983411086,1014.5110436371419,0,none
2024-08-23 06:00:00,16.798647037648127,42.73941834789386,1013.9662752988523,0,none
2024-08-23 07:00:00,14.600440363573721,47.82361360182948,1010.2356828370216,0,none
2024-08-23 08:00:00,17.68619330544967,47.85703943309826,1012.0780043026268,0,none
2024-08-23 09:00:00,15.1909122612708,50.840265230189424,1020.3856905006999,1,drift
2024-08-23 10:00:00,14.797081110403889,57.323504446196026,1012.2547743238933,1,drift
2024-08-23 11:00:00,15.533512412493206,55.69476352724719,1014.4750540651322,1,drift
2024-08-23 12:00:00,10.076719242918488,63.40796459000156,1015.0991945618498,1,drift
2024-08-23 13:00:00,12.480860729963457,62.590365700529624,1015.7660151762028,1,drift
2024-08-23 14:00:00,9.119909023927292,73.48427551390928,1011.7901295815452,1,drift
2024-08-23 15:00:00,7.033268044339436,70.81668957758411,1018.8174571096436,1,drift
2024-08-23 16:00:00,8.030692681109002,70.1456453232912,1017.5945749097755,1,drift
2024-08-23 17:00:00,9.017622719312259,76.58409821892576,1013.6750913978193,1,drift
2024-08-23 18:00:00,5.740650158679259,71.28783866238116,1017.9197065356451,1,drift
2024-08-23 19:00:00,7.865181868362924,77.39266654184472,1022.0994643364658,1,drift
2024-08-23 20:00:00,7.481807855551669,71.09876051632071,1019.2596495215063,1,drift
2024-08-23 21:00:00,9.094201086009928,75.12906348544028,1018.7923702821807,1,drift
2024-08-23 22:00:00,9.911690628536228,68.32424948731581,1018.5328615932528,1,drift
2024-08-23 23:00:00,9.77558341324075,61.98840741303759,1018.7716127750223,1,drift
2024-08-24 00:00:00,13.45607103654668,59.47804865384525,1019.6439479931842,1,drift
2024-08-24 01:00:00,13.751347882363783,54.069084729031154,1017.9066580134527,1,drift
2024-08-24 02:00:00,13.726250299022773,56.004901688767234,1021.8850953267175,1,drift
2024-08-24 03:00:00,15.550159031829672,42.832132089102636,1021.1636543778632,1,drift
2024-08-24 04:00:00,17.14382096161932,44.77526555888233,1022.0013783195541,1,drift
2024-08-24 05:00:00,16.54548413754862,49.900388553943806,1022.8831165920636,1,drift
2024-08-24 06:00:00,16.3690979570706,44.236977890443114,1021.5646239377351,1,drift
2024-08-24 07:00:00,17.92951144962882,48.7394116908536,1023.063404863247,1,drift
2024-08-24 08:00:00,16.378257243430866,43.22413166969276,1021.4750818545333,1,drift
2024-08-24 09:00:00,14.373467799674193,53.49462454495738,1011.9324746476445,0,none
2024-08-24 10:00:00,14.375972878246497,53.036634447048364,1013.5495452795388,0,none
2024-08-24 11:00:00,12.983182329804585,54.59782746820101,1014.7685238355022,0,none
2024-08-24 12:00:00,12.015005240494874,58.150033118984595,1012.9971297019755,0,none
2024-08-24 13:00:00,10.703482029502142,63.966918180708234,1016.9685893178641,0,none
2024-08-24 14:00:00,9.87334597238562,66.92425875574206,1013.2758860257932,0,none
2024-08-24 15:00:00,6.647777846191607,70.38169730458371,1015.5760984808892,0,none
2024-08-24 16:00:00,8.530827538344553,73.74403658390987,1013.226878510911,0,none
2024-08-24 17:00:00,7.961979598015789,69.54818104171957,1016.1155573007078,0,none
2024-08-24 18:00:00,7.007124912699478,76.68187312913344,1014.7437237000474,0,none
2024-08-24 19:00:00,8.297936636902573,72.30147297205923,1009.9902387355124,0,none
2024-08-24 20:00:00,7.889049421636193,72.27461514072958,1013.233470869384,0,none
2024-08-24 21:00:00,9.272737485978706,72.57783791309924,1013.3070146499865,0,none
2024-08-24 22:00:00,8.56667569146065,66.52311295274215,1012.6914699999935,0,none
2024-08-24 23:00:00,11.993569038744987,59.505717475715045,1012.0873913916074,0,none
2024-08-25 00:00:00,11.134148046991157,62.04111279237775,1008.884280040257,0,none
2024-08-25 01:00:00,14.237657017068628,61.530742738348984,1012.8104590579454,0,none
2024-08-25 02:00:00,14.679162615789982,51.95770146999861,1013.9585564165875,0,none
2024-08-25 03:00:00,15.906851931696673,50.95660417665057,1010.7165125662233,0,none
2024-08-25 04:00:00,17.806357354358223,49.05183811178723,1014.1680381688078,0,none
2024-08-25 05:00:00,16.396234163050064,46.87393449327416,1010.9284538999823,0,none
2024-08-25 06:00:00,17.519826259104963,46.112849337094154,1015.3368972783321,0,none
2024-08-25 07:00:00,18.6331670010335,44.300093927461546,1013.9453587321552,0,none
2024-08-25 08:00:00,16.754836728995993,49.633125459876425,1010.6299504641796,0,none
2024-08-25 09:00:00,17.147664756720623,54.206266605591914,1012.0545561368409,0,none
2024-08-25 10:00:00,14.151719747297367,54.12824724910578,1016.8192787018914,0,none
2024-08-25 11:00:00,11.725678977547776,57.98554797261178,1010.9499079697707,0,none
2024-08-25 12:00:00,10.598129461148732,65.02031289703152,1016.2542765425122,0,none
2024-08-25 13:00:00,9.668102756909665,66.25134145467645,1015.4245723198259,0,none
2024-08-25 14:00:00,8.983837758494758,64.63503547551174,1012.3361793557866,0,none
2024-08-25 15:00:00,8.627442643249434,67.46947973493161,1015.270692955371,0,none
2024-08-25 16:00:00,7.787272375403509,65.45628354549763,1017.2606709767177,0,none
2024-08-25 17:00:00,5.973691653968927,70.83355962105321,1015.1084178584869,0,none
2024-08-25 18:00:00,6.889117333925679,72.10696335822203,1010.0910752140674,0,none
2024-08-25 19:00:00,5.8629169954042135,77.45604515366145,1009.6800801646795,0,none
2024-08-25 20:00:00,6.889728317435414,73.60363863536377,1010.990840788428,0,none
2024-08-25 21:00:00,7.063809726730171,71.00531438202471,1014.9831934655234,0,none
2024-08-25 22:00:00,9.397329712472322,71.43280420641872,1012.3638459838667,0,none
2024-08-25 23:00:00,10.61858805706362,60.59774916466297,1009.8668174616377,0,none
2024-08-26 00:00:00,10.17687865947877,61.829247981473216,1011.9028733344765,0,none
2024-08-26 01:00:00,12.468915276444362,54.56192249658623,1014.2531956752429,0,none
2024-08-26 02:00:00,13.838634992413763,53.458712947180814,1012.8295552025303,0,none
2024-08-26 03:00:00,12.72480063408208,50.89314253609235,1013.8110678546795,0,none
2024-08-26 04:00:00,16.42535207401565,46.939276746963735,1013.4132807128685,0,none
2024-08-26 05:00:00,-10.256340330903662,47.264393432107134,1017.2751801729336,1,spike
2024-08-26 06:00:00,16.616373929506473,45.528839159925624,1011.701514439021,0,none
2024-08-26 07:00:00,16.350494705002447,46.5860289223129,1011.5763595648774,0,none
2024-08-26 08:00:00,15.956503399129067,45.0363741208668,1017.5618717788285,0,none
2024-08-26 09:00:00,15.234614066573222,47.456781199572234,1010.3653475231139,0,none
2024-08-26 10:00:00,14.100962574455444,53.17221709852361,1012.4989104319441,0,none
2024-08-26 11:00:00,13.046535801384561,57.28234494592019,1014.3927086490052,0,none
2024-08-26 12:00:00,12.490382438168087,62.066008558190255,1015.0400927617096,0,none
2024-08-26 13:00:00,11.575951104657795,60.091859879506515,1016.3289350606256,0,none
2024-08-26 14:00:00,8.401370783117937,60.24168740002102,1013.4158135446123,0,none
2024-08-26 15:00:00,7.255508687560825,73.80598297500075,1016.0120945522806,0,none
2024-08-26 16:00:00,7.963813473850789,69.37797517944114,1017.3667288462879,0,none
2024-08-26 17:00:00,6.452865340017356,76.83270495646438,1013.7086473131974,0,none
2024-08-26 18:00:00,7.505504944212442,69.09615534509213,1015.9232638499677,0,none
2024-08-26 19:00:00,6.59879600015027,73.18324299423061,1015.6660514549559,0,none
2024-08-26 20:00:00,4.856185209076591,76.96900721003347,1009.9383027699464,0,none
2024-08-26 21:00:00,8.962636874716495,67.59790873508882,1011.2034007999423,0,none
2024-08-26 22:00:00,8.567086289538958,68.89378069992667,1012.8704792943091,0,none
2024-08-26 23:00:00,10.90979684865473,67.98693302166586,1012.9244371883881,0,none
2024-08-27 00:00:00,11.266723665946445,57.05012286005807,1013.3906058884899,0,none
2024-08-27 01:00:00,13.208397346907613,57.01082806361453,1012.1326260011826,0,none
2024-08-27 02:00:00,13.18825977324975,52.554498863932764,1017.140092546937,0,none
2024-08-27 03:00:00,15.35647627838374,51.48713330129552,1016.3028926017543,0,none
2024-08-27 04:00:00,16.21502798924527,42.517823833918456,1013.6031173322657,0,none
2024-08-27 05:00:00,17.393349639547335,46.97510059395217,1013.945777468632,0,none
2024-08-27 06:00:00,15.362138063423508,43.417479919138344,1016.1523077502028,0,none
2024-08-27 07:00:00,18.08834184825844,42.444143232848944,1012.9188151874317,0,none
2024-08-27 08:00:00,14.317372574127502,48.44850614216172,1012.2952676261033,0,none
2024-08-27 09:00:00,16.188990605883728,47.937092032407605,1015.9432503954501,0,none
2024-08-27 10:00:00,15.128957096170776,54.24294909960244,1012.4557264774246,0,none
2024-08-27 11:00:00,11.264809718034765,58.45155237864526,1014.377824665166,0,none
2024-08-27 12:00:00,11.747231220859891,55.681631158721274,1015.7059892525041,0,none
2024-08-27 13:00:00,10.609759525762954,57.05975469586485,1013.3351175365779,0,none
2024-08-27 14:00:00,9.74627765920415,63.249144735772205,1012.8429202267724,0,none
2024-08-27 15:00:00,8.765550186550348,69.25983315150206,1014.8573609338199,0,none
2024-08-27 16:00:00,7.672240825029447,72.99374394799652,1015.7217239085154,0,none
2024-08-27 17:00:00,5.135577984517606,75.41005734335295,1015.4134813293899,0,none
2024-08-27 18:00:00,5.703177660291476,75.43063512483863,1013.7280947596458,0,none
2024-08-27 19:00:00,6.576893695715747,72.46189790301968,1012.8238579517857,0,none
2024-08-27 20:00:00,,72.65740997792079,1014.0615477222087,1,null
2024-08-27 21:00:00,8.861255201488788,68.33049161784658,1010.1323602339484,0,none
2024-08-27 22:00:00,9.099285625224828,64.56959244443644,1012.6347218887046,0,none
2024-08-27 23:00:00,10.557770968320668,62.46865917343057,1009.9351900525227,0,none
2024-08-28 00:00:00,12.966776894329064,64.1545965643948,1011.8179345422308,0,none
2024-08-28 01:00:00,11.518572153805824,56.014103148932364,1014.6796426913976,0,none
2024-08-28 02:00:00,14.236554279014273,56.20079964994026,1013.5156862777648,0,none
2024-08-28 03:00:00,16.148659494937405,46.559991555374694,1013.0396500827306,0,none
2024-08-28 04:00:00,16.170690178144742,49.93361832375139,1012.5206423710196,0,none
2024-08-28 05:00:00,16.621228671893476,47.07177220775434,1014.8775298771053,0,none
2024-08-28 06:00:00,17.739257598350857,45.68616682135627,1013.3670558750422,0,none
2024-08-28 07:00:00,16.436071503830348,43.34968939420444,1014.2188899741068,0,none
2024-08-28 08:00:00,16.88756914299714,45.79563237694629,1015.5011074001022,0,none
2024-08-28 09:00:00,13.48084096099186,49.756610171214625,1010.017658635043,0,none
2024-08-28 10:00:00,13.369544136999188,48.33210324000884,1010.8275127437753,0,none
2024-08-28 11:00:00,13.779883728368088,54.68671553202817,1009.5265284573214,0,none
2024-08-28 12:00:00,11.10793707978273,63.61619203416735,1012.1796449987444,0,none
2024-08-28 13:00:00,10.787721313396903,61.98386717184339,1016.8947463287377,0,none
2024-08-28 14:00:00,7.92826739410301,67.86253179801488,1009.2124298489883,0,none
2024-08-28 15:00:00,-14.175890483792752,68.16200987626404,1011.3869055538382,1,spike
2024-08-28 16:00:00,7.488704431599476,79.05514918041882,1011.8558143635884,0,none
2024-08-28 17:00:00,5.895867896489374,75.880545043691,1012.4442485776906,0,none
2024-08-28 18:00:00,6.62214302248077,78.17397408520515,1014.4465434141622,0,none
2024-08-28 19:00:00,5.601593514729044,76.23620548079725,1011.9778606205125,0,none
2024-08-28 20:00:00,6.722435035437242,71.42968721181936,1017.0926579794408,0,none
2024-08-28 21:00:00,8.282439673346804,69.2759168067042,1013.203719482284,0,none
2024-08-28 22:00:00,9.630977793319788,67.01146728560629,1014.3985407675063,0,none
2024-08-28 23:00:00,11.905845051469903,65.8503024651899,1011.845695370597,0,none
2024-08-29 00:00:00,12.359577162408048,63.3808192120197,1012.8771640613313,0,none
2024-08-29 01:00:00,12.813113091975906,56.86613110552171,1007.4320246641429,0,none
2024-08-29 02:00:00,14.874125460644617,52.789526413152494,1012.072581869075,0,none
2024-08-29 03:00:00,16.234116485603842,48.235702422745604,1016.6768903937659,0,none
2024-08-29 04:00:00,15.514363368664275,47.23496337528823,1014.956018987333,0,none
2024-08-29 05:00:00,15.619951685823976,47.05799941550756,1011.0775026492287,0,none
2024-08-29 06:00:00,16.243521800103636,41.397746655055805,1009.6762944983645,0,none
2024-08-29 07:00:00,14.956235630379481,47.9688386631005,1014.0166064360193,0,none
2024-08-29 08:00:00,14.499058176456872,55.75406207433043,1014.2668906382427,0,none
2024-08-29 09:00:00,16.165626307429697,48.665016191708915,1013.9419102749931,0,none
2024-08-29 10:00:00,15.142701998988763,52.56164527584239,1012.5109097417629,0,none
2024-08-29 11:00:00,12.07400916807728,60.08046471917299,1013.6799360285054,0,none
2024-08-29 12:00:00,11.061799047557054,62.197486530389675,1013.1553529081862,0,none
2024-08-29 13:00:00,12.689560506153999,62.59805270162787,1012.2945854282682,0,none
2024-08-29 14:00:00,8.52313175240842,68.20947807402844,1012.3116732467463,0,none
2024-08-29 15:00:00,8.435356005847673,69.13000817414672,1015.4172955523613,0,none
2024-08-29 16:00:00,5.227948776498714,76.45131354330117,1010.6035242089475,0,none
2024-08-29 17:00:00,6.164024959713493,73.80914344533002,1017.1544592653468,0,none
2024-08-29 18:00:00,6.271252299441783,71.36886071387754,1012.9558509475407,0,none
2024-08-29 19:00:00,6.967459139078469,75.2803811104207,1011.9407581528591,0,none
2024-08-29 20:00:00,7.285129230782328,74.10672884563718,1010.1899228127071,0,none
2024-08-29 21:00:00,6.688880161561186,70.67464426129187,1015.867461443682,0,none
2024-08-29 22:00:00,8.240819272151636,65.73977429902278,1014.0318749478796,0,none
2024-08-29 23:00:00,10.55922653952124,63.56719115695754,1014.1227083499922,1,drift
2024-08-30 00:00:00,8.880918244831953,61.18447039440092,1016.292743047955,1,drift
2024-08-30 01:00:00,11.869879521638094,53.48218173165168,1012.901340093654,1,drift
2024-08-30 02:00:00,14.128037013225939,55.58656378742303,1012.2701661571178,1,drift
2024-08-30 03:00:00,12.20667936083799,50.590963594131296,1014.5552284898704,1,drift
2024-08-30 04:00:00,16.12338718886131,50.01892260658739,1016.6649400011189,1,drift
2024-08-30 05:00:00,14.952845855321568,46.95329797765767,1012.7091727110934,1,drift
2024-08-30 06:00:00,15.278074613475797,44.82983505092428,1013.4441241204162,1,drift
2024-08-30 07:00:00,15.693106314610935,48.07732870846398,1015.7919997728412,1,drift
2024-08-30 08:00:00,15.334403410714017,48.13178937822254,1014.4018261164086,1,drift
2024-08-30 09:00:00,14.754318268959192,50.568159524094824,1018.8802315595395,1,drift
2024-08-30 10:00:00,12.061886575254565,46.98279761258483,1014.9509561133507,1,drift
2024-08-30 11:00:00,12.730898999251393,57.48710665366224,1021.3153427860464,1,drift
2024-08-30 12:00:00,10.50424436724852,60.77228206833574,1018.5350657881689,1,drift
2024-08-30 13:00:00,11.41657085923918,70.32951882744655,1020.879181973798,1,drift
2024-08-30 14:00:00,8.204731332091562,65.26415492202231,1023.8983430784407,1,drift
2024-08-30 15:00:00,5.988242418145559,69.14603751851507,1018.3313719573409,1,drift
2024-08-30 16:00:00,6.0592803820169365,69.45123835725754,1022.4395034610603,1,drift
2024-08-30 17:00:00,4.759439524611766,73.48625836664856,1021.6850971242669,1,drift
2024-08-30 18:00:00,5.537172196510882,72.50361680689585,1021.5599339681321,1,drift
2024-08-30 19:00:00,6.535033243697669,78.22061288756244,1024.177506965138,1,drift
2024-08-30 20:00:00,6.943457741752313,71.00581408178203,1026.0405001464142,1,drift
2024-08-30 21:00:00,8.364044503267753,71.62486862803446,1021.7204172420215,1,drift
2024-08-30 22:00:00,9.519182613684253,63.841966331455374,1024.3017355101301,1,drift
2024-08-30 23:00:00,11.170194767566546,58.271518340212225,1014.2356382816727,0,none
2024-08-31 00:00:00,9.813755201537726,61.79392205334033,1013.7125917875825,0,none
2024-08-31 01:00:00,11.844352207031566,59.34950888912347,1012.9604287198822,0,none
2024-08-31 02:00:00,13.647454328652612,52.923065271617816,1011.351039933982,0,none
2024-08-31 03:00:00,15.068614539045589,49.94107556714687,1011.677658703471,0,none
2024-08-31 04:00:00,15.435024516334684,48.5779803558068,1017.496710179369,0,none
2024-08-31 05:00:00,15.258445379111196,47.203292000815985,1012.9609529893071,0,none
2024-08-31 06:00:00,15.245647964490525,45.33103995171808,1011.7029553430119,0,none
2024-08-31 07:00:00,16.009100084521453,48.829683375505496,1012.6095163317481,0,none
2024-08-31 08:00:00,16.646840996594854,50.45847290414404,1012.2746482416394,0,none
2024-08-31 09:00:00,12.888853599762886,55.401875731499075,1011.9390041155082,0,none
2024-08-31 10:00:00,12.354693502943455,53.95149560567296,1011.2099949370638,0,none
2024-08-31 11:00:00,12.882258359335939,57.122736362759625,1013.9176473925762,0,none
2024-08-31 12:00:00,11.051102974470849,61.51861018061257,1012.2835872426185,0,none
2024-08-31 13:00:00,9.474947184390972,64.27142309525371,1014.9215527485945,0,none
2024-08-31 14:00:00,9.423991393695182,62.87210045355395,1013.8668761230604,0,none
2024-08-31 15:00:00,8.428207149194327,71.41635563681821,1010.5306378146938,0,none
2024-08-31 16:00:00,7.372745612878397,76.3090263640829,1013.848183130648,0,none
2024-08-31 17:00:00,5.669824148830971,73.96655966888854,1009.5760960643187,0,none
2024-08-31 18:00:00,6.525656365697001,71.70950360494871,1015.3355670318988,1,drift
2024-08-31 19:00:00,5.2779610032782,78.25852944990116,1014.5284105843406,1,drift
2024-08-31 20:00:00,7.446703568351006,80.57113625405637,1014.2437469606475,1,drift
2024-08-31 21:00:00,6.79715254395666,73.03842732506997,1012.2457253032076,1,drift
2024-08-31 22:00:00,8.17821707804939,64.59951345160017,1011.0416512469063,1,drift
2024-08-31 23:00:00,10.399273488353726,62.78298981823622,1015.7337068939374,1,drift
2024-09-01 00:00:00,11.650961260129892,59.00419552215238,1016.6697279366688,1,drift
2024-09-01 01:00:00,14.09623895936108,53.46410904143586,1016.6339832538262,1,drift
2024-09-01 02:00:00,12.08139271511718,49.485272322079936,1018.7873084966768,1,drift
2024-09-01 03:00:00,14.005354787414692,44.45284272133068,1018.6306136473868,1,drift
2024-09-01 04:00:00,14.805825060320938,39.785345444513254,1015.2182596565084,1,drift
2024-09-01 05:00:00,15.63078741515016,48.99133575394708,1015.9559165309905,1,drift
2024-09-01 06:00:00,17.78428018386628,44.200323609302636,1017.9790686285121,1,drift
2024-09-01 07:00:00,15.349365729432094,44.41321723336777,1017.2714860993376,1,drift
2024-09-01 08:00:00,16.726286051812533,47.76708520615253,1021.6284131078163,1,drift
2024-09-01 09:00:00,13.718885186963272,56.936382440115345,1022.9035621297892,1,drift
2024-09-01 10:00:00,13.679778781185233,50.73944193845298,1021.853621127699,1,drift
2024-09-01 11:00:00,12.313786601385184,54.10747228169862,1020.8637390287972,1,drift
2024-09-01 12:00:00,8.977662579229012,56.10560974194383,1023.6937609840417,1,drift
2024-09-01 13:00:00,10.273546310280103,64.82850549796886,1023.4347902802187,1,drift
2024-09-01 14:00:00,8.36732483106284,74.31456310999623,1023.3794353841306,1,drift
2024-09-01 15:00:00,8.392567227836402,68.71395181759877,1016.8828683617573,1,drift
2024-09-01 16:00:00,5.992081956799376,73.33256697669161,1023.201545253433,1,drift
2024-09-01 17:00:00,6.764742522335695,72.24556126347882,1027.2030893216588,1,drift
2024-09-01 18:00:00,6.334681913687103,74.24307249781452,1017.1827874729811,0,none
2024-09-01 19:00:00,4.631789556455162,70.21635738304431,1010.9375330453705,0,none
2024-09-01 20:00:00,7.401650900008603,72.137707022958,1013.8637056473266,0,none
2024-09-01 21:00:00,9.708512498877601,64.09657128881385,1010.7906748295734,0,none
2024-09-01 22:00:00,8.27213211511811,68.64257960123716,1011.1371119952582,0,none
2024-09-01 23:00:00,9.825581967921487,65.38611016981324,1015.3013130852127,0,none
2024-09-02 00:00:00,11.153287994441504,57.489039066434174,1013.598978876,0,none
2024-09-02 01:00:00,12.190695289295896,57.76834527660569,1009.8071665656843,0,none
2024-09-02 02:00:00,14.232398180053817,53.66248401000637,1012.3640507313107,0,none
2024-09-02 03:00:00,12.701429477009938,49.14877963130488,1016.5719243164585,0,none
2024-09-02 04:00:00,15.00934398258047,46.911472880060956,1010.289398786753,0,none
2024-09-02 05:00:00,17.58662064890032,42.77790522445594,1011.4291405613551,0,none
2024-09-02 06:00:00,15.345817365911714,47.74809711314936,1010.6371935484523,0,none
2024-09-02 07:00:00,16.53266106197573,52.592355253457356,1014.7109079134224,0,none
2024-09-02 08:00:00,15.07613820148779,48.872752311456956,1011.4786957610752,0,none
2024-09-02 09:00:00,14.360460419573227,54.14724633514914,1008.5908644023469,0,none
2024-09-02 10:00:00,14.7318194060953,49.22285990578855,1011.7702964477827,0,none
2024-09-02 11:00:00,12.309009312309005,56.44330628061689,1011.7374621146325,0,none
2024-09-02 12:00:00,9.515751653305248,55.818123484607064,1013.4059050741154,0,none
2024-09-02 13:00:00,10.665054540498483,63.106582475821064,1011.7932855473152,0,none
2024-09-02 14:00:00,,68.64404354546039,1013.2059830597931,1,null
2024-09-02 15:00:00,7.239103725940873,66.66677597364169,1014.1115601169134,0,none
2024-09-02 16:00:00,9.067193170821222,74.64872533424096,1017.8186525149712,0,none
2024-09-02 17:00:00,6.135246022959297,80.15313766545822,1013.0259082736314,0,none
2024-09-02 18:00:00,6.211493937031951,74.04391291762175,1009.2130597983388,0,none
2024-09-02 19:00:00,5.784901603302075,75.6178708375417,1017.7223068152213,0,none
2024-09-02 20:00:00,6.888779318364409,74.15005821396579,1011.4093957687655,0,none
2024-09-02 21:00:00,6.984097773764523,68.22519592909885,1009.4289560772281,0,none
2024-09-02 22:00:00,8.692594861143348,64.77353656152201,1012.0012205620911,0,none
2024-09-02 23:00:00,8.812643866965399,63.31518950199561,1011.0827946606438,0,none
2024-09-03 00:00:00,12.291412978215948,57.14753928326631,1010.7865965435773,0,none
2024-09-03 01:00:00,13.612967784834334,56.49205742627939,1012.5587319422372,0,none
2024-09-03 02:00:00,13.158287988816465,53.3425928349896,1014.3001839054225,0,none
2024-09-03 03:00:00,13.654983481147283,50.72243456639832,1011.8793230172155,0,none
2024-09-03 04:00:00,15.618800408014614,47.16586541317343,1013.0204073721902,0,none
2024-09-03 05:00:00,15.264136141807986,45.661373887555015,1014.5176746013104,0,none
2024-09-03 06:00:00,15.760621734366223,38.287937217754745,1012.5589613466208,0,none
2024-09-03 07:00:00,13.948064834492829,42.593878107909404,1011.1771035828278,0,none
2024-09-03 08:00:00,14.242134338508912,46.1749414731264,1013.021560142866,0,none
2024-09-03 09:00:00,14.598266390161047,51.39748645360432,1014.6168944970951,0,none
2024-09-03 10:00:00,12.697948157307541,47.80756164963297,1015.4709050998016,0,none
2024-09-03 11:00:00,11.579644543102784,60.66314915231729,1011.3397736589724,0,none
2024-09-03 12:00:00,14.544708812754253,59.818405901301105,1013.0973678871381,0,none
2024-09-03 13:00:00,9.866830186596069,63.73697015763285,1012.4532831763668,0,none
2024-09-03 14:00:00,7.765259056995765,61.64107383362118,1017.235918465887,0,none
2024-09-03 15:00:00,5.157774884020083,68.59289779397902,1013.4106833101553,0,none
2024-09-03 16:00:00,6.091443205062238,75.43800833825102,1016.0913157407625,0,none
2024-09-03 17:00:00,4.591256172076196,78.46562646228307,1014.0367041989052,0,none
2024-09-03 18:00:00,6.4768933120737096,77.97454546120454,1011.5412551100806,0,none
2024-09-03 19:00:00,5.604377504428713,71.8102614125187,1016.2232070621418,0,none
2024-09-03 20:00:00,7.641476539520481,72.83837154721178,1013.9347671376761,0,none
2024-09-03 21:00:00,7.362747615310131,70.30675802934762,1013.083254873871,0,none
2024-09-03 22:00:00,35.750590784401695,67.29696201582665,1011.4057809273611,1,spike
2024-09-03 23:00:00,9.070886541161087,65.24835415759865,1013.6512247650417,0,none
2024-09-04 00:00:00,12.775659657155098,63.69775036901887,1011.9616600701773,0,none
2024-09-04 01:00:00,11.852399740947606,54.52334863978941,1012.136381657933,0,none
2024-09-04 02:00:00,13.198106268340522,60.1593409257266,1014.48681489351,0,none
2024-09-04 03:00:00,12.71713946202332,53.58758958909747,1009.4033238649874,0,none
2024-09-04 04:00:00,14.497472182274912,40.23947187984695,1017.7643696948685,0,none
2024-09-04 05:00:00,15.283219819373418,42.609735423115616,1010.6009803928852,0,none
2024-09-04 06:00:00,16.756437260653176,43.25113375017631,1012.252264235928,0,none
2024-09-04 07:00:00,15.554109529978113,45.569279983979165,1013.2052514266973,0,none
2024-09-04 08:00:00,15.431220877210302,43.308841534522884,1015.5484222074351,0,none
2024-09-04 09:00:00,13.59209521298795,48.706310901000776,1014.3273872313431,0,none
2024-09-04 10:00:00,13.849202965609551,51.942276436886445,1013.3196219737491,0,none
2024-09-04 11:00:00,13.256031325886129,56.64736348010321,1008.6454286656519,0,none
2024-09-04 12:00:00,11.629961759382876,60.127943677416944,1009.9480873506302,1,freeze
2024-09-04 13:00:00,10.327913702083523,60.127943677416944,1012.2939293538177,1,freeze
2024-09-04 14:00:00,9.070631093977052,60.127943677416944,1014.3835134572411,1,freeze
2024-09-04 15:00:00,7.78254710111427,60.127943677416944,1013.8759792645241,1,freeze
2024-09-04 16:00:00,8.46220272096282,60.127943677416944,1012.7592270095907,1,freeze
2024-09-04 17:00:00,6.500000211861064,60.127943677416944,1016.0731243443229,1,freeze
2024-09-04 18:00:00,7.0725197598275455,75.79026854521045,1011.7149854919654,0,none
2024-09-04 19:00:00,6.1367682314084595,73.67632788747557,1015.1604883027612,0,none
2024-09-04 20:00:00,6.256043184751114,72.75434589511225,1010.5821422695614,0,none
2024-09-04 21:00:00,8.262216283229996,71.10882150821276,1014.407775802189,0,none
2024-09-04 22:00:00,7.922058465865606,65.91755765964125,1013.5563325926399,1,freeze
2024-09-04 23:00:00,9.573982281975653,65.91755765964125,1012.9305179950206,1,freeze
2024-09-05 00:00:00,10.519225790625137,65.91755765964125,1013.2686841581898,1,freeze
2024-09-05 01:00:00,10.730026861036105,65.91755765964125,1013.949634398285,1,freeze
2024-09-05 02:00:00,15.45318985336764,65.91755765964125,1014.6899422128134,1,freeze
2024-09-05 03:00:00,15.191715540580725,65.91755765964125,1011.3165252198377,1,freeze
2024-09-05 04:00:00,16.083363080844762,44.99079874352615,1014.519362386875,0,none
2024-09-05 05:00:00,16.62650488085462,47.30485983258619,1007.9702503484673,0,none
2024-09-05 06:00:00,12.972060289040867,41.58229344057632,1018.5674603093931,0,none
2024-09-05 07:00:00,14.63183237767097,44.9998026815761,1011.3630267157121,0,none
2024-09-05 08:00:00,14.747181931427686,42.417691668214445,1014.1183873632084,0,none
2024-09-05 09:00:00,14.812841141925809,49.00274937019206,1015.5825867575791,0,none
2024-09-05 10:00:00,14.237798513742492,56.801127385225875,1009.9614660709236,0,none
2024-09-05 11:00:00,11.690141859991341,57.663679554315266,1011.7772837804472,0,none
2024-09-05 12:00:00,11.323584808474534,57.35096893607665,1011.248387178608,0,none
2024-09-05 13:00:00,10.607042791829805,65.97415169592624,1011.7697831099903,0,none
2024-09-05 14:00:00,7.065915830312088,67.37105551813441,1011.6279101292832,0,none
2024-09-05 15:00:00,7.349775957440813,71.60061494820593,1010.4101439944028,0,none
2024-09-05 16:00:00,7.484848781811219,75.00568339661862,1009.721495899491,0,none
2024-09-05 17:00:00,5.322993333796648,73.31777247650717,1015.6308491243417,0,none
2024-09-05 18:00:00,5.187378448548821,78.90619940327288,1009.0305585212063,0,none
2024-09-05 19:00:00,5.384129108717037,76.41808298588622,1013.4739892083321,0,none
2024-09-05 20:00:00,7.346194201819403,71.87488661343576,1012.0239229515995,0,none
2024-09-05 21:00:00,6.9581855900208085,70.36347359714311,1010.4262776534117,0,none
2024-09-05 22:00:00,8.576923033391132,69.10516619821807,1011.7907859392747,0,none
2024-09-05 23:00:00,10.008213231376656,64.87217767163135,1011.192647874505,0,none
2024-09-06 00:00:00,10.030220497681917,63.37513576116651,1013.5097026480302,0,none
2024-09-06 01:00:00,12.686263324539738,53.58459022477564,1011.7251721860042,0,none
2024-09-06 02:00:00,14.50433115461667,59.51986976690804,1013.4128579908678,0,none
2024-09-06 03:00:00,14.620964894133724,43.61666969742645,1009.6180860001084,0,none
2024-09-06 04:00:00,15.607131138698026,50.25032632422845,1014.4889859388506,0,none
2024-09-06 05:00:00,14.533395305151403,46.42659326195587,1015.536090423609,0,none
2024-09-06 06:00:00,15.581095029259538,41.654711765034534,1013.1687495876943,0,none
2024-09-06 07:00:00,16.35714643199906,37.817341377793554,1014.3613613408536,0,none
2024-09-06 08:00:00,14.486833261240363,49.41517960996863,1014.6241986555134,0,none
2024-09-06 09:00:00,14.621335310175327,48.86324134340898,1013.7672318876337,0,none
2024-09-06 10:00:00,13.991474522569572,49.8606605568384,1011.0772687650081,0,none
2024-09-06 11:00:00,10.82260664077176,52.46310501653994,1012.1420938044602,0,none
2024-09-06 12:00:00,9.524891092257144,58.19686991512029,1015.482247984256,0,none
2024-09-06 13:00:00,9.588657526823749,66.95131781325915,1015.8098542917608,0,none
2024-09-06 14:00:00,8.327526513219535,65.24603261260354,1012.9739604399148,0,none
2024-09-06 15:00:00,7.399329989147222,71.33360688231973,1017.1231695950326,0,none
2024-09-06 16:00:00,6.676894697872722,69.65378516874748,1011.2805776625734,0,none
2024-09-06 17:00:00,5.163524288199102,73.7406854023376,1013.5737660687313,0,none
2024-09-06 18:00:00,5.297722736918594,79.27057617056096,1012.1991253890956,0,none
2024-09-06 19:00:00,5.8612279158355065,74.12163117258346,1011.1687344293176,0,none
2024-09-06 20:00:00,5.8794644407769345,71.81624850402761,1010.4046867351731,0,none
2024-09-06 21:00:00,7.277702663407781,74.00334297394322,1014.4783034967537,0,none
2024-09-06 22:00:00,8.041222538932644,63.103420109934206,1012.6220285101484,0,none
2024-09-06 23:00:00,9.960876226784032,61.1095154654413,1010.8754606029612,0,none
2024-09-07 00:00:00,10.855762517766317,59.73464046332339,1012.0140980244965,0,none
2024-09-07 01:00:00,11.073707650491382,58.08331547104119,1012.3945559658412,0,none
2024-09-07 02:00:00,13.845274832612052,49.32138489522208,1012.1423642569692,0,none
2024-09-07 03:00:00,16.223403088351773,48.27714874443946,1014.2579205209117,0,none
2024-09-07 04:00:00,16.775228782710577,44.59182236213549,1014.191333582098,0,none
2024-09-07 05:00:00,15.692415375730334,50.84378408999004,1011.6464808402036,0,none
2024-09-07 06:00:00,17.653444560468376,47.4149224110983,1008.3959401935832,0,none
2024-09-07 07:00:00,15.423442831811755,44.82786821483662,1013.3186628201101,0,none
2024-09-07 08:00:00,16.0300051982028,52.08967269624989,1013.209916901299,0,none
2024-09-07 09:00:00,15.15792765806931,49.78716618367706,1015.5684723538656,0,none
2024-09-07 10:00:00,12.127416294448746,53.988755339619445,1014.5323599349548,0,none
2024-09-07 11:00:00,11.767404771492647,58.47230546448682,1013.0955066621259,0,none
2024-09-07 12:00:00,10.374275145583203,61.510591537593484,1017.7139459598491,0,none
2024-09-07 13:00:00,8.249444155166579,64.73503549321836,1011.9455652196962,0,none
2024-09-07 14:00:00,7.928200825364875,69.60408359843309,1016.7396573546802,0,none
2024-09-07 15:00:00,8.120825262933154,72.82318142948729,1011.8243750014962,0,none
2024-09-07 16:00:00,5.71673781841628,70.4264455164827,1012.9402543995216,0,none
2024-09-07 17:00:00,6.246435681010852,74.51541258881872,1010.5685274558023,0,none
2024-09-07 18:00:00,6.6794072717144495,74.0521532151287,1011.55816317836,0,none
2024-09-07 19:00:00,5.6081672477478,75.99563784921257,1012.6776800949204,0,none
2024-09-07 20:00:00,6.058479153888526,67.60172646302165,1013.7767411292103,0,none
2024-09-07 21:00:00,6.181716491727244,65.10827739611842,1013.308615146481,0,none
2024-09-07 22:00:00,6.7165640617235685,66.49135721330211,1018.3060939073905,0,none
2024-09-07 23:00:00,8.22048971378659,63.04114198890771,1016.2553391970306,0,none
2024-09-08 00:00:00,10.3700547757365,57.46698029586399,1014.0697622664022,0,none
2024-09-08 01:00:00,12.040887518555733,57.11295976678132,1012.5664499051271,0,none
2024-09-08 02:00:00,12.08829543787331,52.935838342500965,1012.4708454395775,0,none
2024-09-08 03:00:00,14.777370421331476,48.68235059392149,1011.6446900972927,0,none
2024-09-08 04:00:00,14.79802676616458,45.016462736476825,1015.230979943841,0,none
2024-09-08 05:00:00,16.035716396112402,48.65179962889003,1015.9234933684914,0,none
2024-09-08 06:00:00,15.247381749895414,48.54679193588972,1010.3740481314846,0,none
2024-09-08 07:00:00,14.010873723401785,53.022997987498016,1014.2928156784224,0,none
2024-09-08 08:00:00,13.508860608137793,47.53723766129708,1014.0742008694966,0,none
2024-09-08 09:00:00,14.903373333670363,50.46790942534518,1014.8415095661754,0,none
2024-09-08 10:00:00,13.613622059633483,49.256345052580286,1014.3018355415115,0,none
2024-09-08 11:00:00,10.991352717541254,58.48726659193653,1012.9064719244993,0,none
2024-09-08 12:00:00,10.000845652106559,61.28791568520507,1013.628108575433,0,none
2024-09-08 13:00:00,9.270855342184825,61.6706162103831,1013.1890095021317,0,none
2024-09-08 14:00:00,9.686918073267664,64.74543967776724,1009.3783474451266,0,none
2024-09-08 15:00:00,8.097049404466713,70.52511194070337,1011.7781774106985,0,none
2024-09-08 16:00:00,33.96534578443758,67.7349437430011,1011.5805388522605,1,spike
2024-09-08 17:00:00,4.2771003597133115,70.82108375741079,1013.4570995532413,0,none
2024-09-08 18:00:00,7.5420234913297115,78.26578378552509,1015.9712963655155,0,none
2024-09-08 19:00:00,6.035846831284152,74.72771906552752,1013.5565638452913,0,none
2024-09-08 20:00:00,6.27566448287413,75.01653773131297,1013.9159036555984,0,none
2024-09-08 21:00:00,6.8887651936327625,69.17805198999402,1010.861611294726,0,none
2024-09-08 22:00:00,9.490336358779377,67.10793316444187,1013.3526053804378,0,none
2024-09-08 23:00:00,9.388521651731969,59.11207433262124,1009.9461252391824,0,none
2024-09-09 00:00:00,9.737226831831451,66.10209049854548,1012.003658181189,0,none
2024-09-09 01:00:00,12.257157431445847,54.677784319110955,1013.2022165098198,0,none
2024-09-09 02:00:00,13.279670667258618,54.954412600565774,1014.5678486819143,0,none
2024-09-09 03:00:00,12.481475646003597,44.426215607503856,1013.0067470466108,0,none
2024-09-09 04:00:00,13.034608585345833,43.16057223502023,1013.1609004133423,0,none
2024-09-09 05:00:00,14.023327485800598,43.50405446459495,1012.1716511458801,0,none
2024-09-09 06:00:00,16.414976416604308,42.54818351509076,1013.7529803343751,0,none
2024-09-09 07:00:00,14.648585089150892,45.33457955681368,1014.5049266964335,0,none
2024-09-09 08:00:00,16.57379204156761,43.84797677641531,1011.8105298349718,0,none
2024-09-09 09:00:00,14.5416306676027,45.69417374676022,1010.0934674657267,0,none
2024-09-09 10:00:00,12.26335380865286,55.37793519985605,1012.165246981649,0,none
2024-09-09 11:00:00,11.919945008316684,58.543000330697325,1015.3852185425499,0,none
2024-09-09 12:00:00,11.182001036824804,63.2146106833129,1011.9139388817176,0,none
2024-09-09 13:00:00,11.271330342210177,64.40606878694659,1013.9764644950036,0,none
2024-09-09 14:00:00,6.585939270178143,67.25378639239531,1016.8466032594393,0,none
2024-09-09 15:00:00,7.9331760523962105,70.81672901773736,1011.1532729540544,0,none
2024-09-09 16:00:00,6.190506061911856,73.7780186961541,1012.7597134204266,0,none
2024-09-09 17:00:00,5.781073715951069,75.70666979009599,1016.2052804130587,0,none
2024-09-09 18:00:00,,73.28948949136301,1010.9945061014677,1,null
2024-09-09 19:00:00,6.510541000592273,78.88983314988994,1013.8179722439853,0,none
2024-09-09 20:00:00,6.080914426697011,76.52889976043416,1012.103731543132,0,none
2024-09-09 21:00:00,6.822645345389823,69.89023400883163,1011.5006249731198,0,none
2024-09-09 22:00:00,7.193353717556618,69.6809124064793,1011.5806696985202,0,none
2024-09-09 23:00:00,9.926167423890004,69.00183872152283,1012.7383273826339,0,none
2024-09-10 00:00:00,9.407579986703256,62.68911859143892,1013.2954566483637,0,none
2024-09-10 01:00:00,11.622420732645951,51.85019568930736,1012.7820454995948,0,none
2024-09-10 02:00:00,12.233898723050114,54.438942848225395,1014.9101817382897,0,none
2024-09-10 03:00:00,14.51599351450771,43.463000377421686,1014.3703323930081,0,none
2024-09-10 04:00:00,16.476141824406874,44.00184284515846,1014.4678507180896,0,none
2024-09-10 05:00:00,14.953672415974014,44.46422764111716,1012.5056023467876,0,none
2024-09-10 06:00:00,14.953774337658832,38.80464135361005,1011.4445146930867,0,none
2024-09-10 07:00:00,17.35550138194109,48.36564183059029,1012.4633570095509,0,none
2024-09-10 08:00:00,15.616517261574206,47.579837457466645,1012.45722016179,0,none
2024-09-10 09:00:00,14.870622952178625,51.31721951957272,1014.3328648541608,0,none
2024-09-10 10:00:00,12.99048226455969,50.19327591779704,1014.8785126818577,0,none
2024-09-10 11:00:00,11.382520748721575,55.69859716404738,1013.1629075031308,0,none
2024-09-10 12:00:00,9.527595247710313,53.465811767539826,1014.8770528079729,0,none
2024-09-10 13:00:00,9.058887075926844,62.086489271990466,1013.2753643378763,0,none
2024-09-10 14:00:00,8.215938611935053,69.42980331087466,1012.632356448808,0,none
2024-09-10 15:00:00,6.799297382019405,70.6985470896166,1011.8988231209024,0,none
2024-09-10 16:00:00,5.033882973503696,77.32616532169284,1012.3334874733778,0,none
2024-09-10 17:00:00,5.58343107123352,73.71914806071926,1012.2845138193496,0,none
2024-09-10 18:00:00,5.452143519860525,75.32261149237196,1015.2305689894383,0,none
2024-09-10 19:00:00,5.61675716697597,76.36839781660066,1013.2842119119898,0,none
2024-09-10 20:00:00,5.5442082480385695,71.42099801630964,1016.2514822093118,0,none
2024-09-10 21:00:00,28.245212825067583,69.25602092970077,1009.5086279735318,1,spike
2024-09-10 22:00:00,9.334399940404253,61.56750126369995,1009.9415907368059,0,none
2024-09-10 23:00:00,8.989638906780312,72.98294307741111,1016.5933534631189,0,none
2024-09-11 00:00:00,10.763379783479417,56.98691609877816,1013.8740380132688,0,none
2024-09-11 01:00:00,11.454903139257057,56.18384469018014,1009.1259276988635,0,none
2024-09-11 02:00:00,13.392067337561013,53.37506760012306,1012.9804096242503,0,none
2024-09-11 03:00:00,14.010612881394126,46.87211348202835,1012.9232749933221,0,none
2024-09-11 04:00:00,14.474044366306002,46.01015435960021,1015.867413373268,0,none
2024-09-11 05:00:00,14.218268714486268,49.11277222256815,1012.1638472567629,0,none
2024-09-11 06:00:00,14.486422137464317,40.98787783837471,1011.9269597921125,0,none
2024-09-11 07:00:00,14.799255459164199,53.30468587922888,1015.3502499791731,0,none
2024-09-11 08:00:00,13.435916722077579,52.743488170059734,1012.1881781771128,0,none
2024-09-11 09:00:00,14.158683150182716,51.49116719671093,1014.7703695835812,0,none
2024-09-11 10:00:00,14.070811638170888,50.06571480131571,1013.4614433090675,0,none
2024-09-11 11:00:00,11.652195108690224,57.37344325309004,1009.7894381267367,0,none
2024-09-11 12:00:00,11.519086391277721,60.67665232730004,1012.191804219123,0,none
2024-09-11 13:00:00,8.59518310194656,60.28390507071704,1013.5818466673041,1,freeze
2024-09-11 14:00:00,9.602800384449386,60.28390507071704,1011.051463591583,1,freeze
2024-09-11 15:00:00,6.98413949756536,60.28390507071704,1011.0646449238533,1,freeze
2024-09-11 16:00:00,5.892807658397635,60.28390507071704,1012.4720281429485,1,freeze
2024-09-11 17:00:00,5.425122303563155,60.28390507071704,1012.6804156256948,1,freeze
2024-09-11 18:00:00,8.4815651477386,60.28390507071704,1011.8498706192751,1,freeze
2024-09-11 19:00:00,5.766117364658165,76.83398252242978,1011.286046585195,0,none
2024-09-11 20:00:00,7.21939456494645,73.29003647751493,1013.819951752147,0,none
2024-09-11 21:00:00,4.787200980310722,67.02657146112368,1010.505179829616,0,none
2024-09-11 22:00:00,9.398324301192407,68.94471081928086,1014.0210438690359,0,none
2024-09-11 23:00:00,7.715754813213904,60.633912134243786,1011.7684457697388,0,none
2024-09-12 00:00:00,10.166658084703744,61.13856611519858,1009.7657588914861,0,none
2024-09-12 01:00:00,11.53931025524798,56.23405919047311,1015.594142537203,0,none
2024-09-12 02:00:00,11.659674628087485,46.21208924866071,1012.7117891073905,0,none
2024-09-12 03:00:00,15.461929678497004,46.83511848395264,1014.5099382496657,0,none
2024-09-12 04:00:00,14.327331409666382,50.699879140040316,1011.5125740606444,0,none
2024-09-12 05:00:00,14.438676551081214,48.157482385521114,1014.5567089298609,0,none
2024-09-12 06:00:00,15.843394834697653,43.71123291453296,1012.591633360201,0,none
2024-09-12 07:00:00,14.582788232480992,47.76079205944177,1010.3091223730669,0,none
2024-09-12 08:00:00,14.071005186646822,44.80887955434242,1015.0412790251006,0,none
2024-09-12 09:00:00,13.222135212867268,43.550690330451744,1010.2962903441036,0,none
2024-09-12 10:00:00,13.729789678517434,51.93737981185294,1013.9932536121286,0,none
2024-09-12 11:00:00,12.95260693080174,64.16892579125083,1011.4312518122862,0,none
2024-09-12 12:00:00,10.122163693780085,60.31321895891685,1008.5371554903434,0,none
2024-09-12 13:00:00,8.2554261467834,66.61677628950589,1010.4732152278219,0,none
2024-09-12 14:00:00,10.449796741220625,69.30499904495821,1012.5006756008472,0,none
2024-09-12 15:00:00,7.216110010447069,72.71350501268174,1013.2072630750839,0,none
2024-09-12 16:00:00,6.558960912384512,69.6565509742712,1015.985903700639,0,none
2024-09-12 17:00:00,5.544931818598845,78.19621786387026,1014.9646492734762,0,none
2024-09-12 18:00:00,7.06955140955758,79.49657749469475,1016.664729560673,0,none
2024-09-12 19:00:00,4.718763240188953,72.03168527095883,1014.9859793696064,0,none
2024-09-12 20:00:00,7.208829725593873,74.36004933832011,1013.2253276138147,0,none
2024-09-12 21:00:00,6.181932465189859,68.66455595437701,1013.9719918431311,0,none
2024-09-12 22:00:00,,67.28808340892935,1013.9075531246319,1,null
2024-09-12 23:00:00,9.469092833990077,67.58552704969883,1011.6852315348893,0,none
2024-09-13 00:00:00,9.890591484032525,63.39249945649821,1014.3298194356054,0,none
2024-09-13 01:00:00,10.84560982322542,55.793328510195934,1012.2347175218761,0,none
2024-09-13 02:00:00,10.51815922815701,53.30576823955815,1014.1775187562396,0,none
2024-09-13 03:00:00,13.054180026880719,51.444464142196125,1010.9517950509539,0,none
2024-09-13 04:00:00,14.682605620553922,46.67812295340815,1011.7789696707696,0,none
2024-09-13 05:00:00,15.783825857116845,43.98298672145384,1011.1658071005281,1,drift
2024-09-13 06:00:00,14.649457411329223,44.533965023787374,1016.3272904019265,1,drift
2024-09-13 07:00:00,14.91240218529989,43.834428273815575,1014.0729446757861,1,drift
2024-09-13 08:00:00,16.516057850527197,49.13787659200955,1020.1771082713051,1,drift
2024-09-13 09:00:00,13.081822280996533,52.08282694339638,1016.3133688200932,1,drift
2024-09-13 10:00:00,14.316634114348757,57.497465105028404,1018.8786152825772,1,drift
2024-09-13 11:00:00,12.32536754650408,53.13787087642858,1023.230719303949,1,drift
2024-09-13 12:00:00,8.677736280470182,63.94596358561158,1014.8473736444979,1,drift
2024-09-13 13:00:00,10.180841086032757,67.42414378261626,1018.4209051656412,1,drift
2024-09-13 14:00:00,9.761775220019082,66.83420908620133,1017.7021797599324,1,drift
2024-09-13 15:00:00,8.736339128683253,73.51796701537184,1019.6044304096479,1,drift
2024-09-13 16:00:00,5.22342204835246,74.96774112152093,1017.5340457305794,1,drift
2024-09-13 17:00:00,6.918247777297739,74.02259718532932,1016.1086641806326,1,drift
2024-09-13 18:00:00,3.485459091854315,75.17158048550054,1020.7757425132247,1,drift
2024-09-13 19:00:00,5.605028279530077,76.70233973382425,1018.479216500677,1,drift
2024-09-13 20:00:00,7.4397394901235545,74.30419230737469,1020.628255651495,1,drift
2024-09-13 21:00:00,9.348770928573764,75.76365131841433,1017.2469808178828,1,drift
2024-09-13 22:00:00,9.535298484738245,58.966761412779036,1022.2231523791588,1,drift
2024-09-13 23:00:00,11.729193751475824,68.26501674353007,1021.3946889560282,1,drift
2024-09-14 00:00:00,10.803399299947955,60.3938911261303,1019.2859267349371,1,drift
2024-09-14 01:00:00,12.229684284788977,57.736463930192606,1021.2426799572195,1,drift
2024-09-14 02:00:00,13.2858682195511,52.378039571717686,1021.5226948358463,1,drift
2024-09-14 03:00:00,13.765349951759756,49.09894479508102,1025.1771160632723,1,drift
2024-09-14 04:00:00,13.503955327286512,45.06680957987208,1024.3935840306463,1,drift
2024-09-14 05:00:00,13.596273363424041,47.418540611450595,1013.3568367585005,0,none
2024-09-14 06:00:00,15.353878362257538,45.108108276774736,1014.4970998008755,0,none
2024-09-14 07:00:00,16.29151311275918,47.03243918036209,1011.7793695310978,0,none
2024-09-14 08:00:00,15.550838750239414,44.364654697051506,1013.6766537125036,1,freeze
2024-09-14 09:00:00,12.794732134248303,44.364654697051506,1011.6728059207572,1,freeze
2024-09-14 10:00:00,13.043995571955225,44.364654697051506,1013.055494493881,1,freeze
2024-09-14 11:00:00,10.933465002976096,44.364654697051506,1012.1873826747681,1,freeze
2024-09-14 12:00:00,10.155328973448242,44.364654697051506,1014.9636387401428,1,freeze
2024-09-14 13:00:00,9.454539144374841,44.364654697051506,1011.6715608795516,1,freeze
2024-09-14 14:00:00,6.927069592502129,67.66801397628187,1014.2665124123448,0,none
2024-09-14 15:00:00,7.710811103375685,71.7011065209357,1017.0951224595617,0,none
2024-09-14 16:00:00,5.416400604109915,66.77971025115828,1012.9103834521584,0,none
2024-09-14 17:00:00,6.2305993177001175,73.37909349784718,1014.0144391029955,0,none
2024-09-14 18:00:00,7.277270264069806,70.18217750079747,1011.2556832158878,0,none
2024-09-14 19:00:00,5.754336639722745,76.641063941666,1010.5791583201246,0,none
2024-09-14 20:00:00,5.9245898461855155,68.51292996834411,1013.6366291538839,0,none
2024-09-14 21:00:00,5.674961892377768,69.5589174796478,1015.2391525079347,0,none
2024-09-14 22:00:00,6.676290527235776,60.18013097941609,1015.058625268778,0,none
2024-09-14 23:00:00,8.82515035734892,60.77138495438086,1014.8250120178626,0,none
2024-09-15 00:00:00,10.271808814908555,62.41174571202712,1012.103560610095,0,none
2024-09-15 01:00:00,12.851300856806771,60.758046933412054,1011.2723613512051,0,none
2024-09-15 02:00:00,13.652663500636505,52.091052238487336,1010.9957728267593,0,none
2024-09-15 03:00:00,13.859197695745406,46.679591598679224,1010.3077246619381,0,none
2024-09-15 04:00:00,15.276238509403322,44.59158229268076,1013.9864620397611,0,none
2024-09-15 05:00:00,16.99643872419548,43.893132403899855,1012.7676035697192,0,none
2024-09-15 06:00:00,16.00783299820427,46.560750203681636,1013.1207524403394,0,none
2024-09-15 07:00:00,14.05530885067262,40.225363966705196,1012.9197409873769,0,none
2024-09-15 08:00:00,14.726124801482609,49.592007452545104,1012.8081956663794,0,none
2024-09-15 09:00:00,12.264410013396711,44.88840687210963,1017.7948569431584,0,none
2024-09-15 10:00:00,13.25385144833616,45.08921682168627,1011.5876816457544,0,none
2024-09-15 11:00:00,10.804000219332398,54.357075835010875,1014.2771276189252,0,none
2024-09-15 12:00:00,10.739235995836745,59.96252152155476,1011.2228660697792,0,none
2024-09-15 13:00:00,,60.775991129534276,1012.6857667816214,1,null
2024-09-15 14:00:00,,66.0154472903056,1013.854078706502,1,null
2024-09-15 15:00:00,6.483942601320423,70.10548584266567,1013.1814811306482,0,none
2024-09-15 16:00:00,5.168556426365109,69.0517626225712,1015.3490784139334,0,none
2024-09-15 17:00:00,6.608766407148738,75.04759019095403,1013.1004744361169,0,none
2024-09-15 18:00:00,5.825247711174872,75.07378687428638,1015.3433119849662,0,none
2024-09-15 19:00:00,4.476908828389981,79.0858886142174,1011.2630394985729,0,none
2024-09-15 20:00:00,4.7329698936408775,74.15628074871893,1015.7070378257946,0,none
2024-09-15 21:00:00,5.800385946879105,63.610082605161935,1014.2692397366828,0,none
2024-09-15 22:00:00,9.28732534667578,66.6963632890719,1013.3115520810712,0,none
2024-09-15 23:00:00,8.358703143600845,63.085693145765774,1010.6481917303119,0,none
2024-09-16 00:00:00,9.714418752837956,62.10449848422405,1010.4528574629933,0,none
2024-09-16 01:00:00,11.624580552901177,55.97012595060421,1014.7038165988895,0,none
2024-09-16 02:00:00,12.984164456218654,43.95248176351853,1015.0338367111814,0,none
2024-09-16 03:00:00,13.384583504128901,50.74112203205302,1009.1289040692038,0,none
2024-09-16 04:00:00,15.152353300653967,45.33775403906745,1012.0911892952868,0,none
2024-09-16 05:00:00,14.80527041244852,46.033042704421334,1012.5847941769366,0,none
2024-09-16 06:00:00,14.123803485696204,46.042910848588754,1012.8451994407683,0,none
2024-09-16 07:00:00,14.849337121289208,45.089866275932245,1013.2563535094575,0,none
2024-09-16 08:00:00,13.90230014631395,41.92943136970295,1008.0536648264435,0,none
2024-09-16 09:00:00,14.288595548657433,45.66579133431537,1011.9188327732253,0,none
2024-09-16 10:00:00,12.941594840693801,51.64724809971322,1013.2029705538323,0,none
2024-09-16 11:00:00,13.428590088311086,54.26917409393387,1013.6858194929457,0,none
2024-09-16 12:00:00,10.050191748581204,64.22958262165797,1013.4894126809327,0,none
2024-09-16 13:00:00,9.489742196835198,58.31354028588377,1015.418449079367,0,none
2024-09-16 14:00:00,7.9282181086417305,72.95821540594319,1013.6516085605817,0,none
2024-09-16 15:00:00,7.361587415722623,71.23675310371408,1011.977393697649,0,none
2024-09-16 16:00:00,5.272706871855551,74.64972091659912,1011.1850691184789,0,none
2024-09-16 17:00:00,4.48956007477045,78.26693482219088,1010.0733457569312,0,none
2024-09-16 18:00:00,4.596144699504911,76.90400089045514,1010.8915403630724,0,none
2024-09-16 19:00:00,5.072230697158634,66.523052103293,1013.1468319263857,0,none
2024-09-16 20:00:00,6.5226942839962305,74.15846289280637,1014.3906212108793,0,none
2024-09-16 21:00:00,5.333633825312678,68.3358144955768,1014.9592338109129,0,none
2024-09-16 22:00:00,7.989509118042733,63.16709116745168,1012.5288593694954,0,none
2024-09-16 23:00:00,9.447525520638004,63.734429390384314,1014.2599306446425,0,none
2024-09-17 00:00:00,10.663432935571057,61.44834254795154,1014.6317419832184,0,none
2024-09-17 01:00:00,11.267757355415618,55.08575828743161,1012.5403281857153,0,none
2024-09-17 02:00:00,12.069714099779675,52.37839736458903,1015.4297876546839,0,none
2024-09-17 03:00:00,12.993763337861948,49.84966091470903,1012.786593889928,0,none
2024-09-17 04:00:00,15.703269652405547,47.76734581979359,1015.7142967661023,0,none
2024-09-17 05:00:00,15.338742746823739,44.79134406621286,1013.9589349196576,0,none
2024-09-17 06:00:00,13.95695412220146,50.310906981205264,1010.594515347294,0,none
2024-09-17 07:00:00,15.425835396984965,42.83294622697622,1013.7942718460846,0,none
2024-09-17 08:00:00,13.546745774506716,44.82660099514113,1010.9746566574229,0,none
2024-09-17 09:00:00,13.68888469225542,46.320348316663114,1018.3422997637458,0,none
2024-09-17 10:00:00,13.22898136419299,52.898602125228166,1010.5319437999585,0,none
2024-09-17 11:00:00,12.444215758695883,49.93081877815693,1012.3703000622477,0,none
2024-09-17 12:00:00,10.34711282234661,61.25257609977349,1012.2044401857539,0,none
2024-09-17 13:00:00,11.060292881763205,66.1325274479148,1013.7143979574192,0,none
2024-09-17 14:00:00,6.8720805187176,66.52196347283304,1012.9244346998256,0,none
2024-09-17 15:00:00,5.925920169770471,69.10293429489316,1015.0848302497803,0,none
2024-09-17 16:00:00,3.7504091570623186,75.31063118563023,1014.7891117705561,0,none
2024-09-17 17:00:00,5.973123121670061,73.31449050067164,1012.5142864298944,0,none
2024-09-17 18:00:00,5.977453833797622,73.02461553127921,1011.442835449484,0,none
2024-09-17 19:00:00,5.0303523262159935,73.96453546309195,1013.1073808210341,0,none
2024-09-17 20:00:00,6.02098625917993,73.54014480031609,1010.7805308144475,0,none
2024-09-17 21:00:00,5.861606236111727,70.51595635567183,1014.3824831629748,0,none
2024-09-17 22:00:00,8.04261346329205,73.98062417238108,1012.6155231571869,0,none
2024-09-17 23:00:00,8.694612278737427,65.82708316969725,1011.968259005019,0,none
2024-09-18 00:00:00,9.638211553221733,62.45739657616249,1011.9556187285255,0,none
2024-09-18 01:00:00,11.999593957326613,57.739762527040476,1016.0435475379129,0,none
2024-09-18 02:00:00,11.695699206682429,50.704295177081335,1012.9940756845363,0,none
2024-09-18 03:00:00,14.854516869064254,45.45566674855589,1013.9016995896941,0,none
2024-09-18 04:00:00,13.880679745862725,40.39404209479324,1013.1467869328535,0,none
2024-09-18 05:00:00,15.426709826185036,43.64534251611105,1013.8756352587532,0,none
2024-09-18 06:00:00,13.785730910368056,44.9283638462262,1012.4167777339713,0,none
2024-09-18 07:00:00,14.923814322467964,43.45461842049561,1012.0195085882701,0,none
2024-09-18 08:00:00,14.074207821505311,48.149182575883984,1010.1153020920593,0,none
2024-09-18 09:00:00,14.301979154611404,46.145670417587155,1012.5227180154245,0,none
2024-09-18 10:00:00,10.958733101878906,57.57214169746092,1015.0028566134612,0,none
2024-09-18 11:00:00,11.17865743064348,58.48210540331439,1013.153476342187,0,none
2024-09-18 12:00:00,10.161713010063758,59.42433196036793,1011.3969960478022,0,none
2024-09-18 13:00:00,6.269369459076842,65.37198529629566,1010.7550726625691,0,none
2024-09-18 14:00:00,6.213272565849208,66.46917237248323,1006.4294328617462,0,none
2024-09-18 15:00:00,5.925565632005223,67.73765133613952,1013.7161003894505,0,none
2024-09-18 16:00:00,6.437143202692925,72.13778774185138,1014.8673027010061,0,none
2024-09-18 17:00:00,4.147111843469672,76.4754932610316,1011.2943360359101,0,none
2024-09-18 18:00:00,4.915842343944508,76.68056473478353,1011.9031559301153,0,none
2024-09-18 19:00:00,4.0159686289207865,75.21715753752503,1015.9030608949744,0,none
2024-09-18 20:00:00,6.456777648366717,72.17421365905692,1010.3863948658296,0,none
2024-09-18 21:00:00,6.889962308378983,70.26659194494817,1015.0444355579646,0,none
2024-09-18 22:00:00,8.242876508321881,64.2153573776726,1014.9528663611022,0,none
2024-09-18 23:00:00,7.759839338667001,70.8604294298808,1014.9006073722054,0,none
2024-09-19 00:00:00,10.60787532884926,61.24730607323103,1009.4205935763879,0,none
2024-09-19 01:00:00,11.42756000330063,55.98273657543457,1013.5738461792608,0,none
2024-09-19 02:00:00,11.284389441925237,52.51758545120325,1010.6884317588233,0,none
2024-09-19 03:00:00,12.813174769766697,48.438735972715754,1009.6496682465978,0,none
2024-09-19 04:00:00,14.692333574283264,48.46116794829209,1015.7735209470613,0,none
2024-09-19 05:00:00,14.194242927166727,47.616996512719005,1013.9884930427511,0,none
2024-09-19 06:00:00,15.419828928162792,45.91717238898542,1012.393955260822,0,none
2024-09-19 07:00:00,17.14677892955898,46.861924028082626,1012.6264423852147,0,none
2024-09-19 08:00:00,13.765808599099211,44.07986825913906,1010.3157810198222,0,none
2024-09-19 09:00:00,14.02694195722887,53.71235698331732,1014.5472266583947,0,none
2024-09-19 10:00:00,11.639582425462796,50.40876934726844,1011.9238127716208,0,none
2024-09-19 11:00:00,11.512360981866657,53.67046602404208,1012.4489514789617,0,none
2024-09-19 12:00:00,11.107724543085773,53.91873032210538,1015.1426307709683,0,none
2024-09-19 13:00:00,8.464469798671598,63.83134890270175,1016.209941813526,0,none
2024-09-19 14:00:00,8.099384028481358,69.41164896412751,1016.3883885735459,0,none
2024-09-19 15:00:00,7.099183737036757,68.54250540431566,1011.9734288545671,0,none
2024-09-19 16:00:00,4.957774001942837,72.15188037299403,1013.3119895272051,0,none
2024-09-19 17:00:00,5.135847498236714,72.15680350023766,1015.7245359117925,0,none
2024-09-19 18:00:00,3.994169864124186,74.79906232542179,1009.8739805425448,0,none
2024-09-19 19:00:00,4.43830694542842,76.13572950298513,1012.0958148442589,0,none
2024-09-19 20:00:00,6.342424345931648,77.20291265422918,1011.6479490949833,0,none
2024-09-19 21:00:00,6.953972931170442,69.31434837273731,1013.5852013293048,0,none
2024-09-19 22:00:00,7.3572086664979786,68.45263131852843,1012.3487096043402,0,none
2024-09-19 23:00:00,9.274572960317638,67.44512843451028,1008.2572477154524,0,none
2024-09-20 00:00:00,9.193541033594952,62.03094913058351,1014.6388378329441,0,none
2024-09-20 01:00:00,10.473932846934165,54.97989715816527,1011.6987874724192,0,none
2024-09-20 02:00:00,11.633440663567326,49.857502161909125,1009.0013514825913,0,none
2024-09-20 03:00:00,12.140209391192645,50.22217672335093,1012.7439849905722,0,none
2024-09-20 04:00:00,14.712841463565109,48.69735633567576,1013.4652904444231,0,none
2024-09-20 05:00:00,14.868376979386543,47.119617019607055,1009.9698636371834,0,none
2024-09-20 06:00:00,16.199557088254302,46.75588576070345,1013.574038474985,0,none
2024-09-20 07:00:00,15.505564097644603,49.452454247622185,1016.0098238329164,0,none
2024-09-20 08:00:00,14.33102600886869,52.66772431687102,1011.4964312481497,0,none
2024-09-20 09:00:00,14.446602419443913,45.758066549229525,1014.0287024535193,0,none
2024-09-20 10:00:00,12.237926364413706,57.49192957816766,1017.2313443213784,0,none
2024-09-20 11:00:00,11.623152672792576,51.179400256892215,1012.604159872567,0,none
2024-09-20 12:00:00,9.183723087464589,56.754517807573116,1013.1989683223898,0,none
2024-09-20 13:00:00,8.768083479615292,63.99735262254519,1016.270905387753,0,none
2024-09-20 14:00:00,7.319207684693565,67.52048304764928,1013.6921601201894,0,none
2024-09-20 15:00:00,6.925288507013524,74.52065062376809,1014.7287080535565,0,none
2024-09-20 16:00:00,5.334919344943417,65.89685258845024,1011.6050891761041,0,none
2024-09-20 17:00:00,3.636573806595962,68.17656945493172,1010.8199469677526,0,none
2024-09-20 18:00:00,6.265126540444172,74.94274531957086,1012.1357600312748,0,none
2024-09-20 19:00:00,5.800582837874882,72.55693881053051,1016.1067375060242,0,none
2024-09-20 20:00:00,6.72137953601046,71.9542946406269,1013.8204647581574,0,none
2024-09-20 21:00:00,8.05851535182235,73.39923901166671,1010.8729325817962,0,none
2024-09-20 22:00:00,6.216664074516558,64.13616582023367,1013.6453719096462,0,none
2024-09-20 23:00:00,8.506269564338123,66.4227386887957,1014.0172310708554,0,none
2024-09-21 00:00:00,11.400289941365946,60.96243410594646,1010.8242658386914,0,none
2024-09-21 01:00:00,11.311015513968776,53.456194451908786,1009.8179307634874,0,none
2024-09-21 02:00:00,13.149280571652035,52.83622723211456,1011.0652014614685,0,none
2024-09-21 03:00:00,13.783707723529508,49.86685904526889,1014.3838522064159,0,none
2024-09-21 04:00:00,14.120642749129667,46.733338268046744,1013.9949224587743,0,none
2024-09-21 05:00:00,14.15244201469633,46.0729174715895,1010.6246756046547,0,none
2024-09-21 06:00:00,15.216681783345642,45.03017940935542,1013.3899456362844,0,none
2024-09-21 07:00:00,15.206673939681261,45.83086245442872,1013.9868256042062,0,none
2024-09-21 08:00:00,16.448272717986132,49.05383718804876,1013.1099836972504,0,none
2024-09-21 09:00:00,13.393195550916387,49.34912635936895,1012.9481940491854,0,none
2024-09-21 10:00:00,13.809195393334566,52.915032134858215,1012.7542193207142,0,none
2024-09-21 11:00:00,12.174240858866566,55.401745075341395,1010.718210244575,0,none
2024-09-21 12:00:00,9.363894396179953,54.08758157659639,1013.4289468099399,0,none
2024-09-21 13:00:00,7.270391523200381,60.008549053055866,1008.8879509823529,0,none
2024-09-21 14:00:00,6.234956371640958,70.1615277099346,1013.665867639511,0,none
2024-09-21 15:00:00,5.690499325624279,74.79633652596385,1012.7146347806544,0,none
2024-09-21 16:00:00,4.8062591221133975,71.2333774955179,1013.8871008336777,0,none
2024-09-21 17:00:00,6.349437631455716,70.81701736391099,1011.9258109020536,0,none
2024-09-21 18:00:00,6.043932782175648,68.74368509377142,1015.6659550655907,0,none
2024-09-21 19:00:00,5.266125153931498,74.30381948854486,1013.5675612412102,0,none
2024-09-21 20:00:00,5.858918836062956,69.94231033302437,1014.8339997471293,0,none
2024-09-21 21:00:00,8.095304449948442,68.74384193063428,1014.1838907560078,0,none
2024-09-21 22:00:00,7.6670463886224365,67.73980626672102,1011.94630838063,0,none
2024-09-21 23:00:00,7.7413385048946175,67.9834498223409,1015.1419119692146,0,none
2024-09-22 00:00:00,11.327891698641018,61.739439716949406,1012.3915134457844,0,none
2024-09-22 01:00:00,11.04002321707549,55.307187176800916,1014.645405179453,0,none
2024-09-22 02:00:00,13.52647914715603,52.85493978146279,1012.7051660319684,0,none
2024-09-22 03:00:00,15.058094741847558,50.5137163873121,1011.0578707614201,0,none
2024-09-22 04:00:00,15.507222505609832,44.15379302708887,1012.7451067387912,0,none
2024-09-22 05:00:00,14.181477375391925,47.432664291454955,1016.433495592568,0,none
2024-09-22 06:00:00,14.540166775414336,48.86356250583601,1013.3248254991305,0,none
2024-09-22 07:00:00,14.927888108802978,44.7040110913984,1013.3129793711528,0,none
2024-09-22 08:00:00,14.195747185261581,42.94444835798798,1015.2704476934929,0,none
2024-09-22 09:00:00,13.738788652744214,49.91676291529307,1011.3709574520641,0,none
2024-09-22 10:00:00,12.42773633384893,49.94088911710699,1014.1188282095987,0,none
2024-09-22 11:00:00,10.181687519339743,59.70628370024251,1013.8395321286863,0,none
2024-09-22 12:00:00,10.505963811750837,57.74848915843518,1014.6140385714621,0,none
2024-09-22 13:00:00,8.893432416125524,61.39439634374469,1009.7768002196484,0,none
2024-09-22 14:00:00,7.630541328867313,65.37489045049338,1020.0682784434166,0,none
2024-09-22 15:00:00,5.156795851803103,72.87010760069418,1014.1377961941062,0,none
2024-09-22 16:00:00,5.519802440363916,71.77280926847995,1014.8824687614249,0,none
2024-09-22 17:00:00,6.155426712090716,73.87764948482669,1017.2808748020144,0,none
2024-09-22 18:00:00,5.363942097437305,77.35878085454783,1014.1983939594528,0,none
2024-09-22 19:00:00,5.151066374442455,73.91371771284285,1011.7258846551172,0,none
2024-09-22 20:00:00,5.483302879458042,71.78071816617434,1012.8914474803511,0,none
2024-09-22 21:00:00,8.127720495072353,72.34426341421184,1014.5863996541337,0,none
2024-09-22 22:00:00,8.783300212001237,66.31042079282022,1013.8322319733082,0,none
2024-09-22 23:00:00,9.025936034004708,62.27964107636182,1013.1416571315325,0,none
2024-09-23 00:00:00,12.462667654117165,61.06673326540648,1015.0887643631709,0,none
2024-09-23 01:00:00,11.072447044901539,54.53218463553814,1012.6448014873758,0,none
2024-09-23 02:00:00,13.67697875540298,52.30040834233834,1011.8597192103316,0,none
2024-09-23 03:00:00,14.006431004670215,50.62323997320473,1015.1558120951262,0,none
2024-09-23 04:00:00,14.553759324696479,45.004067352525944,1011.7468915451203,0,none
2024-09-23 05:00:00,14.24811716520506,48.36450092458039,1014.9449745583315,0,none
2024-09-23 06:00:00,15.525276792157243,44.78040027379518,1013.1183746904674,0,none
2024-09-23 07:00:00,,45.08270589849875,1011.5471258507562,1,null
2024-09-23 08:00:00,14.743591204648101,52.02831871604896,1016.1506143054336,0,none
2024-09-23 09:00:00,13.807169765208032,50.97167098623473,1013.4157196970463,0,none
2024-09-23 10:00:00,12.616267863930053,50.730803337196946,1012.2755853063549,0,none
2024-09-23 11:00:00,9.966068795593646,59.28180775318396,1012.8416179566295,0,none
2024-09-23 12:00:00,9.274137905706295,61.16964526412522,1010.9304438945329,0,none
2024-09-23 13:00:00,8.201544048265124,65.77843197951458,1013.1175087142274,0,none
2024-09-23 14:00:00,8.716101336531363,68.49076973200887,1012.8639642273166,0,none
2024-09-23 15:00:00,6.436490130933128,66.69341225677731,1019.5060607694152,0,none
2024-09-23 16:00:00,3.5397552623420525,74.6524302183706,1012.3829971535685,0,none
2024-09-23 17:00:00,5.345376836164192,70.43794921022314,1011.5917169832247,0,none
2024-09-23 18:00:00,2.569628289586179,79.30520411904813,1012.7750385006186,0,none
2024-09-23 19:00:00,5.955253612781829,71.5526008502052,1010.980740661533,0,none
2024-09-23 20:00:00,8.119165414723394,71.41435419130963,1013.9254341196352,0,none
2024-09-23 21:00:00,4.85092337754209,73.51023760888138,1010.6644599013796,0,none
2024-09-23 22:00:00,9.124269930950032,66.50412342597474,1016.4310960602678,0,none
2024-09-23 23:00:00,7.8541081766630745,62.12776449862026,1011.247559317269,0,none
2024-09-24 00:00:00,8.864700511474135,54.97371626293693,1015.2780996081857,0,none
2024-09-24 01:00:00,10.474089159253909,54.19566433792485,1012.3059792760031,0,none
2024-09-24 02:00:00,11.715823347939411,53.31251578257565,1013.5560979023684,1,drift
2024-09-24 03:00:00,13.073910674043084,52.67595189379998,1015.6178094250091,1,drift
2024-09-24 04:00:00,15.356673191389266,44.993649050628605,1015.4845934403703,1,drift
2024-09-24 05:00:00,13.719850117387239,47.60904358461559,1016.2220093456493,1,drift
2024-09-24 06:00:00,15.495386136605026,42.71648268500479,1015.1684687110185,1,drift
2024-09-24 07:00:00,17.249516521708017,41.52759649563444,1014.9469390670164,1,drift
2024-09-24 08:00:00,13.36552478868212,48.837512842944015,1013.645010359046,1,drift
2024-09-24 09:00:00,14.694020207921255,47.868078602549154,1020.3685462439239,1,drift
2024-09-24 10:00:00,11.65628612707267,52.200850240313585,1019.0622720435896,1,drift
2024-09-24 11:00:00,10.103354287345214,54.46974163538377,1013.5143057954992,1,drift
2024-09-24 12:00:00,11.18518925747173,66.57880200340688,1016.3020266022892,1,drift
2024-09-24 13:00:00,8.806370790041731,67.79042975648666,1017.2752602861126,1,drift
2024-09-24 14:00:00,7.5629051827327585,63.33906863155426,1022.6235453058337,1,drift
2024-09-24 15:00:00,5.284276410145726,74.79664923817177,1019.9500494820719,1,drift
2024-09-24 16:00:00,5.355050544313313,68.61506745370224,1011.3749256403412,1,drift
2024-09-24 17:00:00,4.078093692941612,75.17709650735661,1019.778420704568,1,drift
2024-09-24 18:00:00,5.421584902456791,73.3702761568019,1018.5629522648074,1,drift
2024-09-24 19:00:00,5.784325764611294,74.7878852335173,1021.1758788597316,1,drift
2024-09-24 20:00:00,4.846585521210446,73.5888517406798,1019.1186836629315,1,drift
2024-09-24 21:00:00,5.913228726156735,73.86884893965474,1024.3749310290355,1,drift
2024-09-24 22:00:00,7.578368242787856,69.80642984034048,1020.972801901928,1,drift
2024-09-24 23:00:00,9.688019234853979,63.31208259105294,1025.2179972150243,1,drift
2024-09-25 00:00:00,11.001330451411489,62.72558988134825,1025.2891873285635,1,drift
2024-09-25 01:00:00,11.31967192614122,59.15237157805408,1023.1471302573419,1,drift
2024-09-25 02:00:00,12.034830084483408,53.371394128456714,1010.6173888622542,0,none
2024-09-25 03:00:00,15.518373382861189,48.621413583146136,1012.2332799645435,0,none
2024-09-25 04:00:00,13.512698007209098,50.946321031944045,1014.5729487106082,0,none
2024-09-25 05:00:00,16.68386521406731,36.767576779520326,1011.7504212397092,0,none
2024-09-25 06:00:00,17.613028839218984,44.058528398632056,1013.0597303452582,0,none
2024-09-25 07:00:00,14.818948050727283,35.80348058645639,1009.5090398174053,0,none
2024-09-25 08:00:00,14.325695116239686,43.14073259761338,1015.4631632362882,0,none
2024-09-25 09:00:00,13.026053029262085,53.38317414533827,1010.0947462782127,0,none
2024-09-25 10:00:00,12.4038379791336,50.96304083102729,1013.0626428502757,0,none
2024-09-25 11:00:00,11.32661526356999,51.08860326131788,1015.4716096280797,0,none
2024-09-25 12:00:00,11.418444491647318,56.26512515089656,1012.7160955598894,0,none
2024-09-25 13:00:00,7.619209562151736,62.89030636871416,1013.1953444214424,0,none
2024-09-25 14:00:00,8.066052350182153,66.52732303763798,1016.3753010183249,0,none
2024-09-25 15:00:00,4.616147518159642,71.74315735139238,1011.5094569581552,0,none
2024-09-25 16:00:00,4.767974190052651,67.30032164481722,1015.3340428166639,0,none
2024-09-25 17:00:00,5.311910745504149,77.90786361673845,1012.010343372536,0,none
2024-09-25 18:00:00,6.466183038812731,79.90203287176419,1011.5477739583137,0,none
2024-09-25 19:00:00,4.535121333697752,77.18894949595536,1012.4012212287525,0,none
2024-09-25 20:00:00,5.711865936441747,73.89562734441489,1015.1570808910622,0,none
2024-09-25 21:00:00,7.10350123784044,70.78461215875376,1012.2618610511927,0,none
2024-09-25 22:00:00,8.611323347781454,68.81346000813622,1011.2831925537016,0,none
2024-09-25 23:00:00,9.294077365980986,63.87222808583389,1010.5349047376351,0,none
2024-09-26 00:00:00,9.93546500502125,64.89788700256278,1013.5224657699233,0,none
2024-09-26 01:00:00,10.692753328053392,55.60212510753715,1010.7539411236892,0,none
2024-09-26 02:00:00,12.710190119043405,47.367438422977095,1013.3766931925584,0,none
2024-09-26 03:00:00,13.336614584122229,47.8714035767801,1013.5946905860436,0,none
2024-09-26 04:00:00,14.61601910643109,46.34765292694765,1011.2318372388382,0,none
2024-09-26 05:00:00,15.686636706029029,47.93579872470842,1010.963932060187,0,none
2024-09-26 06:00:00,14.79565534929496,47.92131747117724,1012.0986708006993,0,none
2024-09-26 07:00:00,15.457823316064742,44.31697429631597,1014.7444424025932,0,none
2024-09-26 08:00:00,13.650892872663242,52.790854169024904,1011.7942149161927,0,none
2024-09-26 09:00:00,11.27088974644584,51.90351642095261,1013.6871402321999,0,none
2024-09-26 10:00:00,13.304080558299265,50.75818087789794,1013.3226981221421,0,none
2024-09-26 11:00:00,11.364320013882022,55.62805038298384,1013.5104200775868,0,none
2024-09-26 12:00:00,9.715492177556596,60.780447538560594,1013.635429121092,0,none
2024-09-26 13:00:00,8.930069517642792,62.25164632199299,1013.0237938788854,0,none
2024-09-26 14:00:00,,68.74729995130612,1014.5231874888988,1,null
2024-09-26 15:00:00,7.263120026604134,66.1386577016377,1015.4666021122919,0,none
2024-09-26 16:00:00,6.356343839197861,73.59479725047159,1014.1026971234627,0,none
2024-09-26 17:00:00,5.052946595236813,69.82628281943755,1015.6417331087562,1,freeze
2024-09-26 18:00:00,5.491066218475728,69.82628281943755,1011.9591427230278,1,freeze
2024-09-26 19:00:00,5.822142793687342,69.82628281943755,1012.5637751699119,1,freeze
2024-09-26 20:00:00,5.795155854793674,69.82628281943755,1013.6499195038424,1,freeze
2024-09-26 21:00:00,7.001821448037767,69.82628281943755,1013.2597498578294,1,freeze
2024-09-26 22:00:00,7.065963262708495,69.82628281943755,1009.5943509413938,1,freeze
2024-09-26 23:00:00,10.603790900210045,62.5182116434465,1009.0615757400743,0,none
2024-09-27 00:00:00,10.033428038792087,65.80058716621379,1016.3743030669618,0,none
2024-09-27 01:00:00,11.509365263494704,55.96429714774022,1011.4936771840272,0,none
2024-09-27 02:00:00,12.059512816364409,48.41401544740343,1009.8201794159461,0,none
2024-09-27 03:00:00,15.413245767633125,52.42063174901235,1013.1320095458381,0,none
2024-09-27 04:00:00,16.247293470650728,40.85359838548549,1013.1742783212899,0,none
2024-09-27 05:00:00,16.03308539480319,47.765085827855756,1012.9048953102089,0,none
2024-09-27 06:00:00,16.017287889732675,48.945065434937426,1011.7831428429294,0,none
2024-09-27 07:00:00,16.742906180153625,50.11989428165861,1014.1138541112105,0,none
2024-09-27 08:00:00,15.414739709388598,47.40471383460737,1014.459131675638,0,none
2024-09-27 09:00:00,13.91293370597925,52.00466536367381,1012.6162345091523,0,none
2024-09-27 10:00:00,12.843816672152943,51.19802389566859,1014.3884308180084,0,none
2024-09-27 11:00:00,10.205795130748614,61.31082737563858,1015.0239752927222,0,none
2024-09-27 12:00:00,10.656442727917845,64.20682062353433,1009.9401546282179,0,none
2024-09-27 13:00:00,8.040014587327931,60.941780731677596,1013.4884889070609,0,none
2024-09-27 14:00:00,7.829305441560528,64.85517518378455,1011.1056945087669,0,none
2024-09-27 15:00:00,6.663838190459723,72.8449286535903,1013.4695461548657,1,drift
2024-09-27 16:00:00,6.429057712232739,71.26362656868166,1013.0167788216521,1,drift
2024-09-27 17:00:00,6.021377478711246,79.22647069612036,1012.0128991918717,1,drift
2024-09-27 18:00:00,5.510662968517902,76.95567394356503,1014.7917055526823,1,drift
2024-09-27 19:00:00,6.118104337038316,70.36282997584567,1014.7376540802408,1,drift
2024-09-27 20:00:00,5.748447471992004,77.79464067680848,1013.8861152289805,1,drift
2024-09-27 21:00:00,7.376105210772002,69.38267507438225,1016.1940300943994,1,drift
2024-09-27 22:00:00,7.3286527134786,62.49265170452468,1015.6414125845241,1,drift
2024-09-27 23:00:00,9.310658691482068,63.21078407584237,1017.2057000778077,1,drift
2024-09-28 00:00:00,8.008090865546704,58.221212413766736,1015.7870227099886,1,drift
2024-09-28 01:00:00,13.80642155054922,59.01248905738377,1018.5370349958647,1,drift
2024-09-28 02:00:00,10.946151472843665,49.475140634650714,1020.9829086499716,1,drift
2024-09-28 03:00:00,13.623297700857751,49.96902434174842,1020.2783909981254,1,drift
2024-09-28 04:00:00,14.157497248138515,41.29434784397449,1017.7926532528276,1,drift
2024-09-28 05:00:00,14.939973712563976,43.86030378205436,1019.0863307747337,1,drift
2024-09-28 06:00:00,14.738713147176401,42.81431742470845,1019.7182414281496,1,drift
2024-09-28 07:00:00,15.23690924342085,52.48760066548534,1024.1101041169773,1,drift
2024-09-28 08:00:00,13.80155926698797,46.93448503778683,1022.9422115115603,1,drift
2024-09-28 09:00:00,13.788182386242084,53.53737141934719,1016.5750850433237,1,drift
2024-09-28 10:00:00,11.22181859910379,53.28305735658609,1022.6610743649513,1,drift
2024-09-28 11:00:00,10.884489988369864,55.90217745846723,1023.1768091704121,1,drift
2024-09-28 12:00:00,9.33403690672967,60.845543537036185,1022.2186936789262,1,drift
2024-09-28 13:00:00,8.600352691714466,59.68779498111132,1023.1178934977131,1,drift
2024-09-28 14:00:00,7.6037053110058475,67.63074330802391,1025.9892792795954,1,drift
2024-09-28 15:00:00,4.7867916794382435,70.84794079396411,1012.3140842676296,0,none
2024-09-28 16:00:00,6.403084174474825,71.1870176841638,1015.8901394412803,0,none
2024-09-28 17:00:00,3.3688492211264,73.3842690778692,1013.860337462228,0,none
2024-09-28 18:00:00,7.130213523562331,78.78353527402021,1011.7457786300072,0,none
2024-09-28 19:00:00,6.4614918379151,74.88389880241046,1013.0232393888665,0,none
2024-09-28 20:00:00,4.202439191020947,69.62659506703926,1012.722032603301,0,none
2024-09-28 21:00:00,5.968692219989279,74.51399403623495,1014.1850396474211,0,none
2024-09-28 22:00:00,8.642633377379417,66.2558139786548,1012.7395555358618,0,none
2024-09-28 23:00:00,8.132835637852892,65.73803064950502,1013.5750818410185,0,none
2024-09-29 00:00:00,8.39788036473453,60.185345325547644,1013.9872353761396,0,none
2024-09-29 01:00:00,10.24987936058668,52.22373902780327,1015.5019653289164,0,none
2024-09-29 02:00:00,11.384639195856275,51.45600139528064,1010.1325231517238,0,none
2024-09-29 03:00:00,14.92274138182919,52.240812395038965,1011.4037477147618,0,none
2024-09-29 04:00:00,14.466605736218074,47.22348832649028,1015.720690543007,0,none
2024-09-29 05:00:00,13.134054157385293,50.379175881227326,1012.3142980786688,0,none
2024-09-29 06:00:00,16.648676515412664,45.54648954189618,1010.5901466691488,0,none
2024-09-29 07:00:00,15.451305658686579,43.77974284502809,1013.8355920723335,0,none
2024-09-29 08:00:00,14.495590135880299,46.11574164842733,1013.1366611572921,0,none
2024-09-29 09:00:00,13.460232036757992,49.45604253497722,1012.0094963256696,0,none
2024-09-29 10:00:00,13.613062499833392,49.02471352172617,1011.6679698766295,0,none
2024-09-29 11:00:00,12.011817782331855,56.647824363013484,1013.4117125902497,0,none
2024-09-29 12:00:00,10.448458087558418,60.50058925919235,1016.0362110288327,0,none
2024-09-29 13:00:00,10.678016915062633,66.05287107823729,1011.8100888559105,0,none
2024-09-29 14:00:00,8.087288258730439,69.04644682224821,1014.9851422504544,0,none
2024-09-29 15:00:00,7.566508931713389,71.19313818655515,1014.3128979045559,0,none
2024-09-29 16:00:00,6.057071948102765,71.40284826029679,1014.3327706954924,0,none
2024-09-29 17:00:00,7.1305517208234415,74.48581927788938,1011.7415998505217,0,none
2024-09-29 18:00:00,5.121810716434254,71.87052497471602,1013.5936549553769,0,none
2024-09-29 19:00:00,5.110163075015102,74.70441752879015,1015.4948703902954,0,none
2024-09-29 20:00:00,4.216109399505884,71.45332808764553,1016.9976019724571,0,none
2024-09-29 21:00:00,6.622326282512646,64.94668301427511,1016.1028892031518,0,none
2024-09-29 22:00:00,7.518545580221957,70.99913214397745,1009.0439010873322,0,none
2024-09-29 23:00:00,7.629094182875982,64.11505201757856,1013.8252434928331,0,none
2024-09-30 00:00:00,8.864490110828276,55.917978673284765,1008.7379842552672,0,none
2024-09-30 01:00:00,11.745683387878866,60.08881718792426,1015.0241110332195,0,none
2024-09-30 02:00:00,13.628307813978818,52.74437525999237,1009.4065659588657,0,none
2024-09-30 03:00:00,13.814371410438822,54.18995542758382,1012.6956374760899,0,none
2024-09-30 04:00:00,13.617206488704271,43.79508529567038,1008.7483209172632,0,none
2024-09-30 05:00:00,14.517923965212427,47.29020305498217,1016.1810481575721,0,none
2024-09-30 06:00:00,13.945371627080547,45.53413524264355,1012.8882752019815,0,none
2024-09-30 07:00:00,14.557900761725609,45.92349910812149,1011.9313333569769,0,none
2024-09-30 08:00:00,14.4478297490621,51.27356695833903,1013.4252413669973,0,none
2024-09-30 09:00:00,14.822683855613667,53.15881102431375,1010.725486550309,0,none
2024-09-30 10:00:00,13.192942504790732,53.11315498842399,1011.3589721998849,0,none
2024-09-30 11:00:00,10.94483905899316,55.97228703631156,1013.0022822158483,0,none
2024-09-30 12:00:00,9.47797228431524,62.447857523419586,1012.750274151302,0,none
2024-09-30 13:00:00,8.152940361440017,65.13991209126502,1012.0899473173234,0,none
2024-09-30 14:00:00,7.966515522192716,64.34777913837982,1008.1514281939011,0,none
2024-09-30 15:00:00,7.566155888917487,70.85310049275107,1013.7456858335617,0,none
2024-09-30 16:00:00,4.66278605224179,75.40304957498843,1013.6467350726944,0,none
2024-09-30 17:00:00,6.905197753280993,79.45694596451827,1011.168768101379,0,none
2024-09-30 18:00:00,5.058658973245227,75.90628004028801,1012.2317658662836,0,none
2024-09-30 19:00:00,6.869890762960155,73.54417299058946,1015.2351428848004,0,none
2024-09-30 20:00:00,5.298993308660374,75.35093123396263,1013.5243472139388,0,none
2024-09-30 21:00:00,6.025289243766331,71.68921836872588,1015.7847933842496,0,none
2024-09-30 22:00:00,5.522969113528056,70.68034380559935,1013.1282679547473,0,none
2024-09-30 23:00:00,6.9213335667605875,63.35190286896043,1016.5051718477782,0,none
2024-10-01 00:00:00,9.048297409763949,59.14553994467574,1015.3263160335323,0,none
2024-10-01 01:00:00,11.598149028472369,56.14730096015505,1013.9244953571164,0,none
2024-10-01 02:00:00,13.431827159747558,54.10306240218078,1010.8637707902218,0,none
2024-10-01 03:00:00,13.946071572904904,51.53881161202336,1013.7427420176779,0,none
2024-10-01 04:00:00,15.193122280534748,42.23787773604218,1011.6773788794611,0,none
2024-10-01 05:00:00,15.56390885306763,49.714986191063005,1016.5235483784734,0,none
2024-10-01 06:00:00,15.114901393637092,48.579022833020865,1011.7752075116674,0,none
2024-10-01 07:00:00,15.388362132618829,39.704354127020814,1012.9953724232364,0,none
2024-10-01 08:00:00,11.784700060147701,42.73404002436771,1014.4404711792033,0,none
2024-10-01 09:00:00,11.720070607525876,55.16268904001213,1014.6490028263527,0,none
2024-10-01 10:00:00,12.648970130226207,49.025918281668226,1016.0317862182962,1,drift
2024-10-01 11:00:00,11.083066241285524,56.7070765237526,1017.7984626171724,1,drift
2024-10-01 12:00:00,7.931270437088662,61.16273148123154,1011.7525833748191,1,drift
2024-10-01 13:00:00,9.275794130498788,63.268171318777405,1016.587362711098,1,drift
2024-10-01 14:00:00,6.897619133479916,66.3092644723706,1013.8392144639198,1,drift
2024-10-01 15:00:00,5.73905908749463,77.90357862644342,1013.4553260022906,1,drift
2024-10-01 16:00:00,3.5695366658058276,74.07596745208708,1016.7394919963562,1,drift
2024-10-01 17:00:00,5.677560168165755,78.58509411216141,1016.6060036325165,1,drift
2024-10-01 18:00:00,5.229822693328563,74.26137245757423,1013.7177009817748,1,drift
2024-10-01 19:00:00,4.00457175642815,76.21486817420316,1016.9214439581177,1,drift
2024-10-01 20:00:00,5.693342659184444,71.56747344674207,1019.9100010873894,1,drift
2024-10-01 21:00:00,6.352571818691768,71.434957339216,1019.2848532657163,1,drift
2024-10-01 22:00:00,6.320314108327164,68.18901481692495,1022.2728219642235,1,drift
2024-10-01 23:00:00,8.613212754953674,60.83410033041757,1016.9352765272437,1,drift
2024-10-02 00:00:00,9.211647538927693,59.49314969971636,1016.2870496596267,1,drift
2024-10-02 01:00:00,10.749321925955488,55.49193713656826,1022.0488128671195,1,drift
2024-10-02 02:00:00,13.178492149497625,55.49193713656826,1018.5911947684504,1,drift
2024-10-02 03:00:00,14.529526539168174,55.49193713656826,1022.344975010043,1,drift
2024-10-02 04:00:00,12.151306362212424,55.49193713656826,1018.2886107708706,1,drift
2024-10-02 05:00:00,15.751016259477092,55.49193713656826,1020.9642979554428,1,drift
2024-10-02 06:00:00,15.059289115877242,55.49193713656826,1022.391307673313,1,drift
2024-10-02 07:00:00,16.226591971782632,40.64138584433239,1023.7712378951456,1,drift
2024-10-02 08:00:00,13.818755744510938,47.774371819960585,1021.4459968278948,1,drift
2024-10-02 09:00:00,13.357527096524029,48.514285940936674,1023.5861130888915,1,drift
2024-10-02 10:00:00,12.9689120026302,53.940962883865055,1015.4543552646804,1,drift
2024-10-02 11:00:00,13.08147535863503,54.48574370579452,1011.9193352642394,1,drift
2024-10-02 12:00:00,9.195621757603362,57.816393077246154,1015.1955985330114,1,drift
2024-10-02 13:00:00,7.9863791088840905,65.47889960876003,1017.9214278960454,1,drift
2024-10-02 14:00:00,8.461059506688319,60.29619615367203,1019.3676285569227,1,drift
2024-10-02 15:00:00,6.693772876703927,73.46321137774704,1014.9097724130601,1,drift
2024-10-02 16:00:00,8.050572215811906,70.68489368822023,1019.5123259670312,1,drift
2024-10-02 17:00:00,5.718235296038098,77.99118641337576,1019.3912445026239,1,drift
2024-10-02 18:00:00,5.766328413554738,78.862552754596,1015.2469639396992,1,drift
2024-10-02 19:00:00,4.717363222704757,72.01650783785392,1017.9516086959114,1,drift
2024-10-02 20:00:00,6.054665560490381,73.351548204284,1017.5247637833099,1,drift
2024-10-02 21:00:00,5.062710449439522,75.24235185244002,1020.4136038239947,1,drift
2024-10-02 22:00:00,7.3895824100054925,68.58635034868148,1023.2489183295668,1,drift
2024-10-02 23:00:00,8.819778967743092,64.6045108202896,1019.0426763172438,1,drift
2024-10-03 00:00:00,11.107084406697112,61.894976463735794,1019.0570384829466,1,drift
2024-10-03 01:00:00,11.932081701745345,56.75306090360862,1024.125429883305,1,drift
2024-10-03 02:00:00,12.658445357281567,52.60216861615192,1022.5227301234276,1,drift
2024-10-03 03:00:00,13.876158057304846,52.565658816621905,1021.6327283250498,1,drift
2024-10-03 04:00:00,14.668507808052322,51.456886905085625,1026.833255314466,1,drift
2024-10-03 05:00:00,14.800935050396722,48.33497136591838,1015.163252305994,0,none
2024-10-03 06:00:00,14.522296087933082,42.516952738372055,1014.125653686376,0,none
2024-10-03 07:00:00,13.28499672588909,43.85537189552694,1009.5573944098929,0,none
2024-10-03 08:00:00,13.094840653420654,46.387313803811395,1015.3153224654889,0,none
2024-10-03 09:00:00,13.38358747000132,47.76514196045161,1014.3313137636696,0,none
2024-10-03 10:00:00,14.365050130540219,47.510131263305475,1015.4475417153488,0,none
2024-10-03 11:00:00,11.91880218990233,53.957330018534876,1012.5179279883138,0,none
2024-10-03 12:00:00,10.6438319434962,65.99992470378464,1012.1176470905497,0,none
2024-10-03 13:00:00,9.11782281301006,64.35405938426491,1013.3333134908725,0,none
2024-10-03 14:00:00,6.987304319556283,69.2080569198145,1013.7789492097953,0,none
2024-10-03 15:00:00,7.080856894202673,72.76227986029704,1014.3704938143858,0,none
2024-10-03 16:00:00,6.463705136623705,74.63926277709193,1015.1629581223852,0,none
2024-10-03 17:00:00,6.034493418760063,75.84533587362199,1013.1351581631428,0,none
2024-10-03 18:00:00,5.5286187666414195,68.31914038686347,1013.7368029716723,0,none
2024-10-03 19:00:00,4.9925096183259585,77.19325033146986,1014.0797664875982,0,none
2024-10-03 20:00:00,6.277049698029388,74.61016643266152,1011.1442646413105,0,none
2024-10-03 21:00:00,6.341197599787175,71.84587241859802,1012.3738723845386,0,none
2024-10-03 22:00:00,7.933993134432386,69.94241925285446,1013.6977715427433,0,none
2024-10-03 23:00:00,9.681642821300443,61.326886048431206,1009.0604938805474,0,none
2024-10-04 00:00:00,7.7289742687648815,56.83518608617071,1013.8867679818987,0,none
2024-10-04 01:00:00,11.666692592623752,60.580711752060225,1011.1175443709105,0,none
2024-10-04 02:00:00,14.3540781816153,48.05602388360877,1014.5039673998982,0,none
2024-10-04 03:00:00,12.930886258138752,50.41425623107949,1011.5303309376189,0,none
2024-10-04 04:00:00,14.022455905469934,48.38743526961342,1011.0764783845812,0,none
2024-10-04 05:00:00,14.966809798404313,43.93461649595484,1013.0235311883798,0,none
2024-10-04 06:00:00,16.50820450482226,45.74001631195009,1012.9832565091101,0,none
2024-10-04 07:00:00,14.5292486762974,38.61097700043418,1014.995325512039,0,none
2024-10-04 08:00:00,15.210420423090136,42.70214469145506,1012.7452735747742,0,none
2024-10-04 09:00:00,13.196751857280418,49.0440564202267,1010.8668874532713,0,none
2024-10-04 10:00:00,11.494887257783825,51.83701388460535,1013.5267218927589,0,none
2024-10-04 11:00:00,12.662595638218503,54.33306612978826,1009.0096100343235,0,none
2024-10-04 12:00:00,10.672972628816002,60.8521951354681,1013.1154332233173,0,none
2024-10-04 13:00:00,9.54438727608866,61.91407041812923,1015.1000728441613,0,none
2024-10-04 14:00:00,8.628297949356504,67.81469516090274,1013.4312248742883,0,none
2024-10-04 15:00:00,6.70261329771737,63.28491246522036,1010.3753798683895,0,none
2024-10-04 16:00:00,4.984696687722076,68.89409305830492,1011.2233157381208,0,none
2024-10-04 17:00:00,4.584780374305749,76.36199060878954,1013.5072109995613,0,none
2024-10-04 18:00:00,4.22719102168399,73.62285399471038,1012.4214464002815,0,none
2024-10-04 19:00:00,4.835922119439884,75.67228968207368,1014.2124988467842,0,none
2024-10-04 20:00:00,6.278350201286248,72.80571941021479,1013.8444795503453,0,none
2024-10-04 21:00:00,8.225409937054177,69.4850889387095,1012.3172975966351,0,none
2024-10-04 22:00:00,7.631258628651691,72.13462219681827,1014.5354694675634,0,none
2024-10-04 23:00:00,7.400033139704444,61.15755431957972,1012.1360330471397,0,none
2024-10-05 00:00:00,8.896039355733144,63.17200579932236,1013.0037904557621,0,none
2024-10-05 01:00:00,9.734387905274417,56.30779719387502,1010.2798577207175,0,none
2024-10-05 02:00:00,11.379597318183988,54.916335421985195,1012.3063516268091,0,none
2024-10-05 03:00:00,13.355599664077422,44.64276995539056,1017.2398790108199,0,none
2024-10-05 04:00:00,12.659397320807297,47.54172628180619,1012.54564621221,0,none
2024-10-05 05:00:00,13.747412565146675,44.226667037265365,1013.5725452770835,0,none
2024-10-05 06:00:00,16.330216686637925,46.37631222720021,1011.3434364273485,0,none
2024-10-05 07:00:00,14.176109516208278,48.15455362895806,1013.0134513068336,0,none
2024-10-05 08:00:00,12.524477174793617,46.02727835008718,1013.9079229146208,0,none
2024-10-05 09:00:00,14.391722366344975,53.71065666365214,1008.7132114896119,0,none
2024-10-05 10:00:00,11.348852616223946,55.10664937900529,1017.4134425529743,0,none
2024-10-05 11:00:00,12.382547690208895,54.915994049405825,1010.5179411677179,0,none
2024-10-05 12:00:00,10.42599839069424,57.952525549364964,1013.6872896593185,0,none
2024-10-05 13:00:00,8.869464226982004,65.29863008002367,1012.6086340241583,0,none
2024-10-05 14:00:00,8.113123528383564,69.11311848795494,1012.7787782290305,0,none
2024-10-05 15:00:00,6.100591275667204,74.31184114374743,1012.2661202623499,0,none
2024-10-05 16:00:00,7.068496532192582,76.08655784174056,1010.7504957999802,0,none
2024-10-05 17:00:00,,75.32105981814556,1012.6245281318992,1,null
2024-10-05 18:00:00,4.666874122502116,78.16885364096015,1010.7789765929289,0,none
2024-10-05 19:00:00,5.389892265048061,72.51578805984073,1015.060778902293,0,none
2024-10-05 20:00:00,4.546242392684878,73.26318976260663,1013.639869997373,0,none
2024-10-05 21:00:00,4.92753432205445,69.61183961976053,1015.1287339879932,0,none
2024-10-05 22:00:00,5.364052593318961,65.81653441574827,1012.2072145437479,0,none
2024-10-05 23:00:00,8.731529173727518,65.48670233604388,1015.4895767319257,0,none
2024-10-06 00:00:00,10.3483997972283,59.18683612617562,1012.6784530601415,0,none
2024-10-06 01:00:00,12.083465152576812,52.64955403029759,1012.9426827505504,0,none
2024-10-06 02:00:00,13.227879659156573,57.67766679628929,1009.4124520282787,0,none
2024-10-06 03:00:00,12.984276254887103,48.261183070280396,1009.8212886187462,0,none
2024-10-06 04:00:00,15.247896619155782,43.266928354143694,1011.4944476389261,0,none
2024-10-06 05:00:00,13.488093291241562,46.00514225106801,1012.5756313640305,0,none
2024-10-06 06:00:00,15.088177525156727,43.08556125482985,1014.1191884868721,0,none
2024-10-06 07:00:00,14.985097677883134,47.5905015758401,1012.2126262464534,0,none
2024-10-06 08:00:00,14.658609598598188,44.344586549808334,1015.8515856902832,0,none
2024-10-06 09:00:00,14.279462176447922,47.18716936294902,1015.110698710633,0,none
2024-10-06 10:00:00,12.370845175242797,56.21139161079885,1010.122126728548,0,none
2024-10-06 11:00:00,12.084294710738993,50.742164128027596,1011.1103135580577,0,none
2024-10-06 12:00:00,8.288337935977198,57.449433310472585,1013.9767674867287,0,none
2024-10-06 13:00:00,9.954885368624236,65.34511209492702,1009.0199776008034,0,none
2024-10-06 14:00:00,7.143001404123027,69.58960739393598,1014.831165910024,0,none
2024-10-06 15:00:00,8.055917188044674,78.04517559432472,1011.9793021304217,0,none
2024-10-06 16:00:00,5.528742328031847,73.31748846427631,1015.5338803573839,0,none
2024-10-06 17:00:00,4.6084766413534135,79.98042801740756,1016.3024387504643,0,none
2024-10-06 18:00:00,4.251629054103358,77.38342437410228,1012.2401565313376,0,none
2024-10-06 19:00:00,5.128824397192185,67.06066251962527,1013.8495363084947,0,none
2024-10-06 20:00:00,6.464858070409904,71.90818658678056,1009.0754689446356,0,none
2024-10-06 21:00:00,7.42261973152755,65.27511400050425,1013.1454912230236,0,none
2024-10-06 22:00:00,5.8476956395063,68.53408227414077,1015.3517958301204,0,none
2024-10-06 23:00:00,8.965214744276336,65.89009321116578,1012.2740814081665,0,none
2024-10-07 00:00:00,9.883660698119876,62.49596865855264,1013.6960159914684,0,none
2024-10-07 01:00:00,12.267905244976976,54.65941306477772,1016.0760376270147,0,none
2024-10-07 02:00:00,12.474036947320755,58.35048086251618,1012.6630979896573,0,none
2024-10-07 03:00:00,16.756637156751268,51.2742923533289,1013.2644027916353,0,none
2024-10-07 04:00:00,12.384432705778462,46.19564767653768,1013.2375623816976,0,none
2024-10-07 05:00:00,14.623864192748833,45.29942552726694,1014.5326426007118,1,freeze
2024-10-07 06:00:00,15.320218797735787,45.29942552726694,1012.2333179527532,1,freeze
2024-10-07 07:00:00,14.350959925154873,45.29942552726694,1014.8105950707366,1,freeze
2024-10-07 08:00:00,14.196422018719248,45.29942552726694,1012.2726473973012,1,freeze
2024-10-07 09:00:00,11.613738083689562,45.29942552726694,1012.5344999764172,1,freeze
2024-10-07 10:00:00,11.232507065320865,45.29942552726694,1013.5951399650758,1,freeze
2024-10-07 11:00:00,11.613646592501613,53.4697649953605,1013.1697671124032,0,none
2024-10-07 12:00:00,11.867599873115394,58.93843688983649,1012.2604341307143,0,none
2024-10-07 13:00:00,9.968971546698025,63.22446751521699,1015.8706903492482,0,none
2024-10-07 14:00:00,6.5362169748721275,67.46852333592642,1012.3066888588406,0,none
2024-10-07 15:00:00,6.21973650638169,76.52367720717804,1011.9911861162741,0,none
2024-10-07 16:00:00,5.71005990360311,73.21781243502038,1010.2077971320273,0,none
2024-10-07 17:00:00,5.946741118350682,72.47754949930506,1012.0211661408362,0,none
2024-10-07 18:00:00,4.870485001352362,67.2175545030095,1013.724371774435,0,none
2024-10-07 19:00:00,5.490261893079592,72.13073650711057,1015.1621292120745,0,none
2024-10-07 20:00:00,6.511473552204408,69.85836737066852,1009.9256089775336,0,none
2024-10-07 21:00:00,7.777562694737185,70.23382046865424,1012.3352322013642,0,none
2024-10-07 22:00:00,9.570341922009973,68.20061151431273,1011.6576806375069,0,none
2024-10-07 23:00:00,8.4882385652686,63.14491796302077,1013.860818143381,0,none
2024-10-08 00:00:00,9.151912797713358,57.60510009704504,1013.1598072706523,0,none
2024-10-08 01:00:00,10.751035703772894,56.32752702136127,1009.9732093575517,0,none
2024-10-08 02:00:00,9.695802414489464,50.87524553228392,1014.0804161433016,0,none
2024-10-08 03:00:00,12.828158316388999,50.118127822826224,1009.7725463940795,0,none
2024-10-08 04:00:00,14.07417833482587,46.906198921272036,1013.5590584799434,0,none
2024-10-08 05:00:00,15.953964204163546,48.1225062008653,1015.993780367751,0,none
2024-10-08 06:00:00,13.497507789420503,51.534947483554966,1013.0730461878793,0,none
2024-10-08 07:00:00,15.127756804536673,44.85113788143265,1011.2149330491201,0,none
2024-10-08 08:00:00,12.831439468059335,44.47963680912399,1009.1440185289863,0,none
2024-10-08 09:00:00,13.874734451292241,48.79023860784434,1013.5295401939559,0,none
2024-10-08 10:00:00,13.441523562896698,50.587216814532994,1014.2260985657053,0,none
2024-10-08 11:00:00,11.356456658458857,53.72736241978644,1011.0368910001516,0,none
2024-10-08 12:00:00,9.420733643807555,60.31727761644171,1013.957037909279,1,freeze
2024-10-08 13:00:00,9.411328634395188,60.31727761644171,1011.1606222608543,1,freeze
2024-10-08 14:00:00,7.396213666406004,60.31727761644171,1010.4514493326876,1,freeze
2024-10-08 15:00:00,7.811902142189968,60.31727761644171,1014.4127625418697,1,freeze
2024-10-08 16:00:00,6.69009333508417,60.31727761644171,1012.8474704555917,1,freeze
2024-10-08 17:00:00,5.339536011509194,60.31727761644171,1012.0528710630564,1,freeze
2024-10-08 18:00:00,6.546514978594842,72.39585955992479,1010.7049834978772,0,none
2024-10-08 19:00:00,6.143916205778502,72.99508212511,1013.7017553242064,0,none
2024-10-08 20:00:00,4.492195073407341,77.14622585918411,1015.0741982945863,0,none
2024-10-08 21:00:00,6.473129065338395,69.74050508335,1017.4251654937394,0,none
2024-10-08 22:00:00,8.820894408920969,68.62430953734166,1014.6186751495712,0,none
2024-10-08 23:00:00,7.29230342356853,65.37499568853944,1009.2858566912403,0,none
2024-10-09 00:00:00,7.524238876068628,59.45972975295688,1017.0056425124802,0,none
2024-10-09 01:00:00,11.112362584456545,59.51854235374255,1012.6086038469005,0,none
2024-10-09 02:00:00,11.909366450466885,43.5405999053523,1012.1015904560564,0,none
2024-10-09 03:00:00,13.178608447937345,50.309032388704345,1009.6012034748084,0,none
2024-10-09 04:00:00,12.88256883927068,48.760677338777676,1009.896086764924,0,none
2024-10-09 05:00:00,15.252335912711855,51.43675463465145,1009.2533664995217,0,none
2024-10-09 06:00:00,13.775106175518655,42.51713773124672,1015.7206644306381,0,none
2024-10-09 07:00:00,14.934335034040355,42.12369108682524,1014.0377806264073,0,none
2024-10-09 08:00:00,15.022915030517181,48.36967992520315,1013.85491050875,0,none
2024-10-09 09:00:00,12.742234180454446,45.514942506622624,1011.0395116972934,0,none
2024-10-09 10:00:00,12.308160722698394,49.15753087455777,1013.9352118719949,0,none
2024-10-09 11:00:00,10.615613042980065,55.26811980127577,1010.8788812919478,0,none
2024-10-09 12:00:00,10.641792291629946,61.77321430397856,1015.4922397129728,0,none
2024-10-09 13:00:00,8.554479026585675,66.86281865649816,1011.5890928616003,0,none
2024-10-09 14:00:00,7.78560312401203,65.16310456627181,1011.8775611032524,0,none
2024-10-09 15:00:00,6.997267434069878,65.72278332622994,1011.7012105047087,0,none
2024-10-09 16:00:00,6.075267821681013,73.41085269284761,1007.1792986713242,0,none
2024-10-09 17:00:00,4.029026863576084,70.89592510155035,1012.0414869196313,0,none
2024-10-09 18:00:00,5.088682196362051,75.58949038962574,1012.6447588049942,0,none
2024-10-09 19:00:00,5.626141185768423,74.48445651775913,1009.5627093410984,1,drift
2024-10-09 20:00:00,7.997775596994201,71.6689898666936,1011.8776452297471,1,drift
2024-10-09 21:00:00,7.694746286058675,77.55498712153401,1017.3515459366822,1,drift
2024-10-09 22:00:00,7.933046789330344,65.19360371595073,1014.6277646078822,1,drift
2024-10-09 23:00:00,11.171017934717984,59.63612978108413,1015.008773748328,1,drift
2024-10-10 00:00:00,9.560425376581769,63.718292795519844,1018.6477650218909,1,drift
2024-10-10 01:00:00,11.257337385507766,59.06428638123391,1018.6317180547828,1,drift
2024-10-10 02:00:00,12.434320863049216,51.84679911891738,1017.5728349078707,1,drift
2024-10-10 03:00:00,13.600199190093702,49.30724886814413,1019.571958776656,1,drift
2024-10-10 04:00:00,13.991975934030549,49.239161524922906,1018.0559808840168,1,drift
2024-10-10 05:00:00,16.78137580994366,49.1715845018595,1019.7606237519393,1,drift
2024-10-10 06:00:00,14.351987856339848,41.47647389131114,1018.5665518828482,1,drift
2024-10-10 07:00:00,16.66012463151005,44.345883167024525,1016.8670761567658,1,drift
2024-10-10 08:00:00,14.031344939715588,43.35847629130272,1021.9733384685335,1,drift
2024-10-10 09:00:00,13.3802734147262,45.802380874499605,1017.3492976091246,1,drift
2024-10-10 10:00:00,11.101204369687295,57.29343920841451,1020.9764206988123,1,drift
2024-10-10 11:00:00,11.364134009627584,53.173248330832166,1019.226839283465,1,drift
2024-10-10 12:00:00,10.187451017239281,57.250562630562385,1021.9075298199937,1,drift
2024-10-10 13:00:00,8.277221765161443,67.80719238565294,1023.0129731586757,1,drift
2024-10-10 14:00:00,9.297625101645233,63.929371044415994,1018.9537998957603,1,drift
2024-10-10 15:00:00,5.740331734173593,69.82539127787253,1020.4939126408304,1,drift
2024-10-10 16:00:00,6.8074685516226525,72.4483347159283,1023.1875914391464,1,drift
2024-10-10 17:00:00,4.3896189366506055,80.55976927579758,1024.446307983408,1,drift
2024-10-10 18:00:00,4.023763988804957,72.89714743334017,1021.3982753175903,1,drift
2024-10-10 19:00:00,5.6452112841593065,74.0723451023435,1011.4300148155672,0,none
2024-10-10 20:00:00,6.874863122192441,72.44851655414374,1017.4983430212427,0,none
2024-10-10 21:00:00,6.935021333483214,70.37528176116945,1014.064303873299,0,none
2024-10-10 22:00:00,7.32510847118897,64.09414031968885,1012.2299786752475,0,none
2024-10-10 23:00:00,8.081012062525927,66.56699908056602,1011.7777385696614,0,none
2024-10-11 00:00:00,8.901516366293396,57.89954877582582,1010.8227532833362,0,none
2024-10-11 01:00:00,12.717379026053154,56.528070094388426,1011.0580055279981,0,none
2024-10-11 02:00:00,12.624632053642554,47.306779446841375,1014.0253443768823,0,none
2024-10-11 03:00:00,12.932995019429555,54.55362073740558,1012.9365986041172,0,none
2024-10-11 04:00:00,14.352827397956942,50.616814981641056,1010.3599231524382,0,none
2024-10-11 05:00:00,14.094129037738803,49.9809789737347,1012.569682840125,0,none
2024-10-11 06:00:00,14.508053887026524,48.10807749057312,1015.6023834286448,0,none
2024-10-11 07:00:00,15.591896590349052,42.44243947874581,1015.4450459238436,0,none
2024-10-11 08:00:00,14.51329836053322,52.62222589990931,1011.8969003288905,1,drift
2024-10-11 09:00:00,14.44461255984351,55.01935772839343,1012.9616356755889,1,drift
2024-10-11 10:00:00,12.020523546038042,56.77933586708402,1011.5801091626482,1,drift
2024-10-11 11:00:00,12.38797139469935,51.18771265221334,1017.5322915651777,1,drift
2024-10-11 12:00:00,9.732644934046077,57.72589112743063,1015.3125964431596,1,drift
2024-10-11 13:00:00,8.840501155436895,62.32105775711966,1013.9896130971666,1,drift
2024-10-11 14:00:00,5.149377553603073,63.885010764536986,1020.1278119188421,1,drift
2024-10-11 15:00:00,6.290476408475818,70.09298211262247,1017.2713390698018,1,drift
2024-10-11 16:00:00,7.060305652712248,71.05453591643622,1015.9767215976548,1,drift
2024-10-11 17:00:00,6.385405615170253,74.50573690795042,1020.8318407693171,1,drift
2024-10-11 18:00:00,6.68114866182765,71.16755284354846,1014.9774854234738,1,drift
2024-10-11 19:00:00,3.4752202232697655,73.78720463468274,1020.9473152547286,1,drift
2024-10-11 20:00:00,7.196676429165447,78.80697184951596,1021.9491863387037,1,drift
2024-10-11 21:00:00,6.184658239253448,70.61326423181421,1023.7403947634353,1,drift
2024-10-11 22:00:00,8.31568165626205,60.64668554121584,1023.2794507181079,1,drift
2024-10-11 23:00:00,8.946229882259606,69.39709054086413,1024.5674594875547,1,drift
2024-10-12 00:00:00,9.188602927606766,57.147637097551744,1024.3447989876695,1,drift
2024-10-12 01:00:00,12.17323138554622,57.10877273260324,1030.6020759447447,1,drift
2024-10-12 02:00:00,14.482398054947254,53.23687665653738,1027.7170412899702,1,drift
2024-10-12 03:00:00,13.143836635936724,53.638996682404596,1027.5598509980937,1,drift
2024-10-12 04:00:00,15.34607667543794,44.90972145009545,1029.6686636006973,1,drift
2024-10-12 05:00:00,14.709221719636512,40.792706073742735,1022.6459393516888,1,drift
2024-10-12 06:00:00,15.986362067045006,42.99881446883653,1030.5986722686291,1,drift
2024-10-12 07:00:00,16.167631978666076,48.30430290775356,1032.3515304507457,1,drift
2024-10-12 08:00:00,13.983920769735493,46.11772502077897,1020.7115327670895,1,drift
2024-10-12 09:00:00,13.843695457455313,48.93037024319276,1020.2101645015316,1,drift
2024-10-12 10:00:00,14.805215483644009,49.0546405881435,1020.5198382940234,1,drift
2024-10-12 11:00:00,11.206640980129183,57.965060960377166,1023.0705117227068,1,drift
2024-10-12 12:00:00,10.680438651463799,58.03883978216567,1021.3346668351618,1,drift
2024-10-12 13:00:00,9.16636042115299,63.49849652141277,1021.0852882492198,1,drift
2024-10-12 14:00:00,9.043809485046816,67.89564053505528,1012.0174190336231,0,none
2024-10-12 15:00:00,5.573709372012246,68.99736950467302,1009.1061647526453,0,none
2024-10-12 16:00:00,6.141441904027764,75.07339885428408,1014.5056546807926,0,none
2024-10-12 17:00:00,4.866763258992053,77.36989867003093,1012.160536440041,0,none
2024-10-12 18:00:00,4.966027492709411,75.51222458601588,1010.1975192179588,0,none
2024-10-12 19:00:00,4.33104838437605,76.9872077006576,1014.3839727301823,0,none
2024-10-12 20:00:00,5.781787248391426,70.38836139456909,1013.3864977525241,0,none
2024-10-12 21:00:00,8.096351606489137,70.3010294853969,1013.0636601044621,0,none
2024-10-12 22:00:00,7.9608083429482965,68.7081183829557,1012.6073169847597,0,none
2024-10-12 23:00:00,8.631087457763114,64.05028927956748,1013.6464912607119,0,none
2024-10-13 00:00:00,11.066346625962868,56.0014133245928,1013.3994477838224,0,none
2024-10-13 01:00:00,9.966115337299216,54.64973720300097,1008.8302756331059,0,none
2024-10-13 02:00:00,10.816859741772923,53.16219551116589,1014.2608339005513,0,none
2024-10-13 03:00:00,15.07219946690579,47.55891115879207,1011.3880807445599,0,none
2024-10-13 04:00:00,14.446985626422386,46.662307525620825,1012.3577673813481,0,none
2024-10-13 05:00:00,13.76270948018988,48.47017892731819,1014.7743464194413,0,none
2024-10-13 06:00:00,13.300571571805504,44.47134726801817,1008.1551041256092,0,none
2024-10-13 07:00:00,15.93219319426565,45.612923281691465,1017.8401488232903,0,none
2024-10-13 08:00:00,13.344553944662687,50.18838165177435,1011.2879676053059,0,none
2024-10-13 09:00:00,13.215784286560037,51.59213035189475,1012.0715095224151,0,none
2024-10-13 10:00:00,13.026782789972147,53.14151714276637,1011.9293338031038,0,none
2024-10-13 11:00:00,12.674338795033492,55.174044719605625,1012.9791126457895,0,none
2024-10-13 12:00:00,11.035859007056093,59.44878537911127,1011.8705161219929,0,none
2024-10-13 13:00:00,9.563986813467167,66.29944716321711,1012.3435352066186,0,none
2024-10-13 14:00:00,8.45366122688696,68.49161553408142,1012.4812079485654,0,none
2024-10-13 15:00:00,7.012903752814547,69.35075723119093,1016.8952109555297,1,drift
2024-10-13 16:00:00,5.8377924551192315,71.32902047738574,1011.647004547281,1,drift
2024-10-13 17:00:00,5.46089082247559,77.67932817187021,1013.8448344799579,1,drift
2024-10-13 18:00:00,5.612570278946195,76.93070874216006,1015.8782968936865,1,drift
2024-10-13 19:00:00,5.449227495289713,68.46281037346637,1017.0806813901293,1,drift
2024-10-13 20:00:00,4.934880982573791,70.48818234191828,1018.5531365897281,1,drift
2024-10-13 21:00:00,6.757566052560279,70.74599550461222,1016.8257215573761,1,drift
2024-10-13 22:00:00,8.967688888851237,71.65680331554252,1016.2185257067142,1,drift
2024-10-13 23:00:00,8.99893005652289,66.23169354070068,1013.3290699381545,1,drift
2024-10-14 00:00:00,12.95938122042628,56.639100279084985,1015.5487939605523,1,drift
2024-10-14 01:00:00,10.678698404931824,58.69465084090718,1017.5656015460299,1,drift
2024-10-14 02:00:00,13.359715753308201,51.492515809953105,1017.3172587227635,1,drift
2024-10-14 03:00:00,13.27815001841305,46.53270693120969,1018.2155716352764,1,drift
2024-10-14 04:00:00,14.743253266191008,40.245695517517746,1022.4157927141642,1,drift
2024-10-14 05:00:00,13.24467550201325,42.81034035265242,1020.3492755096008,1,drift
2024-10-14 06:00:00,14.755461256236448,49.14562219995632,1019.6368363062937,1,drift
2024-10-14 07:00:00,15.52630003617766,44.83579471540313,1016.7523414991241,1,drift
2024-10-14 08:00:00,14.993734587267305,49.643559438195915,1024.356747970446,1,drift
2024-10-14 09:00:00,14.21221025944238,51.399004095536746,1019.6993591016924,1,drift
2024-10-14 10:00:00,12.585076628378646,48.5044689888211,1022.4765458649761,1,drift
2024-10-14 11:00:00,10.834214345174383,51.17588688980541,1021.8481181979652,1,drift
2024-10-14 12:00:00,10.411245786359752,53.89027028071003,1019.891922975848,1,drift
2024-10-14 13:00:00,9.897063321572256,65.10350638481295,1020.6053639905234,1,drift
2024-10-14 14:00:00,6.999409365829275,70.67217884776305,1022.4208427126628,1,drift
2024-10-14 15:00:00,6.824392175185744,72.00417833969566,1012.892771351429,0,none
2024-10-14 16:00:00,7.792756918253371,68.02100582223916,1015.8267497759382,0,none
2024-10-14 17:00:00,5.282130408172768,73.05947016199575,1013.5129015302094,0,none
2024-10-14 18:00:00,5.188089927803892,71.79868470625243,1007.6559565001088,0,none
2024-10-14 19:00:00,5.039087711552217,76.89430414397663,1013.5186980316485,0,none
2024-10-14 20:00:00,6.997045511795964,76.90279033182264,1012.1458896090222,0,none
2024-10-14 21:00:00,6.932669670265277,72.27289096493772,1014.3740765158553,0,none
2024-10-14 22:00:00,8.81373451665343,66.28289392598772,1012.8272935771794,0,none
2024-10-14 23:00:00,8.552578725500583,65.67841764954012,1010.2224093311736,0,none
2024-10-15 00:00:00,9.25961456117347,59.512587578643995,1012.7806643562012,0,none
2024-10-15 01:00:00,12.002198590846596,54.181717137791196,1014.1231775019043,0,none
2024-10-15 02:00:00,14.833016804540767,54.35032343296716,1015.6156562746024,0,none
2024-10-15 03:00:00,43.365518315614445,52.18506160969003,1009.5607789121657,1,spike
2024-10-15 04:00:00,13.350256175761906,43.601657735459376,1015.6226743299042,0,none
2024-10-15 05:00:00,15.024905381635014,49.457491783079575,1011.8559406076782,0,none
2024-10-15 06:00:00,13.455329456756632,45.35596355079098,1015.2921476496497,0,none
2024-10-15 07:00:00,16.948262905464937,47.006906001168275,1012.3292164693765,0,none
2024-10-15 08:00:00,14.063992107938317,47.270382138436716,1016.7151394901895,0,none
2024-10-15 09:00:00,14.167837148457487,47.77523364298484,1014.8408716038799,0,none
2024-10-15 10:00:00,12.610139538279922,54.05849716529368,1011.078835190803,0,none
2024-10-15 11:00:00,12.255537940694179,53.49137871489762,1013.0769658405036,0,none
2024-10-15 12:00:00,10.035373054981612,59.77858540725135,1012.9825885856636,0,none
2024-10-15 13:00:00,8.64468718744143,67.48828859613955,1017.8364513980029,0,none
2024-10-15 14:00:00,8.888721391248355,63.46315653198572,1012.9430054195454,0,none
2024-10-15 15:00:00,6.081766087728141,73.46321177567901,1011.5802825313116,0,none
2024-10-15 16:00:00,8.982768137273656,69.03494826159871,1012.4302518136107,0,none
2024-10-15 17:00:00,6.573567454984131,74.56551712609183,1011.3312989355871,0,none
2024-10-15 18:00:00,6.462752364830465,76.39789134833553,1013.3232253349231,0,none
2024-10-15 19:00:00,4.328994553619079,66.96306589608021,1010.9270123481253,0,none
2024-10-15 20:00:00,5.311622665346917,73.52578596442908,1011.4649098947087,0,none
2024-10-15 21:00:00,4.892523495101025,71.31238220003297,1011.6161603484612,0,none
2024-10-15 22:00:00,8.467883378592619,67.67183139775325,1013.497468888845,0,none
2024-10-15 23:00:00,8.002824306202696,65.6044068108915,1013.9330669992752,0,none
2024-10-16 00:00:00,9.67630665435122,58.53724223645423,1010.771012855917,0,none
2024-10-16 01:00:00,11.782508018925462,58.79996529963562,1011.709068077741,0,none
2024-10-16 02:00:00,12.727398944746668,55.36820009110553,1013.2826613682138,0,none
2024-10-16 03:00:00,13.593760247710378,50.55578300615594,1011.9157485372605,0,none
2024-10-16 04:00:00,14.854674396711644,44.41875973089526,1010.7844173997149,0,none
2024-10-16 05:00:00,16.94423787491633,46.99217126994501,1012.9765388574316,0,none
2024-10-16 06:00:00,16.581262142467626,45.236160597391084,1012.4782064987857,0,none
2024-10-16 07:00:00,14.42721310736345,48.00546928006323,1013.0298362799431,0,none
2024-10-16 08:00:00,14.881482239763532,48.46904728015408,1013.6786374924724,0,none
2024-10-16 09:00:00,13.44051725351951,49.998978165620855,1008.6885983001005,0,none
2024-10-16 10:00:00,11.934598587951038,47.23844626851681,1011.4082593829381,0,none
2024-10-16 11:00:00,13.200488683046753,56.472913247417694,1013.2170983052267,0,none
2024-10-16 12:00:00,10.413678808352289,57.295561473979255,1010.112281433279,0,none
2024-10-16 13:00:00,9.693600946644803,69.47005531183834,1014.6000880012358,0,none
2024-10-16 14:00:00,7.409326776773736,69.36978875907855,1011.5374314904471,0,none
2024-10-16 15:00:00,4.553208434810428,71.29682276825572,1016.2730698750703,0,none
2024-10-16 16:00:00,4.387036763492819,71.15904124044933,1016.9264976540936,0,none
2024-10-16 17:00:00,5.3447849379956525,75.70983761596644,1012.2990935838662,0,none
2024-10-16 18:00:00,4.432872842163668,76.10539168357653,1011.5960482590788,0,none
2024-10-16 19:00:00,5.744427110528031,77.22596657866553,1009.8545767190199,0,none
2024-10-16 20:00:00,4.692687980996631,77.45084434505922,1012.2614830670199,0,none
2024-10-16 21:00:00,7.371647276470755,76.44476140579143,1013.7301890531861,0,none
2024-10-16 22:00:00,8.653320801711871,71.0977297627804,1012.4898370901318,0,none
2024-10-16 23:00:00,9.973667493948671,61.15792029358643,1020.170190222193,0,none
2024-10-17 00:00:00,9.37416431936093,54.60982697505563,1012.0472739837048,0,none
2024-10-17 01:00:00,10.05124313399643,55.42479434175488,1012.2981356533294,0,none
2024-10-17 02:00:00,13.615426929594788,55.02186020566617,1014.2815452789032,0,none
2024-10-17 03:00:00,13.247366262719764,44.063233110012014,1010.9315299786862,0,none
2024-10-17 04:00:00,14.624276159518129,44.721605042239915,1012.5060194369541,0,none
2024-10-17 05:00:00,14.06729150554611,45.194269323245436,1014.7701680391734,0,none
2024-10-17 06:00:00,15.529997172295612,44.96969682125771,1012.2261306194234,0,none
2024-10-17 07:00:00,15.366754296484727,40.96241420229792,1015.6256495375845,0,none
2024-10-17 08:00:00,13.744486294219563,41.933322965140306,1015.1113534416376,0,none
2024-10-17 09:00:00,15.202040245984477,53.51514942326557,1012.064350351447,0,none
2024-10-17 10:00:00,13.11327163962544,51.60519271071507,1014.106476298211,0,none
2024-10-17 11:00:00,10.151130297874143,59.906645229816014,1013.4827005662363,0,none
2024-10-17 12:00:00,9.6977346617503,59.39232029503897,1013.4131852338465,1,freeze
2024-10-17 13:00:00,8.641308576057913,59.39232029503897,1012.0492636873408,1,freeze
2024-10-17 14:00:00,8.140403956384203,59.39232029503897,1012.1880603644273,1,freeze
2024-10-17 15:00:00,7.822856967945771,59.39232029503897,1013.1338233120579,1,freeze
2024-10-17 16:00:00,6.847687174725961,59.39232029503897,1013.8068523075212,1,freeze
2024-10-17 17:00:00,5.562094818909517,59.39232029503897,1013.0829853471541,1,freeze
2024-10-17 18:00:00,5.610365997499823,76.91115153968413,1010.5767344644063,0,none
2024-10-17 19:00:00,5.695009561543201,72.37574827046578,1014.2757727742537,0,none
2024-10-17 20:00:00,4.700903799011273,81.66026151674241,1014.3557268444114,0,none
2024-10-17 21:00:00,6.612902111550819,70.20048126915788,1013.6918448495685,0,none
2024-10-17 22:00:00,6.581928045837495,66.00955148800521,1013.4080379718686,0,none
2024-10-17 23:00:00,8.857750209328387,64.48299338532567,1013.876516207491,0,none
2024-10-18 00:00:00,12.472999387784748,63.64775711265639,1013.9326119235357,0,none
2024-10-18 01:00:00,11.788510602848007,57.931051892537354,1008.6762482782835,0,none
2024-10-18 02:00:00,12.807446112304982,53.324729206858166,1014.5951651868205,0,none
2024-10-18 03:00:00,13.352824651144369,48.67263976808579,1012.9501650054323,0,none
2024-10-18 04:00:00,13.686656043488576,49.138618794821056,1012.3363699201491,0,none
2024-10-18 05:00:00,15.765627392329456,42.1298431118768,1016.5989835257401,0,none
2024-10-18 06:00:00,14.267131914312762,44.08278902071946,1011.956485686649,0,none
2024-10-18 07:00:00,14.90667698994023,46.17529844482755,1014.9717032289517,0,none
2024-10-18 08:00:00,15.806444951239149,48.06066043156421,1012.4624454203137,0,none
2024-10-18 09:00:00,16.1824342019843,45.284998644765615,1010.1366608834478,0,none
2024-10-18 10:00:00,12.304837921095423,55.59003767510359,1012.9480548047878,0,none
2024-10-18 11:00:00,13.449371855359146,54.65446634158804,1016.0994415193449,0,none
2024-10-18 12:00:00,10.22643014742139,62.415897950865244,1015.2487704479571,0,none
2024-10-18 13:00:00,9.250814364591069,62.947964878962075,1011.3344745187147,0,none
2024-10-18 14:00:00,7.017713114802832,67.3427000294847,1013.1864017707229,0,none
2024-10-18 15:00:00,7.227696616488251,71.12153052966839,1012.2861916887912,0,none
2024-10-18 16:00:00,4.987999524525144,69.79251693024956,1010.1614203291055,0,none
2024-10-18 17:00:00,6.431855832984473,74.61399811560526,1010.6322549521689,0,none
2024-10-18 18:00:00,5.1531906873696665,73.61577412718519,1014.3468785529403,0,none
2024-10-18 19:00:00,6.375202638165157,75.49877699368314,1011.5086017230492,0,none
2024-10-18 20:00:00,5.0373558302229515,75.42976429107453,1012.7680365605037,0,none
2024-10-18 21:00:00,8.483710526257568,71.24851745204566,1012.6309276635461,0,none
2024-10-18 22:00:00,8.915506849433058,72.64060590114589,1012.6232199725326,0,none
2024-10-18 23:00:00,8.932994361197135,64.3539830698639,1015.8633370152387,0,none
2024-10-19 00:00:00,10.065972538101471,57.20460287193579,1015.3969614326173,0,none
2024-10-19 01:00:00,12.518697393042412,61.42305436777963,1015.7163470688819,0,none
2024-10-19 02:00:00,13.45581732104911,54.95495972126359,1018.1311443632592,0,none
2024-10-19 03:00:00,13.156927794576916,56.07145567319282,1014.3197802885475,0,none
2024-10-19 04:00:00,,51.94392085898866,1014.6778108330401,1,null
2024-10-19 05:00:00,15.391162638579603,45.97801156225475,1014.1260797798884,0,none
2024-10-19 06:00:00,34.04271997307722,45.699929924833945,1012.941066661312,1,spike
2024-10-19 07:00:00,15.440531461457251,42.56689794559829,1011.8924912431966,0,none
2024-10-19 08:00:00,15.050842578947103,42.699296901574826,1013.2170292945801,0,none
2024-10-19 09:00:00,15.976572311671523,55.78214008134943,1014.8016981683129,0,none
2024-10-19 10:00:00,11.073193760208675,49.6679629718655,1016.1048708900886,0,none
2024-10-19 11:00:00,12.662647965691322,52.897301973422536,1011.9017108761943,0,none
2024-10-19 12:00:00,10.822875581313987,62.30374756730438,1018.5669950940869,0,none
2024-10-19 13:00:00,8.980203517797637,63.067266643645816,1012.4001201796237,0,none
2024-10-19 14:00:00,7.931548308956264,65.10134874768879,1010.9529834318013,0,none
2024-10-19 15:00:00,7.484970813326065,71.5164625938176,1013.8933817519314,0,none
2024-10-19 16:00:00,7.619356640336557,67.67454874960356,1012.9378045347167,0,none
2024-10-19 17:00:00,5.703313631722418,73.12753118929,1013.7566559685158,0,none
2024-10-19 18:00:00,6.372283449516134,74.60334400161148,1011.94980011669,0,none
2024-10-19 19:00:00,6.1146732701560165,75.00524903937773,1012.4424773589653,0,none
2024-10-19 20:00:00,5.755862472367013,74.23403816628871,1011.4964094692348,0,none
2024-10-19 21:00:00,4.748207530133358,68.21652903367523,1013.2345456972186,0,none
2024-10-19 22:00:00,8.314154390108039,66.18233362683914,1010.539843635849,0,none
2024-10-19 23:00:00,10.185874092915304,63.108897747140624,1013.3541205254601,0,none
2024-10-20 00:00:00,9.658144000548642,63.47322630780773,1014.6508964578553,0,none
2024-10-20 01:00:00,12.698514617695402,60.246819224893805,1011.8353512036956,0,none
2024-10-20 02:00:00,13.130519114298712,49.89306971317909,1016.0553617784692,0,none
2024-10-20 03:00:00,14.333189666979436,44.76506416642325,1010.0986762665041,0,none
2024-10-20 04:00:00,15.671622916476776,42.42962316272523,1009.4546054024389,0,none
2024-10-20 05:00:00,15.326300410349798,49.07719311516669,1012.6013342104178,0,none
2024-10-20 06:00:00,15.584611693047865,45.16096202301573,1016.7201808513952,0,none
2024-10-20 07:00:00,14.995581661983257,45.82685837458645,1010.6753966756643,0,none
2024-10-20 08:00:00,15.212756847824933,50.32111237988351,1013.7905936020755,0,none
2024-10-20 09:00:00,13.996218396851003,54.400529619689536,1014.8875490034368,0,none
2024-10-20 10:00:00,12.297451235072131,52.43087652554607,1014.2514721483869,0,none
2024-10-20 11:00:00,13.561322981954364,56.87783989415915,1011.8108060412455,0,none
2024-10-20 12:00:00,10.566933165259092,64.53931516467746,1010.91570132818,0,none
2024-10-20 13:00:00,10.363314944939251,66.90793916176182,1014.381881513805,0,none
2024-10-20 14:00:00,7.180422256012045,66.49815942823986,1015.5665749193843,0,none
2024-10-20 15:00:00,6.211296862873897,69.98648886470201,1014.7692262835104,0,none
2024-10-20 16:00:00,7.281006744242486,79.04529112376113,1012.931485061421,0,none
2024-10-20 17:00:00,5.151165216842957,76.16444567531282,1012.3957620211901,0,none
2024-10-20 18:00:00,5.845240126379242,79.14605168819183,1012.8652362688287,0,none
2024-10-20 19:00:00,5.400698365815158,72.22757764545281,1015.5218614175009,0,none
2024-10-20 20:00:00,6.529276709545952,74.55420428631338,1011.3152346677971,0,none
2024-10-20 21:00:00,6.0420409525852214,68.00074463685618,1010.1951441677519,0,none
2024-10-20 22:00:00,9.561803861309762,65.12556059183665,1012.0040504607006,0,none
2024-10-20 23:00:00,9.846421564616117,63.14389656370088,1010.3687424262731,0,none
2024-10-21 00:00:00,10.183403389624095,63.03850547417504,1012.3839192295346,0,none
2024-10-21 01:00:00,11.853713352763558,55.28873335899257,1010.67986585621,0,none
2024-10-21 02:00:00,12.895282176433732,53.12402166433183,1016.1914085874852,0,none
2024-10-21 03:00:00,14.976645119017777,50.648247504980255,1011.812003255582,0,none
2024-10-21 04:00:00,16.03495302284727,42.69403973675928,1013.81075660147,0,none
2024-10-21 05:00:00,15.878629209413226,41.84332817135739,1011.07184034097,0,none
2024-10-21 06:00:00,14.47492055081753,43.76221531955726,1012.6776237934163,0,none
2024-10-21 07:00:00,14.500084683541107,43.59302883883618,1010.6930378259741,0,none
2024-10-21 08:00:00,14.125935808073747,45.28064597813693,1013.3834674346226,0,none
2024-10-21 09:00:00,14.437752569950037,49.54517001988498,1014.209742799398,0,none
2024-10-21 10:00:00,14.238951590845211,53.59148535534425,1014.5483480311229,0,none
2024-10-21 11:00:00,11.915096990295314,61.81413346017166,1012.3074461499352,0,none
2024-10-21 12:00:00,10.075885018813583,61.131862275467185,1010.6091846674868,0,none
2024-10-21 13:00:00,11.359034063151237,68.74163646319704,1008.521509733638,0,none
2024-10-21 14:00:00,7.640648777310953,70.92294327890612,1013.2762489305535,0,none
2024-10-21 15:00:00,9.03542403358194,71.5861378125675,1013.031625598161,0,none
2024-10-21 16:00:00,6.652472000571389,64.9583220995603,1011.2827666645189,0,none
2024-10-21 17:00:00,6.444401456250656,70.96859137254101,1008.3474721157064,0,none
2024-10-21 18:00:00,4.845347105678104,81.71019694811967,1012.7489685485709,0,none
2024-10-21 19:00:00,5.357519796217527,73.48276349140032,1011.8394075160885,0,none
2024-10-21 20:00:00,8.495015406749435,67.7239852375799,1014.9649098125916,0,none
2024-10-21 21:00:00,5.300344966892329,72.78581551268239,1014.67824052228,0,none
2024-10-21 22:00:00,8.64991779072906,71.47458162675221,1012.6284636463312,0,none
2024-10-21 23:00:00,8.600937459415947,65.89044024518063,1011.8447407652818,0,none
2024-10-22 00:00:00,10.209374016194232,53.1493503556273,1010.1552233626971,0,none
2024-10-22 01:00:00,11.956616921247427,54.483505334997275,1011.5243821806662,0,none
2024-10-22 02:00:00,34.44580264770034,53.87586789453323,1010.6186497878864,1,spike
2024-10-22 03:00:00,14.147592633295753,44.38386258221588,1012.3234826049546,0,none
2024-10-22 04:00:00,13.87655979460336,45.03714637522478,1010.5677054310046,0,none
2024-10-22 05:00:00,15.943433112994587,44.12363004702599,1012.9839760833379,0,none
2024-10-22 06:00:00,16.022777701572352,42.52048014521439,1013.391947397258,0,none
2024-10-22 07:00:00,15.470081922463994,46.43242467519772,1012.3262897307216,0,none
2024-10-22 08:00:00,13.97193851547437,45.43860690032293,1014.2779783825893,0,none
2024-10-22 09:00:00,13.676985428308873,51.36519742464545,1011.3671906524459,0,none
2024-10-22 10:00:00,12.858258551155483,52.580622938469155,1010.1631750860533,0,none
2024-10-22 11:00:00,10.728442734149835,63.05901266657269,1013.4610204224824,0,none
2024-10-22 12:00:00,11.873870691427943,58.93595247177008,1014.3205607214562,0,none
2024-10-22 13:00:00,8.689540555226474,61.811999697869524,1010.8505040117636,0,none
2024-10-22 14:00:00,9.019197930446929,73.25219612825752,1015.7450324035881,0,none
2024-10-22 15:00:00,6.728152903424472,72.01652449774417,1012.3112255904358,0,none
2024-10-22 16:00:00,6.799755529947056,66.82651881814171,1012.2326383721455,0,none
2024-10-22 17:00:00,6.530032709885039,76.62095175413101,1009.4684832601855,0,none
2024-10-22 18:00:00,6.600074675294066,71.19912644357137,1014.5965372526417,0,none
2024-10-22 19:00:00,6.982578790495355,74.31426831939397,1012.7329578298251,0,none
2024-10-22 20:00:00,5.457277387106766,75.35130623917722,1010.9647663642298,0,none
2024-10-22 21:00:00,7.6381574436155075,70.30811957364952,1012.5127387348036,0,none
2024-10-22 22:00:00,6.801324970627766,69.05711856621772,1016.213166609617,0,none
2024-10-22 23:00:00,9.208705172543125,64.69003073330418,1017.0049388746579,0,none
2024-10-23 00:00:00,9.209527922059973,61.04665474524831,1014.209257635233,0,none
2024-10-23 01:00:00,12.718991449827133,57.20851231629499,1010.471642713845,0,none
2024-10-23 02:00:00,14.302692728501174,51.0257375935086,1013.6999518239074,0,none
2024-10-23 03:00:00,12.027198274737058,50.323912592227416,1015.7245089301351,0,none
2024-10-23 04:00:00,15.305370655421838,44.42024968716141,1012.9118868993194,0,none
2024-10-23 05:00:00,16.213234878679433,44.11214456142301,1011.7753463853479,0,none
2024-10-23 06:00:00,15.744923793336364,47.02550066682887,1012.9075393815435,0,none
2024-10-23 07:00:00,15.530907542821597,41.40801271820462,1014.5695558443201,0,none
2024-10-23 08:00:00,14.488029152433674,46.25895690620689,1015.924694135131,0,none
2024-10-23 09:00:00,14.809725459386964,48.34339175589845,1010.5629543563163,0,none
2024-10-23 10:00:00,13.396359541297508,52.519179405079946,1013.7972782807633,0,none
2024-10-23 11:00:00,12.818374569413415,56.321679020368194,1014.0176106192824,1,freeze
2024-10-23 12:00:00,9.560673084022287,56.321679020368194,1008.5160283619211,1,freeze
2024-10-23 13:00:00,9.265875501430436,56.321679020368194,1011.179533853064,1,freeze
2024-10-23 14:00:00,8.368226524788078,56.321679020368194,1013.1913821511037,1,freeze
2024-10-23 15:00:00,7.180005887246848,56.321679020368194,1010.1600591706573,1,freeze
2024-10-23 16:00:00,6.85378441800927,56.321679020368194,1012.5560380181757,1,freeze
2024-10-23 17:00:00,5.448196209094521,73.99379383099483,1010.6746410503368,0,none
2024-10-23 18:00:00,5.274748333516436,68.78581319133905,1011.5680559858281,0,none
2024-10-23 19:00:00,7.4933777200869525,82.52729248808268,1015.4760699128752,0,none
2024-10-23 20:00:00,6.750542881440469,69.82110570915819,1011.9485931104924,0,none
2024-10-23 21:00:00,7.101289788098799,62.016304126473486,1017.7814014157715,0,none
2024-10-23 22:00:00,7.18052976427998,65.58005126299221,1013.5484812681618,0,none
2024-10-23 23:00:00,8.807396381940015,61.180129781885356,1013.1816529803543,0,none
2024-10-24 00:00:00,10.047921499203076,57.393043771146296,1012.0003225112437,0,none
2024-10-24 01:00:00,12.861928685636608,53.82272628385019,1017.4399704748674,0,none
2024-10-24 02:00:00,14.190398438844639,55.59003195271754,1011.3156652590967,0,none
2024-10-24 03:00:00,13.555854000698108,48.284322296115306,1011.6715211681222,0,none
2024-10-24 04:00:00,15.488292123320486,44.34840953521193,1013.2971762460971,0,none
2024-10-24 05:00:00,16.30357401961855,46.27994371849215,1011.3787176372072,0,none
2024-10-24 06:00:00,19.15115448019142,42.374257982313985,1012.0753079725921,0,none
2024-10-24 07:00:00,16.294755070236743,41.80647909067207,1011.6168279971151,0,none
2024-10-24 08:00:00,15.512703240801079,48.73779726525233,1012.5500305065628,0,none
2024-10-24 09:00:00,15.198693990001207,47.96836699328814,1013.6980449888498,0,none
2024-10-24 10:00:00,13.308922756591864,53.45860626150771,1010.6169161359452,0,none
2024-10-24 11:00:00,12.390526224056673,58.94157230483238,1012.1239569310217,0,none
2024-10-24 12:00:00,9.70847140092512,62.76227987980609,1009.8824834367313,0,none
2024-10-24 13:00:00,7.892222673662875,63.40641769395616,1011.4620865478939,0,none
2024-10-24 14:00:00,8.458277379976847,63.42882543095033,1010.9538311544413,0,none
2024-10-24 15:00:00,6.171386662957657,73.70702189362319,1014.9546200166075,0,none
2024-10-24 16:00:00,7.732998276038991,80.43320709791007,1016.311265607434,0,none
2024-10-24 17:00:00,8.46013347479687,71.49475944207313,1012.067342891345,0,none
2024-10-24 18:00:00,4.917512636544904,75.46232765599844,1013.1951696334982,0,none
2024-10-24 19:00:00,5.3542434376667005,73.64449158984156,1013.3776720555428,0,none
2024-10-24 20:00:00,5.487934792507998,70.42004064816786,1011.592974897624,0,none
2024-10-24 21:00:00,7.2235078146412,76.45486426167578,1013.2134346245629,0,none
2024-10-24 22:00:00,8.681957794005955,70.68690099052709,1011.2678882667159,0,none
2024-10-24 23:00:00,10.209429994650993,59.51267408675512,1014.8120326273366,0,none
2024-10-25 00:00:00,10.511041272525711,58.92716765658123,1012.5427881661484,0,none
2024-10-25 01:00:00,11.344624794532972,55.54341198992664,1010.7474180147949,0,none
2024-10-25 02:00:00,12.538678798222177,53.822958292139646,1010.634158022672,0,none
2024-10-25 03:00:00,17.04615916033905,52.5695854956601,1013.197183826282,0,none
2024-10-25 04:00:00,14.968169089953241,48.24459677804409,1010.7138980004571,0,none
2024-10-25 05:00:00,15.46643823285308,52.054307528129705,1010.6809868192978,0,none
2024-10-25 06:00:00,17.12047287323546,46.96228530341157,1012.0670205086018,0,none
2024-10-25 07:00:00,16.10377878855213,45.159460615603365,1014.0052977549761,0,none
2024-10-25 08:00:00,15.827730492459345,48.16555358562776,1014.6221542239921,0,none
2024-10-25 09:00:00,14.276487435219774,51.6349446330723,1012.369841666511,0,none
2024-10-25 10:00:00,13.495377543182574,52.369004964752,1012.641253877288,0,none
2024-10-25 11:00:00,11.292284503716628,54.601413793043754,1014.0103832820564,0,none
2024-10-25 12:00:00,10.233411752951639,60.91183700791251,1014.2739526761569,0,none
2024-10-25 13:00:00,8.374826625755555,57.11730532517145,1009.7663801597539,0,none
2024-10-25 14:00:00,9.100615426769398,67.37283568608052,1011.6597444686989,0,none
2024-10-25 15:00:00,7.770677567308422,66.68959816620969,1016.2279283036947,0,none
2024-10-25 16:00:00,7.066036922877705,81.87291337165367,1013.7269068231622,0,none
2024-10-25 17:00:00,6.54756924409017,74.20026108500011,1009.8382624732118,0,none
2024-10-25 18:00:00,4.6598984985798575,71.85088803033733,1014.813769012277,0,none
2024-10-25 19:00:00,6.015668041097389,69.21412422813407,1011.7223309213177,0,none
2024-10-25 20:00:00,6.730285191685042,71.69644434846812,1012.2850519493663,0,none
2024-10-25 21:00:00,7.227148642504924,68.46452336445962,1013.1930962249966,0,none
2024-10-25 22:00:00,6.6987785047341,68.17494185551817,1012.8554379549369,0,none
2024-10-25 23:00:00,9.508600195850194,71.316321132222,1017.6129184858736,0,none
2024-10-26 00:00:00,9.523955538313706,59.58482979373824,1012.512848770611,0,none
2024-10-26 01:00:00,11.353582510192268,56.13276486265076,1012.867447578942,0,none
2024-10-26 02:00:00,12.125004780064408,52.527984178767944,1014.0962522801709,0,none
2024-10-26 03:00:00,14.829928495582049,50.87039102609762,1011.648837393716,0,none
2024-10-26 04:00:00,14.621030831751375,49.45981793184591,1015.639951647863,0,none
2024-10-26 05:00:00,15.195593928460879,48.15284328819401,1015.4083499635094,0,none
2024-10-26 06:00:00,16.323205354200752,48.15983274326565,1015.5778981319569,0,none
2024-10-26 07:00:00,16.52353439342952,48.21085684194786,1014.0464271987165,0,none
2024-10-26 08:00:00,14.055049897014051,37.67199746445792,1010.1587449565646,0,none
2024-10-26 09:00:00,14.055077779857687,46.39014022016543,1014.1025295650152,0,none
2024-10-26 10:00:00,14.04293073971792,56.96822862078275,1012.3419577396911,0,none
2024-10-26 11:00:00,11.599311348075855,56.35511621930308,1016.0564969239483,0,none
2024-10-26 12:00:00,11.37694040107829,65.76898698027303,1014.4916483854947,0,none
2024-10-26 13:00:00,11.23136827138375,66.2893350404253,1013.5675088771179,0,none
2024-10-26 14:00:00,8.872062855339825,71.16583431334332,1012.5927341555175,0,none
2024-10-26 15:00:00,5.78419457020895,68.12234811784147,1016.0177116549679,0,none
2024-10-26 16:00:00,6.5813162727170536,75.60556506731213,1014.8139329341361,0,none
2024-10-26 17:00:00,7.096176172356415,74.06889100196447,1011.2817754252872,0,none
2024-10-26 18:00:00,5.737432737726688,77.29416416742133,1012.5662463411992,0,none
2024-10-26 19:00:00,7.396852977000172,73.77903740994998,1013.1488425615768,0,none
2024-10-26 20:00:00,5.787654060866645,73.92852608414967,1016.2342185121079,0,none
2024-10-26 21:00:00,8.363748016471785,67.44593566210374,1012.0202413051643,1,freeze
2024-10-26 22:00:00,9.605857788060774,67.44593566210374,1015.4120161905557,1,freeze
2024-10-26 23:00:00,11.138270132240748,67.44593566210374,1014.6025822284448,1,freeze
2024-10-27 00:00:00,11.365689585513397,67.44593566210374,1012.2191548763881,1,freeze
2024-10-27 01:00:00,11.030184431814494,67.44593566210374,1013.0184572096737,1,freeze
2024-10-27 02:00:00,13.646692236155847,67.44593566210374,1013.7525565016947,1,freeze
2024-10-27 03:00:00,13.828887678848407,53.58336319090276,1010.2533810934274,0,none
2024-10-27 04:00:00,16.48100501620347,50.12854838628992,1011.9900150320894,0,none
2024-10-27 05:00:00,16.28414375147154,45.31604375735525,1013.3953856522909,0,none
2024-10-27 06:00:00,16.629516133977923,47.060847338601874,1011.0134352499257,0,none
2024-10-27 07:00:00,15.91769191628653,40.45769100252791,1011.3745998577764,0,none
2024-10-27 08:00:00,15.026927645446829,46.07537591225517,1013.88895260248,0,none
2024-10-27 09:00:00,15.382370633709515,50.046789913114814,1012.6963958519733,0,none
2024-10-27 10:00:00,11.515347992657667,52.42417012854234,1012.9800873104188,0,none
2024-10-27 11:00:00,10.288101216280888,58.07573428586964,1010.5481443186235,0,none
2024-10-27 12:00:00,9.726023403456459,61.241558937835414,1010.4671817985861,0,none
2024-10-27 13:00:00,10.235486813368928,62.82650506040368,1014.0275469781058,0,none
2024-10-27 14:00:00,8.390545568172492,64.43640727626185,1013.9318261289283,0,none
2024-10-27 15:00:00,5.462982378971423,70.61593824399208,1013.7660948825228,0,none
2024-10-27 16:00:00,6.610706040839904,77.61987342411254,1015.2647833679417,0,none
2024-10-27 17:00:00,6.166262629229253,75.72294927369099,1009.3909158289396,0,none
2024-10-27 18:00:00,7.596736546001372,79.74743720237876,1015.061220690666,0,none
2024-10-27 19:00:00,5.6750380001978,74.90802643058743,1010.7514030873666,0,none
2024-10-27 20:00:00,8.935168014676428,74.9359862921138,1012.2436706173254,0,none
2024-10-27 21:00:00,5.320676415236527,72.09951235867506,1012.8436900709959,0,none
2024-10-27 22:00:00,26.392794170116254,57.363016405155754,1013.6429151963102,1,spike
2024-10-27 23:00:00,9.661027182363956,63.27826569633554,1017.6116824252791,0,none
2024-10-28 00:00:00,13.076260881915422,58.591881001500326,1012.045274467599,0,none
2024-10-28 01:00:00,12.812532546571365,55.99280185846756,1011.7227892861954,0,none
2024-10-28 02:00:00,13.822463880446895,51.80773052365598,1013.9772859143598,0,none
2024-10-28 03:00:00,15.57173102009079,51.06469430459689,1015.036125683515,0,none
2024-10-28 04:00:00,16.331591312306305,45.04575993976244,1012.8696481220505,0,none
2024-10-28 05:00:00,17.292397090198797,50.00780705197637,1011.813376268336,0,none
2024-10-28 06:00:00,16.26999852090128,42.21253442919352,1013.9757502311364,0,none
2024-10-28 07:00:00,15.716307203946176,44.79777740954902,1014.12613658145,0,none
2024-10-28 08:00:00,15.120619754966905,48.39794071831692,1011.7241553526571,0,none
2024-10-28 09:00:00,14.890290979370363,57.411143672697904,1012.6625587290629,0,none
2024-10-28 10:00:00,13.002448879804817,52.07462941664681,1014.2837833374452,0,none
2024-10-28 11:00:00,11.924035053069556,61.45482682719903,1011.6062295978232,0,none
2024-10-28 12:00:00,11.909885251314638,63.26312794215176,1011.9799308268063,0,none
2024-10-28 13:00:00,8.513898787454316,64.18414632792226,1010.3142047629684,0,none
2024-10-28 14:00:00,9.328359206545853,68.60075997735207,1011.7948271757361,0,none
2024-10-28 15:00:00,7.3606035576876545,69.84950401181862,1013.6973962348425,0,none
2024-10-28 16:00:00,8.589118404910126,69.7286374138105,1015.1223228366774,0,none
2024-10-28 17:00:00,8.34364066217955,68.13420222682545,1015.5319937656715,0,none
2024-10-28 18:00:00,6.529560077799034,77.40406159540983,1012.0029401084007,0,none
2024-10-28 19:00:00,7.587084759439232,74.24244324146565,1011.8930691261842,0,none
2024-10-28 20:00:00,7.127360673480297,70.28786370990944,1012.2631568304539,0,none
2024-10-28 21:00:00,8.5504482223403,69.77674516318439,1009.627192498401,0,none
2024-10-28 22:00:00,8.540105510924581,67.69115233249221,1012.4333900556792,0,none
2024-10-28 23:00:00,8.351793518163037,62.585717750469435,1012.1832158861308,0,none
2024-10-29 00:00:00,12.815962475929377,55.568067326003174,1014.1382391188736,0,none
2024-10-29 01:00:00,12.467197379437437,60.50565739285688,1018.9992016152619,0,none
2024-10-29 02:00:00,13.991296560362393,55.511036999081625,1012.7721905885574,0,none
2024-10-29 03:00:00,14.321435118980816,47.046881288012045,1010.1876590891486,0,none
2024-10-29 04:00:00,17.825513616139204,43.65921855012187,1014.3054620470506,0,none
2024-10-29 05:00:00,15.316469601967292,45.07099867578707,1011.0698782169245,0,none
2024-10-29 06:00:00,15.97164890215725,45.543322478885976,1011.5933499132384,0,none
2024-10-29 07:00:00,15.334859264260404,39.61324477345122,1013.9484550079319,0,none
2024-10-29 08:00:00,16.106818263659505,41.989947162410225,1013.1329770753324,0,none
2024-10-29 09:00:00,14.573301073140735,49.93040573478634,1012.8516617931659,0,none
2024-10-29 10:00:00,14.31575529476945,46.34901252115243,1012.7842114228406,0,none
2024-10-29 11:00:00,11.499129865816748,57.13874538844817,1015.3899911232155,0,none
2024-10-29 12:00:00,10.074534942071233,58.78591389850634,1011.5949472497092,0,none
2024-10-29 13:00:00,9.207274221025804,64.74978105441608,1010.5115432458952,1,drift
2024-10-29 14:00:00,7.958581991050577,66.43040564956274,1014.7262560685264,1,drift
2024-10-29 15:00:00,7.4694894014992705,67.49754933772,1016.6274170219401,1,drift
2024-10-29 16:00:00,6.122132139481075,72.83984600479825,1012.4941568819663,1,drift
2024-10-29 17:00:00,5.8188939838703195,74.41105848782627,1016.5284389760109,1,drift
2024-10-29 18:00:00,6.3627285307207355,74.39265467974309,1018.9124081254032,1,drift
2024-10-29 19:00:00,5.868075706785738,75.39930624713097,1016.3363257663271,1,drift
2024-10-29 20:00:00,9.311287277281036,71.88927485828991,1017.7610237409529,1,drift
2024-10-29 21:00:00,7.66661351063205,76.73292416001041,1016.0354804260786,1,drift
2024-10-29 22:00:00,8.499286206908494,65.3880385765136,1019.0724478921851,1,drift
2024-10-29 23:00:00,9.01968900684829,61.05238739650373,1016.4978702824443,1,drift
2024-10-30 00:00:00,12.904218972689595,58.04005729691548,1017.6253242378182,1,drift
2024-10-30 01:00:00,13.59235135724555,54.07545897524389,1017.3238704680812,1,drift
2024-10-30 02:00:00,14.272745079458266,50.33925539067903,1018.472559306948,1,drift
2024-10-30 03:00:00,14.987973441740449,49.84360990280927,1019.0512817618234,1,drift
2024-10-30 04:00:00,14.855836268626776,46.931459844567065,1015.7225254629349,1,drift
2024-10-30 05:00:00,17.004791973759062,47.02676934204258,1018.7247117540036,1,drift
2024-10-30 06:00:00,16.569010073132294,42.02440207698241,1019.0276877536185,1,drift
2024-10-30 07:00:00,15.046052622024423,43.00449868338572,1021.1664733648265,1,drift
2024-10-30 08:00:00,14.999746674575034,43.000457195570306,1021.0342579516347,1,drift
2024-10-30 09:00:00,14.561954802484944,50.42146744717748,1023.0250581884046,1,drift
2024-10-30 10:00:00,13.685502249185056,51.2427648525364,1020.8538992984171,1,drift
2024-10-30 11:00:00,11.515038020919919,54.49031440239106,1020.7347453966894,1,drift
2024-10-30 12:00:00,11.137990441348597,60.391895354880475,1021.9749510974685,1,drift
2024-10-30 13:00:00,9.98328839584749,69.41189978064155,1011.2392730465231,0,none
2024-10-30 14:00:00,9.301183223542683,66.6214880822109,1013.8082945455905,0,none
2024-10-30 15:00:00,7.509899707306872,74.72369945546289,1012.3657577597444,0,none
2024-10-30 16:00:00,6.349056938758338,74.56301808134953,1012.8137224646622,0,none
2024-10-30 17:00:00,7.568825802659342,75.99116103744201,1013.0390009532421,0,none
2024-10-30 18:00:00,6.1418610838667025,77.79235739394956,1011.6216137534348,0,none
2024-10-30 19:00:00,4.253543136628151,71.8352262356662,1012.1102999993858,0,none
2024-10-30 20:00:00,7.624373896568514,75.0406374169787,1012.2808771930102,0,none
2024-10-30 21:00:00,7.742892776662866,69.1524945213215,1013.4372359986312,0,none
2024-10-30 22:00:00,9.55047317401119,66.86371692785463,1014.8673483463602,0,none
2024-10-30 23:00:00,9.795377419732546,64.39850765766832,1013.2595956044693,0,none
2024-10-31 00:00:00,11.591278435149459,59.437151431481546,1010.0391468677401,0,none
2024-10-31 01:00:00,11.307578925168274,53.71978156347276,1013.4604842321659,0,none
2024-10-31 02:00:00,12.457866003469807,51.83369750334534,1014.557315939324,0,none
2024-10-31 03:00:00,13.092683314040395,51.106461870697174,1010.580491619742,0,none
2024-10-31 04:00:00,15.8808776231463,46.105969807596864,1015.9215859649934,0,none
2024-10-31 05:00:00,16.991915142119833,49.41734229959905,1012.7294692589246,0,none
2024-10-31 06:00:00,14.989597511056004,45.16290352122163,1013.8467146115153,0,none
2024-10-31 07:00:00,16.83073437610973,48.53945536294775,1008.3017913682475,0,none
2024-10-31 08:00:00,15.690509349660468,47.267876747661006,1012.6922604211161,0,none
2024-10-31 09:00:00,14.763669774602638,47.57263974431325,1012.1840858340692,0,none
2024-10-31 10:00:00,13.035142948115714,51.87150765898413,1013.5318275766382,0,none
2024-10-31 11:00:00,13.502209111937594,57.615345309132636,1011.5352470149711,0,none
2024-10-31 12:00:00,9.574203596648886,60.698839147125916,1012.5571293230255,0,none
2024-10-31 13:00:00,9.442237133562626,65.67308657728587,1016.0861620903987,0,none
2024-10-31 14:00:00,9.21323078843069,63.79424201304802,1010.4180865654669,0,none
2024-10-31 15:00:00,6.602152256525581,71.20173126777813,1012.2959941837884,0,none
2024-10-31 16:00:00,7.810164866138843,75.76997282742259,1015.1969451621558,0,none
2024-10-31 17:00:00,6.973887693783271,73.62528909250908,1017.3299699984348,0,none
2024-10-31 18:00:00,6.200860111120916,80.13432491442313,1011.9247761012002,0,none
2024-10-31 19:00:00,7.580317884104441,69.36696700685854,1014.8115630412548,0,none
2024-10-31 20:00:00,6.776669294697203,79.33773112652572,1013.7593813027241,0,none
2024-10-31 21:00:00,8.520811500953386,68.63578614069004,1015.0051158819765,0,none
2024-10-31 22:00:00,12.09374868876407,67.62178013318804,1016.3594939560611,0,none
2024-10-31 23:00:00,9.602882410239618,69.24313999071458,1013.0093657844536,0,none
2024-11-01 00:00:00,12.22757087059993,55.06015073677807,1011.920829431454,0,none
2024-11-01 01:00:00,12.704790885499955,55.49606884613317,1015.0234571906824,0,none
2024-11-01 02:00:00,13.851721260956772,49.54438100806026,1013.4575682725756,0,none
2024-11-01 03:00:00,14.953000516192196,51.00879123402184,1014.1190107567757,0,none
2024-11-01 04:00:00,15.33688215489527,42.95247231675355,1008.8778394674973,0,none
2024-11-01 05:00:00,16.371617628043587,48.97801312965779,1011.9308115047547,0,none
2024-11-01 06:00:00,16.74124765153725,46.328550923648194,1013.7561964474226,0,none
2024-11-01 07:00:00,15.603901662567381,40.25020285447694,1013.7888687512518,0,none
2024-11-01 08:00:00,15.431032211176314,46.38828350322251,1016.2193790170742,0,none
2024-11-01 09:00:00,14.573666621603346,43.62402713247357,1014.3282551956854,0,none
2024-11-01 10:00:00,13.620690208225744,53.39913812672494,1014.3794193942948,0,none
2024-11-01 11:00:00,14.853412540666366,56.93723723118092,1012.5803667636425,0,none
2024-11-01 12:00:00,12.83954043141005,57.75876463490798,1011.6980725125055,0,none
2024-11-01 13:00:00,8.232950792587673,59.54477354822234,1013.9120820787447,0,none
2024-11-01 14:00:00,8.336377636899666,66.22063548065474,1013.5048847277494,0,none
2024-11-01 15:00:00,5.836697616092245,65.3083771562982,1012.7983363976015,0,none
2024-11-01 16:00:00,7.4815169768588925,70.52300556408262,1014.9020864388939,0,none
2024-11-01 17:00:00,7.432302529694573,77.67042461809523,1013.1787918530202,0,none
2024-11-01 18:00:00,5.641706910483389,78.34323832996748,1014.1852230491663,0,none
2024-11-01 19:00:00,7.048480479810804,74.88630138085705,1012.7554336493201,0,none
2024-11-01 20:00:00,5.9818400065002715,72.00340372674154,1012.1046034064385,0,none
2024-11-01 21:00:00,8.792187400746977,72.2261024484822,1013.3992173009814,0,none
2024-11-01 22:00:00,9.693771133245352,66.83690626417255,1013.6972278375955,0,none
2024-11-01 23:00:00,11.338103945951522,66.41901900164001,1015.4561844549362,0,none
2024-11-02 00:00:00,11.899797593059327,59.72595093779841,1012.1463258020599,0,none
2024-11-02 01:00:00,11.89840913266715,55.361036306175976,1013.5743904895917,0,none
2024-11-02 02:00:00,14.180808147709259,52.84928615042646,1010.8820365922847,0,none
2024-11-02 03:00:00,13.655867187862519,47.62961922358146,1011.2792297375653,0,none
2024-11-02 04:00:00,16.058650873740188,47.25317686208726,1014.2949299839287,0,none
2024-11-02 05:00:00,16.059182733010154,46.24529795473467,1011.4058210008988,0,none
2024-11-02 06:00:00,15.942773736482227,51.597526646271334,1012.7183386115768,0,none
2024-11-02 07:00:00,16.919965278888757,50.799868220539,1012.8931163526793,0,none
2024-11-02 08:00:00,16.677960691086692,47.03231886921861,1011.5083502604151,0,none
2024-11-02 09:00:00,15.4903794859691,54.83560505861797,1015.52334368501,0,none
2024-11-02 10:00:00,12.769297951058515,49.653850539648914,1012.5486463754044,0,none
2024-11-02 11:00:00,13.621197503080053,50.40748099314529,1012.2625090171634,0,none
2024-11-02 12:00:00,10.728546095485926,58.91871286084984,1008.9539596765422,0,none
2024-11-02 13:00:00,10.835061761859473,65.15443008776404,1013.3986364362273,0,none
2024-11-02 14:00:00,10.582142948483899,71.99310297606598,1012.4224790654911,0,none
2024-11-02 15:00:00,8.089361946592716,70.50615176942902,1015.5319682476139,0,none
2024-11-02 16:00:00,8.484881557878898,79.70967255399482,1008.7140956406101,0,none
2024-11-02 17:00:00,5.377256730799942,76.03369255945894,1013.9399437672242,0,none
2024-11-02 18:00:00,5.367402081727166,78.2768101345908,1010.8977372669739,0,none
2024-11-02 19:00:00,5.90560218766123,73.71708217442216,1011.746256874756,0,none
2024-11-02 20:00:00,7.007689960512582,74.78700071734207,1014.1734573337994,0,none
2024-11-02 21:00:00,8.602529983456622,70.67581451389525,1011.039769341757,0,none
2024-11-02 22:00:00,7.819587398324,64.44054978814732,1008.7951781717294,0,none
2024-11-02 23:00:00,10.466370397967427,64.79329260899057,1012.505154799087,0,none
2024-11-03 00:00:00,9.619188081500749,63.9721425892399,1014.4003626803068,0,none
2024-11-03 01:00:00,12.623118485936722,54.488567820966956,1015.3968686765522,0,none
2024-11-03 02:00:00,12.478765676895982,54.569965816009756,1017.3197982500378,0,none
2024-11-03 03:00:00,16.614878284095823,51.687396190693384,1016.0938090103284,0,none
2024-11-03 04:00:00,16.173605024648914,47.81637465407251,1009.0302502691974,0,none
2024-11-03 05:00:00,16.897536598039224,41.99451326519096,1010.7002961504791,0,none
2024-11-03 06:00:00,16.264247642853146,51.202008150277074,1014.4952406005543,0,none
2024-11-03 07:00:00,14.665381976358994,41.23401943906559,1012.189177338737,0,none
2024-11-03 08:00:00,14.643388131086617,48.059275909421366,1010.5664584954327,0,none
2024-11-03 09:00:00,15.059460864781066,48.67149369255477,1015.0819366589257,0,none
2024-11-03 10:00:00,14.08652950997997,57.23099236782794,1014.9452243867682,0,none
2024-11-03 11:00:00,12.029600761324081,57.138463253702625,1010.7776191661793,0,none
2024-11-03 12:00:00,11.856186799000866,65.2239849135879,1010.5677432073877,0,none
2024-11-03 13:00:00,8.599785741535202,60.876641883971004,1014.3609106759361,0,none
2024-11-03 14:00:00,8.965839088704978,64.95454073272462,1011.809864925631,0,none
2024-11-03 15:00:00,9.644943875661802,71.20338586902997,1012.9857321750043,0,none
2024-11-03 16:00:00,8.569399947990958,70.03636892481627,1015.9765744555822,0,none
2024-11-03 17:00:00,6.1170307076316455,75.8232582300358,1015.6254579592626,0,none
2024-11-03 18:00:00,6.267014450504772,70.50124001411768,1014.1991349985278,0,none
2024-11-03 19:00:00,8.165684452132108,72.6625407907757,1012.4705657173417,0,none
2024-11-03 20:00:00,5.532330625914037,71.77970965196864,1012.770341514308,0,none
2024-11-03 21:00:00,9.091625198304325,68.50032958047657,1013.605818629772,0,none
2024-11-03 22:00:00,9.084014738773398,66.35326580059957,1013.6544791847799,0,none
2024-11-03 23:00:00,9.30485954434442,63.059514654271865,1010.7706696927568,0,none
2024-11-04 00:00:00,10.571097934923559,63.12079199196576,1013.6940541828527,0,none
2024-11-04 01:00:00,11.828574188407174,55.97169132677325,1015.4330543973612,0,none
2024-11-04 02:00:00,15.463331564352846,52.21610494522708,1012.8528292828302,0,none
2024-11-04 03:00:00,15.669953579749357,55.471910279090224,1011.7175690022033,0,none
2024-11-04 04:00:00,16.024623479250835,47.15246493285083,1015.3018325261525,0,none
2024-11-04 05:00:00,16.489693324518395,47.11928421544342,1014.061303263106,0,none
2024-11-04 06:00:00,16.412050869830757,47.685091090428365,1009.7847718371199,0,none
2024-11-04 07:00:00,17.977100285458295,45.40082672953687,1010.4060576485526,0,none
2024-11-04 08:00:00,17.12674132888237,48.375857453874005,1012.6502889921732,0,none
2024-11-04 09:00:00,16.375366418517036,51.29160230148208,1014.6063999343424,0,none
2024-11-04 10:00:00,14.512326735703567,56.65305877510186,1013.4923523239355,0,none
2024-11-04 11:00:00,12.570028854844853,56.78817178902065,1013.6680054581088,0,none
2024-11-04 12:00:00,12.493880762308702,55.53186977817246,1014.5607919426301,0,none
2024-11-04 13:00:00,12.048898275082928,62.552073401037894,1014.1133305030033,0,none
2024-11-04 14:00:00,8.604970438309811,67.62900943471773,1014.8873266641752,0,none
2024-11-04 15:00:00,7.616836480416692,68.11610837281498,1013.9433551666685,0,none
2024-11-04 16:00:00,5.335135947183769,69.888814775903,1009.0000930813862,0,none
2024-11-04 17:00:00,6.704660345360437,70.51128909514296,1007.5786464552895,0,none
2024-11-04 18:00:00,6.066329346286951,74.57392196271196,1013.4876893675138,0,none
2024-11-04 19:00:00,5.173771162389432,69.60236403591517,1010.9604436838831,0,none
2024-11-04 20:00:00,5.86200605934084,74.07929059757771,1013.4238019899515,0,none
2024-11-04 21:00:00,8.767366382779997,72.82874836791245,1011.5897241174357,0,none
2024-11-04 22:00:00,8.482395195638887,65.97570892254478,1010.7609503429968,0,none
2024-11-04 23:00:00,9.555505943744933,61.69194649370133,1015.3294527481576,0,none
2024-11-05 00:00:00,14.022865697774659,61.477621055893934,1012.730799447811,0,none
2024-11-05 01:00:00,14.181863547411684,55.99224266677081,1012.7269544355436,0,none
2024-11-05 02:00:00,14.3783126691648,48.92038133608885,1011.1203894733402,0,none
2024-11-05 03:00:00,16.25644907874539,46.950865601947925,1011.1851040070704,0,none
2024-11-05 04:00:00,16.951202462423485,53.08350948076182,1015.2257851199063,0,none
2024-11-05 05:00:00,16.632782994008625,43.763332508823545,1009.6794348615225,0,none
2024-11-05 06:00:00,19.001003911106174,44.7970717760198,1014.4953278179271,0,none
2024-11-05 07:00:00,16.03443770526141,47.670611566499524,1014.6697750805415,0,none
2024-11-05 08:00:00,17.37786920052863,47.14404123467705,1010.8463660943947,0,none
2024-11-05 09:00:00,15.215132663306125,51.71815249130574,1015.6584353315391,0,none
2024-11-05 10:00:00,15.21171969542124,48.14341751309068,1013.098851361054,0,none
2024-11-05 11:00:00,14.7734629953784,56.66364608441475,1011.2415511774186,0,none
2024-11-05 12:00:00,14.775580892529764,58.263254561760654,1011.5544365861509,0,none
2024-11-05 13:00:00,10.759603819639986,66.85985737803458,1012.2750055232899,0,none
2024-11-05 14:00:00,9.131316291966629,67.58764119980827,1014.9790311390464,0,none
2024-11-05 15:00:00,7.972913007221688,72.36568430273455,1012.4186668085274,0,none
2024-11-05 16:00:00,8.079195462292958,77.98665721042951,1015.4252413457936,0,none
2024-11-05 17:00:00,5.163686425569907,74.14523672917339,1013.151233420296,0,none
2024-11-05 18:00:00,8.183894227360977,71.38934093448384,1013.2253068243225,0,none
2024-11-05 19:00:00,7.931123435001806,76.59930380737612,1014.0000409838428,0,none
2024-11-05 20:00:00,7.9219160965624935,74.65120376386491,1016.9268935743953,0,none
2024-11-05 21:00:00,7.274999809585864,67.20727401870127,1010.7699083986672,0,none
2024-11-05 22:00:00,11.027998770201117,67.31277180981407,1011.6364901765451,0,none
2024-11-05 23:00:00,10.789776572911775,71.29406196191715,1012.9995459982716,0,none
2024-11-06 00:00:00,10.900742688946956,63.562195440368164,1016.1610693241186,0,none
2024-11-06 01:00:00,13.625395475674631,54.19426859151391,1016.1968732896239,0,none
2024-11-06 02:00:00,15.363513357642884,53.783170099298125,1008.5722060752252,0,none
2024-11-06 03:00:00,16.958717434201702,51.36746347679735,1012.155115506073,0,none
2024-11-06 04:00:00,14.651135540586347,41.697779934534715,1013.22342214698,0,none
2024-11-06 05:00:00,16.11498237916028,47.83875186829614,1015.0603353488682,0,none
2024-11-06 06:00:00,16.942876623752774,51.88472220589643,1010.8819614809272,0,none
2024-11-06 07:00:00,17.59666204458675,45.52991059868431,1014.4279771771257,0,none
2024-11-06 08:00:00,17.369302960575947,45.03130292721263,1010.2451208803889,0,none
2024-11-06 09:00:00,16.140715183276697,48.87501762899307,1011.9917587320432,0,none
2024-11-06 10:00:00,15.456138766453089,53.83615674108856,1012.0497642751629,0,none
2024-11-06 11:00:00,13.003013413511342,50.90600630822413,1015.5473687375384,0,none
2024-11-06 12:00:00,11.553591979593245,60.23617971623209,1014.4936383475308,0,none
2024-11-06 13:00:00,10.256469696567585,67.49327109037299,1015.7555852843494,0,none
2024-11-06 14:00:00,8.76009597338851,66.0851023752409,1012.4177206217416,0,none
2024-11-06 15:00:00,8.072398967423625,75.06275025129585,1012.4566440005434,0,none
2024-11-06 16:00:00,7.570821041309735,76.63360225720643,1014.7038667518117,0,none
2024-11-06 17:00:00,7.347723230700969,68.05305461113477,1012.5789939220793,0,none
2024-11-06 18:00:00,5.749291395518786,67.22636093533116,1012.0162387105304,0,none
2024-11-06 19:00:00,6.135166772589282,79.13330359087288,1014.016750153172,0,none
2024-11-06 20:00:00,10.668879015052385,74.1533624273338,1013.67596209688,0,none
2024-11-06 21:00:00,8.740530745759328,65.83327776077503,1011.5791239695889,0,none
2024-11-06 22:00:00,9.145597838160008,64.649895964058,1012.0796062947911,0,none
2024-11-06 23:00:00,10.82961231593577,65.51920697057753,1016.1617981790092,0,none
2024-11-07 00:00:00,10.671086276557787,61.12096720363875,1012.012634971534,0,none
2024-11-07 01:00:00,12.222919044267035,57.027464919761954,1010.6845738410199,0,none
2024-11-07 02:00:00,15.82312212555386,49.194263936074606,1012.5657496403102,0,none
2024-11-07 03:00:00,13.825732322839942,50.76248135754228,1012.5471768814641,0,none
2024-11-07 04:00:00,15.83568868930222,46.17987048427468,1014.2138114452785,0,none
2024-11-07 05:00:00,18.620014261448954,43.59339399401483,1014.0668077885672,1,drift
2024-11-07 06:00:00,17.505466619203045,42.39194852817032,1016.4205093409574,1,drift
2024-11-07 07:00:00,17.96817115651406,47.3903558827915,1013.8366575247669,1,drift
2024-11-07 08:00:00,15.517322912238813,45.97728306388834,1011.8400579718273,1,drift
2024-11-07 09:00:00,15.544109150373588,43.98569906317482,1015.7822948269201,1,drift
2024-11-07 10:00:00,13.015804874932009,50.297493300999626,1016.8784176262765,1,drift
2024-11-07 11:00:00,13.50811698951234,55.1129805367764,1014.55841865601,1,drift
2024-11-07 12:00:00,12.337977947472677,63.482101891379266,1019.5187758169785,1,drift
2024-11-07 13:00:00,11.75864662045326,61.45856228716025,1017.0659812394522,1,drift
2024-11-07 14:00:00,10.217809360273048,67.48279921188934,1013.2935748161145,1,drift
2024-11-07 15:00:00,8.447808425640579,69.78228049629202,1019.2383698460028,1,drift
2024-11-07 16:00:00,9.621649518881586,71.02385631089042,1016.1945609649969,1,drift
2024-11-07 17:00:00,7.2742596092387,78.38919578674226,1015.4649710081636,1,drift
2024-11-07 18:00:00,7.929150675695392,76.48205740356563,1018.665355713516,1,drift
2024-11-07 19:00:00,8.238879213219441,71.57339757114444,1019.5956600957654,1,drift
2024-11-07 20:00:00,8.123800775320476,75.04644619767039,1018.4095682577451,1,drift
2024-11-07 21:00:00,9.445906999764867,70.23261018060474,1020.8163325226549,1,drift
2024-11-07 22:00:00,10.540999450386309,67.57744042853,1020.837372505246,1,drift
2024-11-07 23:00:00,9.251535082049807,66.46313364767349,1022.5369645342047,1,drift
2024-11-08 00:00:00,12.598815766020053,54.86357246413745,1027.7061108735581,1,drift
2024-11-08 01:00:00,12.078921577471172,58.26840474300566,1021.5747028638344,1,drift
2024-11-08 02:00:00,15.527737611910037,54.57726012030093,1027.1723289084443,1,drift
2024-11-08 03:00:00,14.606277320888427,46.96687893417407,1022.7219577708114,1,drift
2024-11-08 04:00:00,18.559238875302146,47.24383397580468,1024.6829385947028,1,drift
2024-11-08 05:00:00,15.938436949132726,47.65822566493813,1012.455073126787,0,none
2024-11-08 06:00:00,17.688497673926964,46.0337416764066,1014.6444326601102,0,none
2024-11-08 07:00:00,17.877827455948694,48.914072419162444,1012.6463745293161,0,none
2024-11-08 08:00:00,16.3166038050527,48.895118199479974,1013.7014830500692,0,none
2024-11-08 09:00:00,17.788552152181143,51.191766950561984,1013.8823348015308,0,none
2024-11-08 10:00:00,15.405343640852523,49.567502552120985,1012.1585496964522,0,none
2024-11-08 11:00:00,11.939961299231008,60.304269905458796,1013.6878214510049,0,none
2024-11-08 12:00:00,12.65208935233568,65.9692201333186,1012.3220566384992,0,none
2024-11-08 13:00:00,11.67722076602266,67.4619542803879,1012.8227461929372,0,none
2024-11-08 14:00:00,10.198982183617085,67.5333016502289,1012.8779313673904,0,none
2024-11-08 15:00:00,7.376152655677663,74.5092296682932,1014.2904520958012,0,none
2024-11-08 16:00:00,7.3288796799187965,73.99212479060168,1011.0434333734783,0,none
2024-11-08 17:00:00,7.112424927717883,74.61454422005568,1011.465662326169,0,none
2024-11-08 18:00:00,6.6370910991685665,77.55350533448565,1011.281421896757,0,none
2024-11-08 19:00:00,5.639582896533156,71.17883573200156,1014.4683170129675,0,none
2024-11-08 20:00:00,8.49049922621952,71.15284219795195,1015.7850687639337,0,none
2024-11-08 21:00:00,8.856107894838303,73.66878896051585,1016.7422644911267,0,none
2024-11-08 22:00:00,10.380343934116127,66.99040563222329,1012.6852279857877,0,none
2024-11-08 23:00:00,11.446981242765592,63.34201194617587,1012.3200124154087,0,none
2024-11-09 00:00:00,12.285241420755918,64.56927142375714,1012.7197569440465,0,none
2024-11-09 01:00:00,14.280338964772866,58.39718774397102,1009.1898632521418,0,none
2024-11-09 02:00:00,16.316195626094284,48.973059539018124,1011.6626430389009,0,none
2024-11-09 03:00:00,15.3544658066891,50.204602292757556,1009.9567214279066,0,none
2024-11-09 04:00:00,14.90462756210869,48.72580871848137,1012.0447359886309,0,none
2024-11-09 05:00:00,15.99540135212796,44.818479314315525,1010.8777211066177,0,none
2024-11-09 06:00:00,17.6809001787994,38.34915399430914,1015.5830133362273,0,none
2024-11-09 07:00:00,18.40675923624595,47.98325503926676,1012.2461523288154,0,none
2024-11-09 08:00:00,15.81437632230107,48.549988473046994,1013.7423111481527,0,none
2024-11-09 09:00:00,14.966874192542086,50.6857144072445,1010.2641809212239,0,none
2024-11-09 10:00:00,15.56873306451722,55.14539545479423,1013.0399887519452,0,none
2024-11-09 11:00:00,15.709155165509397,55.76681676518709,1014.5624587828607,0,none
2024-11-09 12:00:00,12.506991647944767,68.29044851137282,1010.1337224162651,0,none
2024-11-09 13:00:00,11.894511681009071,67.1056754227891,1011.7069065932632,1,freeze
2024-11-09 14:00:00,9.323170599720358,67.1056754227891,1013.500361351955,1,freeze
2024-11-09 15:00:00,11.08859246637391,67.1056754227891,1009.5819087562741,1,freeze
2024-11-09 16:00:00,9.553129425961568,67.1056754227891,1015.052932879105,1,freeze
2024-11-09 17:00:00,7.45515946961209,67.1056754227891,1012.6491938490753,1,freeze
2024-11-09 18:00:00,6.01938010324162,67.1056754227891,1012.1426717922611,1,freeze
2024-11-09 19:00:00,8.377018122716143,80.50194496530084,1013.7999416327389,0,none
2024-11-09 20:00:00,8.452610528120282,70.72219476381824,1013.7257100774717,0,none
2024-11-09 21:00:00,8.151243313555188,69.2454061407645,1012.896192870752,0,none
2024-11-09 22:00:00,12.011014892124058,68.9224162635505,1010.4487113941134,0,none
2024-11-09 23:00:00,11.239396243023027,63.169453031885496,1014.4333098896454,0,none
2024-11-10 00:00:00,13.305901845793759,61.62634804420231,1012.7282299555346,0,none
2024-11-10 01:00:00,15.590941216825868,54.80751186163945,1010.5981415800676,0,none
2024-11-10 02:00:00,14.915787920484943,48.48909342018814,1010.4624422010361,0,none
2024-11-10 03:00:00,14.496803381504199,52.03973032113387,1016.6355900432989,0,none
2024-11-10 04:00:00,17.007603205105465,45.30609439352447,1009.5342271145093,0,none
2024-11-10 05:00:00,15.86073713702926,45.144375278541396,1014.4626037654936,0,none
2024-11-10 06:00:00,16.353356779261834,45.75107066905647,1014.0806224330896,0,none
2024-11-10 07:00:00,16.067666811087093,47.777403654641425,1010.6952607578864,0,none
2024-11-10 08:00:00,17.868670897523256,43.76671112662867,1014.0219486046292,0,none
2024-11-10 09:00:00,14.738340632976438,50.71102292659637,1010.2452580833506,0,none
2024-11-10 10:00:00,15.66400996311655,54.405205912259355,1011.1247887696761,0,none
2024-11-10 11:00:00,12.471709658118998,56.772775101353865,1013.7123623328146,0,none
2024-11-10 12:00:00,11.780831495228723,60.1235125476826,1011.9821355317125,0,none
2024-11-10 13:00:00,12.013041872086637,66.33793502635743,1013.5158085929244,0,none
2024-11-10 14:00:00,10.56804949890062,69.79396015061046,1015.3206875693905,0,none
2024-11-10 15:00:00,7.912691096115076,72.66787347230232,1013.4930718321665,0,none
2024-11-10 16:00:00,8.716994278953473,71.1899065449023,1012.6513987151694,0,none
2024-11-10 17:00:00,7.499040302909269,73.25740085958111,1014.0738836904391,0,none
2024-11-10 18:00:00,6.915103792454612,75.82167431390441,1011.1748068416873,0,none
2024-11-10 19:00:00,7.9145106289788405,73.88465744614413,1010.7553811646135,0,none
2024-11-10 20:00:00,7.87864013257072,73.76742432776312,1010.6550194393246,0,none
2024-11-10 21:00:00,7.916174688978711,69.40488799346896,1012.5575212217027,0,none
2024-11-10 22:00:00,11.92734096585261,64.17953589501987,1012.4918449944831,0,none
2024-11-10 23:00:00,10.104243029921095,62.62884745958569,1010.8439052088981,0,none
2024-11-11 00:00:00,12.167233307246889,60.7141393244214,1010.4964919502545,0,none
2024-11-11 01:00:00,14.196013437679289,57.13767272720334,1015.2377218759215,0,none
2024-11-11 02:00:00,15.755836384358327,53.63434692689298,1015.0515788302858,0,none
2024-11-11 03:00:00,15.272823582367575,49.33848705823837,1014.1741965527407,0,none
2024-11-11 04:00:00,17.04417583738386,44.39108443894503,1015.9409641061104,0,none
2024-11-11 05:00:00,17.738199313421724,45.10057725655445,1014.5486149709517,0,none
2024-11-11 06:00:00,18.77158590295542,41.231587706486955,1010.625481726327,0,none
2024-11-11 07:00:00,16.945264013910116,44.63107718673703,1011.5647131104932,1,drift
2024-11-11 08:00:00,15.329022654954,47.23001880746798,1015.1143128289965,1,drift
2024-11-11 09:00:00,16.366062573880473,48.33618839298185,1014.4354985917802,1,drift
2024-11-11 10:00:00,14.085698431189618,51.15461994058107,1017.0478240641047,1,drift
2024-11-11 11:00:00,13.07590023533085,55.57308155788213,1016.8156529824545,1,drift
2024-11-11 12:00:00,12.000529935204463,61.732196215180785,1013.0608884643301,1,drift
2024-11-11 13:00:00,10.997239312330533,62.47914636250278,1018.0532708423268,1,drift
2024-11-11 14:00:00,11.02180850684436,66.0451193832609,1013.1261230110508,1,drift
2024-11-11 15:00:00,7.51193105632222,72.65474787233187,1015.0596442121026,1,drift
2024-11-11 16:00:00,8.799800575761386,70.31305429087317,1016.468765221378,1,drift
2024-11-11 17:00:00,7.500232925518217,76.02159278907351,1015.7303005120225,1,drift
2024-11-11 18:00:00,7.786046703989272,77.58636463222945,1017.82748353336,1,drift
2024-11-11 19:00:00,8.849548521167183,70.69659639231725,1017.7299073738704,1,drift
2024-11-11 20:00:00,8.508654257262261,75.624106614705,1016.7297910923306,1,drift
2024-11-11 21:00:00,8.19437694520893,68.85023032114331,1021.7044203346413,1,drift
2024-11-11 22:00:00,9.458754704123413,71.40405824037988,1022.1818643127634,1,drift
2024-11-11 23:00:00,11.099948631427454,61.26724388630337,1023.422490564551,1,drift
2024-11-12 00:00:00,12.303894682234652,63.30880715166594,1022.3263092680935,1,drift
2024-11-12 01:00:00,14.037945043947515,56.312415663322824,1025.12359376087,1,drift
2024-11-12 02:00:00,16.083315651640568,49.8830258985092,1025.491484516256,1,drift
2024-11-12 03:00:00,14.77874064854962,45.179136230127554,1021.8188011872966,1,drift
2024-11-12 04:00:00,17.137176506730576,45.598627946506575,1025.346587798147,1,drift
2024-11-12 05:00:00,16.339089928666127,45.24099816025785,1028.8763818621599,1,drift
2024-11-12 06:00:00,17.9904453143,44.628875856335625,1026.2617322590918,1,drift
2024-11-12 07:00:00,16.838467830692434,48.19592680111084,1016.5709924157143,1,drift
2024-11-12 08:00:00,16.359963709593572,48.90411711184742,1016.4780402520871,1,drift
2024-11-12 09:00:00,15.778640869614147,46.75742480084363,1019.8500191082734,1,drift
2024-11-12 10:00:00,15.727249639636794,54.898490313302325,1019.777645825906,1,drift
2024-11-12 11:00:00,14.12295592561852,53.1192845312813,1020.1812302716684,1,drift
2024-11-12 12:00:00,13.261448918370311,65.50094992780845,1019.159481018042,1,drift
2024-11-12 13:00:00,11.537976255106143,67.92905731342056,1021.4830690417381,1,drift
2024-11-12 14:00:00,8.460414876603256,62.83080839684146,1021.9609409406892,1,drift
2024-11-12 15:00:00,9.386554245991094,71.58442986340737,1018.4708016140148,1,drift
2024-11-12 16:00:00,9.23628675061018,77.76133178341163,1021.6189187425005,1,drift
2024-11-12 17:00:00,7.244035313331644,76.62210779924179,1022.5234287992195,1,drift
2024-11-12 18:00:00,8.594854640223959,76.7293762589485,1020.2136449989237,1,drift
2024-11-12 19:00:00,8.583381017724,75.46521125684801,1026.151370976383,1,drift
2024-11-12 20:00:00,8.173337124042764,71.8877235699639,1010.9452090560653,0,none
2024-11-12 21:00:00,9.565752293399191,70.02496595112956,1016.2642609467127,0,none
2024-11-12 22:00:00,9.043253942775497,70.10645749754269,1016.1303603235767,0,none
2024-11-12 23:00:00,12.337282491544544,64.77979057551856,1017.098149051329,0,none
2024-11-13 00:00:00,11.001831686440159,60.18137967719085,1012.0067618289651,0,none
2024-11-13 01:00:00,15.539732774976706,54.48273023927937,1016.4619916114294,0,none
2024-11-13 02:00:00,14.832944229149406,49.217368051259285,1014.7981900942308,0,none
2024-11-13 03:00:00,17.808876488141046,48.81807317401854,1015.5381733364397,0,none
2024-11-13 04:00:00,16.48440824090281,43.18138428790682,1012.868977520747,0,none
2024-11-13 05:00:00,18.498401400665635,41.21999562436295,1011.8778897714142,0,none
2024-11-13 06:00:00,16.394642487165328,44.5739261334642,1012.956040500103,0,none
2024-11-13 07:00:00,16.778143843966223,43.70752146379877,1011.780314416101,0,none
2024-11-13 08:00:00,17.894592097682654,50.2779415879578,1014.9244452993614,0,none
2024-11-13 09:00:00,14.817708003421599,48.78240677545801,1015.1077179796957,0,none
2024-11-13 10:00:00,12.817121469125055,51.186397980914606,1010.4759116335448,0,none
2024-11-13 11:00:00,13.878401912680335,56.20392327943986,1012.913039750402,1,drift
2024-11-13 12:00:00,11.132456731219893,63.78819610863808,1012.1132805104086,1,drift
2024-11-13 13:00:00,12.667360606870648,65.71344786902135,1016.3864030988757,1,drift
2024-11-13 14:00:00,12.132338274813755,70.68280212385044,1016.9496709259438,1,drift
2024-11-13 15:00:00,9.894842588172907,69.36784101468672,1013.8249308769449,1,drift
2024-11-13 16:00:00,7.638504632226471,79.12920328050264,1016.4870528695778,1,drift
2024-11-13 17:00:00,7.834367205420723,73.91541818346532,1017.9255250619137,1,drift
2024-11-13 18:00:00,8.543782326113426,74.40757158641071,1016.2666866546596,1,drift
2024-11-13 19:00:00,6.975886956293857,75.78231596374317,1017.1361875030904,1,drift
2024-11-13 20:00:00,8.583411074653487,73.66655042778281,1016.9629518949539,1,drift
2024-11-13 21:00:00,10.256487467215369,63.19207229265356,1017.3075361729007,1,drift
2024-11-13 22:00:00,8.811183443429336,68.50981574492255,1014.4411358509691,1,drift
2024-11-13 23:00:00,10.285348605632956,62.04111325343318,1020.274468360944,1,drift
2024-11-14 00:00:00,13.075424814987246,61.932993611965664,1021.3237320422784,1,drift
2024-11-14 01:00:00,12.873052910207063,57.22388393594899,1018.9573509794084,1,drift
2024-11-14 02:00:00,15.067226689057415,49.55638005055396,1018.136851406092,1,drift
2024-11-14 03:00:00,18.438690182003988,45.083990557921894,1022.1930939504953,1,drift
2024-11-14 04:00:00,18.083710680721857,46.96829260691062,1021.8727786794765,1,drift
2024-11-14 05:00:00,17.825474102592132,46.51573930529476,1018.3200912663343,1,drift
2024-11-14 06:00:00,19.535187285484223,47.73621808674339,1021.2391732173782,1,drift
2024-11-14 07:00:00,17.663590391464187,42.018202652934846,1021.8635169983154,1,drift
2024-11-14 08:00:00,17.646991973877057,51.09748128120526,1019.2766832549944,1,drift
2024-11-14 09:00:00,16.027438815252708,48.03001665540813,1018.9941489039809,1,drift
2024-11-14 10:00:00,15.509537619619488,52.44498083498002,1022.5784777757568,1,drift
2024-11-14 11:00:00,13.746814165976685,52.28118785008533,1014.4291746965835,0,none
2024-11-14 12:00:00,13.213041932669583,59.4574102018657,1013.9831031359639,0,none
2024-11-14 13:00:00,11.017743498945372,70.82632857241569,1016.5170988315384,0,none
2024-11-14 14:00:00,9.299772695323192,69.40406425101644,1014.5847509792818,0,none
2024-11-14 15:00:00,8.443948426180164,71.42348113351368,1012.4436950034832,0,none
2024-11-14 16:00:00,9.68913113594956,69.20916875800292,1013.4561208252665,0,none
2024-11-14 17:00:00,10.485715458463941,73.13904659977105,1010.092313934228,0,none
2024-11-14 18:00:00,6.028228641637963,70.20791718681187,1012.1490434048653,0,none
2024-11-14 19:00:00,7.392676965253367,73.38371968608608,1012.7327548540048,0,none
2024-11-14 20:00:00,9.91513059199522,66.93396183213953,1013.4652894185838,0,none
2024-11-14 21:00:00,10.69976428030636,71.81363951685162,1013.0147081319004,0,none
2024-11-14 22:00:00,10.704945096045007,64.9599031906597,1012.8149426455238,0,none
2024-11-14 23:00:00,10.540114895853064,67.17198970357543,1011.2875091597497,0,none
2024-11-15 00:00:00,13.115854883012378,51.35313220764913,1010.4633169132783,0,none
2024-11-15 01:00:00,15.132189793820528,58.11099321805244,1013.2155316852617,0,none
2024-11-15 02:00:00,15.913364836193006,56.13299454934779,1015.7614801107046,0,none
2024-11-15 03:00:00,14.841616818937625,50.17765974952652,1010.9864162856552,0,none
2024-11-15 04:00:00,17.88140253086212,48.45602375297226,1011.9994419550432,0,none
2024-11-15 05:00:00,18.197007219346382,45.83521339577424,1012.6818707632416,0,none
2024-11-15 06:00:00,16.464039113748417,47.091200928380324,1011.4704291346696,0,none
2024-11-15 07:00:00,18.047432000003074,45.65919901025954,1012.0724993194794,0,none
2024-11-15 08:00:00,16.136114673084442,44.03340583298083,1009.7424266103304,0,none
2024-11-15 09:00:00,17.19508153533955,48.076174415555286,1012.3109324032877,0,none
2024-11-15 10:00:00,16.590367475589147,54.04299836543119,1011.4168852528715,0,none
2024-11-15 11:00:00,15.560558272164089,56.63281640976733,1013.315307211745,0,none
2024-11-15 12:00:00,14.949459872687392,55.32222212263214,1011.9296475512675,0,none
2024-11-15 13:00:00,11.054786924994884,56.8403533682281,1012.6903284260292,0,none
2024-11-15 14:00:00,10.6231958886544,70.02923768953202,1016.902449733857,0,none
2024-11-15 15:00:00,10.016036979908039,71.37943432072294,1012.8839475493356,0,none
2024-11-15 16:00:00,7.619969986993782,74.25385359999632,1011.2828940105879,0,none
2024-11-15 17:00:00,7.100302486503168,76.87644523051894,1014.3363955717012,0,none
2024-11-15 18:00:00,8.184288148719162,73.50052701146706,1015.3641098486044,0,none
2024-11-15 19:00:00,9.487508719337477,79.80536743389305,1015.0467566829778,0,none
2024-11-15 20:00:00,7.818866652281903,74.2237519049867,1013.6235049992226,0,none
2024-11-15 21:00:00,10.39143825712253,75.41412715176949,1010.0448390239432,1,freeze
2024-11-15 22:00:00,11.185733892863654,75.41412715176949,1009.9291150594569,1,freeze
2024-11-15 23:00:00,11.163858994529383,75.41412715176949,1009.4368996004275,1,freeze
2024-11-16 00:00:00,14.821746744828758,75.41412715176949,1015.1628493420884,1,freeze
2024-11-16 01:00:00,13.102378855676486,75.41412715176949,1013.6351634480127,1,freeze
2024-11-16 02:00:00,15.854099154670541,75.41412715176949,1014.0285239478624,1,freeze
2024-11-16 03:00:00,17.16486704425548,51.2029713276909,1009.9000521236533,0,none
2024-11-16 04:00:00,19.186443424449514,43.31059885845289,1013.8164422611828,0,none
2024-11-16 05:00:00,16.701470237670264,44.309687983134715,1011.0515243856952,0,none
2024-11-16 06:00:00,18.1966770737095,43.43705028544483,1013.902048085561,0,none
2024-11-16 07:00:00,16.514184028110986,48.11451689104064,1013.7335496561236,0,none
2024-11-16 08:00:00,16.692437641680264,43.13510251413703,1012.3636653683571,0,none
2024-11-16 09:00:00,14.959095532003222,47.329170162256766,1010.9710373045632,0,none
2024-11-16 10:00:00,15.468443683270387,54.46823323168139,1012.1996015695602,0,none
2024-11-16 11:00:00,14.317033637309887,56.62375582109335,1013.842617901663,0,none
2024-11-16 12:00:00,12.668724090478495,54.69427485909697,1013.9560448790766,0,none
2024-11-16 13:00:00,11.000412467812952,64.91060928142882,1013.7540288809201,0,none
2024-11-16 14:00:00,8.488141465917984,69.05709680748001,1015.1925675299061,0,none
2024-11-16 15:00:00,12.183721072498738,73.02297819193925,1013.025539497832,0,none
2024-11-16 16:00:00,8.38331576186144,69.33577471211068,1014.0691420212584,0,none
2024-11-16 17:00:00,9.400585642541394,78.26599774086272,1012.0835852161658,0,none
2024-11-16 18:00:00,7.428375373666507,78.44196256497564,1013.4341637218457,0,none
2024-11-16 19:00:00,8.305890552016292,67.69034486421786,1011.5017887290878,0,none
2024-11-16 20:00:00,9.507522853114336,73.05491342985911,1013.7934425379899,0,none
2024-11-16 21:00:00,9.863688404867741,68.37542889594464,1010.1903378154437,0,none
2024-11-16 22:00:00,11.064695326390488,67.82407406554736,1010.5924058172976,0,none
2024-11-16 23:00:00,12.764940463314257,62.45360723949355,1012.8994978202304,0,none
2024-11-17 00:00:00,15.252993398127286,58.75872978403671,1012.9314799229066,0,none
2024-11-17 01:00:00,14.691328881664226,54.15370449100002,1013.3725522371992,0,none
2024-11-17 02:00:00,14.65742118519168,50.6081408378628,1010.5171168248846,0,none
2024-11-17 03:00:00,15.20350850669371,51.76573812863352,1012.7001830450905,0,none
2024-11-17 04:00:00,16.905381077778735,48.54956670441327,1011.6969436681918,0,none
2024-11-17 05:00:00,18.349512543487222,43.74896586304539,1013.455044444336,0,none
2024-11-17 06:00:00,19.098253281894795,50.34033982837717,1013.4891137762562,0,none
2024-11-17 07:00:00,18.02243411141938,45.73726307596707,1011.0022592264852,0,none
2024-11-17 08:00:00,18.950268487489467,48.69306093138983,1015.0139406388721,0,none
2024-11-17 09:00:00,17.755800794367897,49.35836587515935,1013.4456286876277,0,none
2024-11-17 10:00:00,16.471900798104798,54.86441789588274,1011.1178621944845,0,none
2024-11-17 11:00:00,14.34925554887523,51.77066429559069,1013.3402429956053,0,none
2024-11-17 12:00:00,13.063784094574498,58.9840122333583,1012.3704251334442,0,none
2024-11-17 13:00:00,12.174166194119785,65.18208608810127,1011.8137950485282,0,none
2024-11-17 14:00:00,10.349104877180272,68.23255306488075,1014.7580093980026,0,none
2024-11-17 15:00:00,11.191791542516713,64.45551065570685,1012.9983776154696,0,none
2024-11-17 16:00:00,8.193287613909499,72.15641736851184,1014.1221257139487,0,none
2024-11-17 17:00:00,7.831836451964881,75.0729228606867,1011.2262452735952,0,none
2024-11-17 18:00:00,8.469278636974435,75.89439049308515,1014.5669764828732,0,none
2024-11-17 19:00:00,9.393417547504024,76.3606904262202,1011.4003671328124,0,none
2024-11-17 20:00:00,9.696237325639448,73.30734620976011,1009.1687829641187,0,none
2024-11-17 21:00:00,9.823270547765185,70.59702579859083,1015.3127002362534,0,none
2024-11-17 22:00:00,10.238068987631692,71.26449540777018,1011.4919980696126,0,none
2024-11-17 23:00:00,11.381425949304353,62.14060974795561,1012.1737132513496,0,none
2024-11-18 00:00:00,12.92259032497577,63.31676108608232,1015.0536499197572,0,none
2024-11-18 01:00:00,13.280563637675002,52.88667323418914,1013.0175788380351,0,none
2024-11-18 02:00:00,14.951516532462179,54.613637597515655,1010.0194116017269,0,none
2024-11-18 03:00:00,16.619517419359415,46.65881029907131,1012.2989623303931,0,none
2024-11-18 04:00:00,16.691719576444328,45.46626937144009,1011.9909529609843,0,none
2024-11-18 05:00:00,17.82671634823314,44.418429048018545,1015.4196552905485,0,none
2024-11-18 06:00:00,18.90373139769959,44.953559131481505,1013.5518000464365,0,none
2024-11-18 07:00:00,18.83585124214668,43.61427675088663,1012.9110261304322,0,none
2024-11-18 08:00:00,17.173841845478677,57.31787746210297,1013.5395761842124,0,none
2024-11-18 09:00:00,18.626276928010274,46.226811919066236,1011.4133198859383,0,none
2024-11-18 10:00:00,17.12103041948043,52.58136425812478,1013.1612833519704,0,none
2024-11-18 11:00:00,14.430207198005334,56.955560964267704,1013.4452777552062,0,none
2024-11-18 12:00:00,-3.97863507138986,60.95628666045797,1012.2456441740107,1,spike
2024-11-18 13:00:00,10.953340838220349,67.36470546303721,1013.0947255048284,0,none
2024-11-18 14:00:00,12.877304583615391,64.96047710779453,1013.2975064535357,0,none
2024-11-18 15:00:00,9.147428416085225,67.01172662090909,1011.2847126225339,0,none
2024-11-18 16:00:00,9.040656589000811,76.3110797786105,1013.6957822134216,0,none
2024-11-18 17:00:00,7.791286253076364,75.27293015664289,1014.6118204257364,0,none
2024-11-18 18:00:00,7.327942921917035,73.55879970274009,1013.7205909394753,0,none
2024-11-18 19:00:00,9.234529572548063,76.31974788947099,1011.4447150233581,0,none
2024-11-18 20:00:00,9.842991884506453,77.172459479781,1012.7532904721079,0,none
2024-11-18 21:00:00,11.071316435540139,71.26115708369316,1012.6138411993197,0,none
2024-11-18 22:00:00,11.248216205631389,71.39567144291567,1015.0503358479652,0,none
2024-11-18 23:00:00,13.955344682636351,66.75887217665259,1014.1380706241689,0,none
2024-11-19 00:00:00,13.853489608142977,64.40892390547023,1013.4109629568918,0,none
2024-11-19 01:00:00,13.757678177737743,54.35279361219728,1012.4541458928686,0,none
2024-11-19 02:00:00,14.607897444101486,51.3621098185233,1008.7326566724402,0,none
2024-11-19 03:00:00,15.780593632894506,48.99028701573343,1012.9823095730011,0,none
2024-11-19 04:00:00,18.447217863484152,45.4713997421283,1012.8548774697402,0,none
2024-11-19 05:00:00,17.778887100993213,50.146814270589964,1012.8097265811285,0,none
2024-11-19 06:00:00,18.16122080306705,41.356274265677726,1013.2248183327706,0,none
2024-11-19 07:00:00,18.16535028094739,44.98230528848991,1011.3847767106724,0,none
2024-11-19 08:00:00,18.848099341779665,39.74217237058564,1010.4848482086921,0,none
2024-11-19 09:00:00,15.033884055252011,50.623442251797535,1013.8422280842651,0,none
2024-11-19 10:00:00,15.49578047808159,55.78977354465165,1009.4052153096068,0,none
2024-11-19 11:00:00,13.978697276729974,58.99174356728684,1014.0311155819038,0,none
2024-11-19 12:00:00,13.033013019522336,55.917021337380206,1014.5042788002143,0,none
2024-11-19 13:00:00,13.176261149950026,61.78526374684092,1012.1226035306436,0,none
2024-11-19 14:00:00,11.941655795235501,66.31395597737348,1013.9523948303269,0,none
2024-11-19 15:00:00,10.312481383910002,70.14123352239194,1014.6647011868209,0,none
2024-11-19 16:00:00,5.888472851924592,76.14883829078624,1014.7087166793737,0,none
2024-11-19 17:00:00,8.582437836540675,79.5786748794261,1017.050340703693,0,none
2024-11-19 18:00:00,10.22126700407504,78.49426113984872,1011.9472067161571,0,none
2024-11-19 19:00:00,9.131629662992795,77.92967822654182,1011.5409921936214,0,none
2024-11-19 20:00:00,7.657207974607916,66.03308066956934,1013.1731899154688,0,none
2024-11-19 21:00:00,10.724194355825116,64.2587976014165,1015.6923550886171,0,none
2024-11-19 22:00:00,10.675292265189125,71.5445960491815,1011.6363261799012,0,none
2024-11-19 23:00:00,13.696433919636839,61.261665917520055,1012.1670063031796,0,none
2024-11-20 00:00:00,13.754706232910252,58.269552121028525,1012.6290912877357,0,none
2024-11-20 01:00:00,15.467455741222766,54.748188815521715,1014.2473309086956,0,none
2024-11-20 02:00:00,17.238837319299243,48.756147485936324,1018.31563237757,0,none
2024-11-20 03:00:00,16.65774131260338,55.33567913733186,1015.6810295489837,0,none
2024-11-20 04:00:00,16.337464180351137,49.59568340648878,1010.062769115206,0,none
2024-11-20 05:00:00,19.609282485590064,45.24325920925087,1008.6611869312861,0,none
2024-11-20 06:00:00,18.003512189621205,42.642821941163845,1010.3979577049205,0,none
2024-11-20 07:00:00,,50.32349372380377,1014.20749494336,1,null
2024-11-20 08:00:00,19.604038087937923,52.66196360165276,1014.7022824980778,0,none
2024-11-20 09:00:00,17.75687955277828,54.867009347989445,1011.4576598472811,0,none
2024-11-20 10:00:00,16.017318315171927,54.458665021419094,1015.5443682242104,0,none
2024-11-20 11:00:00,15.150167003369532,59.39142877205011,1012.4111857565975,0,none
2024-11-20 12:00:00,12.530064357545257,59.40344315027222,1011.3815347348428,1,freeze
2024-11-20 13:00:00,13.018036491833639,59.40344315027222,1012.7325569531679,1,freeze
2024-11-20 14:00:00,10.295597566414484,59.40344315027222,1014.7161819049962,1,freeze
2024-11-20 15:00:00,10.616418987171869,59.40344315027222,1012.372086089482,1,freeze
2024-11-20 16:00:00,10.62970601298869,59.40344315027222,1011.4115326875266,1,freeze
2024-11-20 17:00:00,7.7359735694675384,59.40344315027222,1014.1293545607102,1,freeze
2024-11-20 18:00:00,8.448400999885486,77.04024037780971,1017.6118430274175,0,none
2024-11-20 19:00:00,8.702354362193743,72.18220138080788,1013.8748808802158,0,none
2024-11-20 20:00:00,26.372476598348634,70.86077876140493,1012.1583686664021,1,spike
2024-11-20 21:00:00,11.09472246309417,75.12566466414306,1008.8019779862092,0,none
2024-11-20 22:00:00,11.731380743637434,68.85031359340404,1011.557463423401,0,none
2024-11-20 23:00:00,12.104096384207091,63.890522733369366,1009.8020521745052,0,none
2024-11-21 00:00:00,15.161609363981135,55.94489196541127,1009.9915744504269,0,none
2024-11-21 01:00:00,14.877656817003459,55.47083428622811,1010.0606359342808,0,none
2024-11-21 02:00:00,17.153922525898963,53.11722890519458,1011.723735488695,0,none
2024-11-21 03:00:00,18.56052007822119,48.913774656036885,1014.4260851229523,0,none
2024-11-21 04:00:00,18.083177340215187,49.68377598718699,1014.2458636083376,0,none
2024-11-21 05:00:00,19.08030911508935,43.58524296470087,1013.5417135790594,0,none
2024-11-21 06:00:00,19.146903435270005,49.120818261939654,1014.3955155134663,0,none
2024-11-21 07:00:00,17.488585844447286,45.36662685380596,1014.229542929276,0,none
2024-11-21 08:00:00,19.09546450025015,42.671360300093724,1013.5044074684081,0,none
2024-11-21 09:00:00,16.84424861291478,46.78261606491042,1009.5420780669705,0,none
2024-11-21 10:00:00,18.49758444679442,54.374429616422844,1015.2770243319753,0,none
2024-11-21 11:00:00,13.74838361053601,52.80797411432727,1012.7325066276335,0,none
2024-11-21 12:00:00,12.594163384249619,60.46876909512301,1011.5513906648458,0,none
2024-11-21 13:00:00,12.214074305648918,63.42392345515323,1015.4337888244248,0,none
2024-11-21 14:00:00,10.135693642509665,66.01155317480091,1013.0157546379585,0,none
2024-11-21 15:00:00,8.559117748733675,70.33637865303285,1011.7631438935422,0,none
2024-11-21 16:00:00,9.01542034077165,68.88109191494948,1011.5879334731898,0,none
2024-11-21 17:00:00,8.720166479711715,75.49087587295813,1014.911219311178,0,none
2024-11-21 18:00:00,6.619940676798302,72.69196360983904,1015.8754154246367,0,none
2024-11-21 19:00:00,9.095183206374745,71.29382191543266,1013.9605804049038,0,none
2024-11-21 20:00:00,10.853740693887428,76.87373491310699,1010.2324841470875,0,none
2024-11-21 21:00:00,9.435330116273644,70.37556521051523,1014.2372791439984,0,none
2024-11-21 22:00:00,11.285562997059985,70.47377066260442,1012.061060382246,0,none
2024-11-21 23:00:00,11.646546110598841,62.97904548152638,1017.5182417649388,0,none
2024-11-22 00:00:00,12.651937293780174,58.626557235718316,1013.9390635487803,0,none
2024-11-22 01:00:00,14.622892259086097,61.651367888710986,1016.0133962179921,0,none
2024-11-22 02:00:00,17.18641721569706,51.36743123646739,1012.5637367309474,0,none
2024-11-22 03:00:00,18.13320577096451,48.90233327141434,1013.4032778106114,0,none
2024-11-22 04:00:00,19.15988935089758,51.52942913570042,1009.7773698969039,0,none
2024-11-22 05:00:00,19.1612904026019,51.882758916643695,1013.1531525041684,0,none
2024-11-22 06:00:00,21.041794797026412,43.75104156221327,1013.62442715562,0,none
2024-11-22 07:00:00,18.855463229318513,47.97931307968109,1011.4892109882879,0,none
2024-11-22 08:00:00,18.958795858014053,47.60569268479012,1011.8489347987227,0,none
2024-11-22 09:00:00,17.876806659555996,51.58195801501336,1010.6123032809661,0,none
2024-11-22 10:00:00,15.494102571748405,52.78419810252711,1010.7049969780289,0,none
2024-11-22 11:00:00,14.584444380829332,52.51810929655323,1013.6255808968654,0,none
2024-11-22 12:00:00,13.587115809666965,59.13579255334758,1014.3757443879716,0,none
2024-11-22 13:00:00,14.392825608353386,62.05787194915446,1011.29622272908,1,drift
2024-11-22 14:00:00,11.523155315596421,73.6017213571391,1014.3780642146443,1,drift
2024-11-22 15:00:00,9.255792348734609,75.33821313023603,1017.0527636047365,1,drift
2024-11-22 16:00:00,8.638800071860858,72.1979516609213,1015.3350709731636,1,drift
2024-11-22 17:00:00,8.351711054856558,76.44381122584373,1014.8576650388857,1,drift
2024-11-22 18:00:00,7.977165659065506,74.73470001419886,1019.9032380440186,1,drift
2024-11-22 19:00:00,9.925263945051682,74.53912585972427,1017.3777164034693,1,drift
2024-11-22 20:00:00,9.324283395930136,73.70439007943683,1016.5440421349807,1,drift
2024-11-22 21:00:00,10.660442752519822,72.53571524302482,1017.2779447786972,1,drift
2024-11-22 22:00:00,9.940829725652426,66.60044690755925,1017.727594262805,1,drift
2024-11-22 23:00:00,13.033287045401687,64.21692276482155,1023.2010201123247,1,drift
2024-11-23 00:00:00,14.68994117160414,56.32352131435073,1017.2852475405454,1,drift
2024-11-23 01:00:00,15.994108404534192,57.622320223987074,1021.3047214154012,1,drift
2024-11-23 02:00:00,15.709032947514636,51.835142018668876,1019.7567844225251,1,drift
2024-11-23 03:00:00,18.90885097817196,50.33878215945627,1023.5032765236523,1,drift
2024-11-23 04:00:00,16.961008037814043,49.03590740001427,1020.7226977528862,1,drift
2024-11-23 05:00:00,18.781378911646268,43.92268483376947,1020.4986588147124,1,drift
2024-11-23 06:00:00,18.344080868277217,36.239182333838556,1023.2252132618416,1,drift
2024-11-23 07:00:00,18.227791228077557,49.99522156873221,1017.5462819727562,1,drift
2024-11-23 08:00:00,19.826363758966338,49.3353445799473,1020.9519285580819,1,drift
2024-11-23 09:00:00,17.91138689931415,49.0145239950554,1022.068431734709,1,drift
2024-11-23 10:00:00,16.323910415656236,50.289550004925125,1018.6495170568438,1,drift
2024-11-23 11:00:00,17.190355872196847,56.998840075258606,1025.7538138781695,1,drift
2024-11-23 12:00:00,14.621140087210515,58.63122458670851,1026.0583435143078,1,drift
2024-11-23 13:00:00,11.530274113457825,66.02662306043136,1012.8402296276506,0,none
2024-11-23 14:00:00,12.227213958116643,68.38551309812944,1015.6167284016288,0,none
2024-11-23 15:00:00,10.01254064004409,66.48119009328795,1011.5133517344719,0,none
2024-11-23 16:00:00,10.31148963962077,70.44601873160364,1011.4344658419117,0,none
2024-11-23 17:00:00,9.473772844927042,74.2487781627011,1011.7356619653642,0,none
2024-11-23 18:00:00,7.712397906885984,77.88017436617405,1009.1442334321279,0,none
2024-11-23 19:00:00,8.633138966875073,71.10322038057255,1009.8581988396469,0,none
2024-11-23 20:00:00,10.219518990160367,74.53538131239475,1009.4834389934231,0,none
2024-11-23 21:00:00,11.346517786601817,68.43729478701303,1014.6981173169995,0,none
2024-11-23 22:00:00,38.76591846532092,72.7303161885796,1014.9162553399921,1,spike
2024-11-23 23:00:00,13.419363467189495,62.934597095972656,1012.7378313357771,0,none
2024-11-24 00:00:00,14.19330657467016,60.445042461364885,1012.6235741949142,0,none
2024-11-24 01:00:00,15.736725957595677,57.83374688045322,1012.9101038533843,0,none
2024-11-24 02:00:00,16.696385038154325,50.23722176068145,1016.0087944127952,0,none
2024-11-24 03:00:00,19.191109853554742,50.10418061615219,1012.1077341575862,0,none
2024-11-24 04:00:00,16.86700737667136,44.0098312718562,1012.0006219483289,0,none
2024-11-24 05:00:00,18.268303275793837,41.03948554064965,1013.8012231240706,0,none
2024-11-24 06:00:00,17.87742689043548,47.86801121017947,1012.1485333702877,0,none
2024-11-24 07:00:00,21.690825628751217,48.1203828489883,1015.0566439930908,0,none
2024-11-24 08:00:00,19.58288044852113,50.888305122444606,1014.0171203363209,0,none
2024-11-24 09:00:00,17.421223482190516,54.00733414628713,1015.304320177007,0,none
2024-11-24 10:00:00,17.771815677094576,46.07513280340082,1012.6194549248902,0,none
2024-11-24 11:00:00,15.867820457224969,54.257210418857,1009.5350493820548,0,none
2024-11-24 12:00:00,14.254200405776373,56.94686088203417,1015.805412359694,0,none
2024-11-24 13:00:00,13.441284948340995,61.019425653061,1014.6715785153299,0,none
2024-11-24 14:00:00,11.250338649320167,65.75518680237715,1011.9699357496352,0,none
2024-11-24 15:00:00,10.077248367175176,75.76361374536978,1011.538549567005,0,none
2024-11-24 16:00:00,8.98567728306174,76.28699758346727,1011.799822438622,0,none
2024-11-24 17:00:00,8.88450435438854,77.2298878792423,1013.1288414505104,0,none
2024-11-24 18:00:00,11.139544589817914,75.82574667705293,1013.8467395348245,0,none
2024-11-24 19:00:00,8.489328249214365,78.5940455688763,1016.0568603152657,0,none
2024-11-24 20:00:00,11.126650775542856,67.52208219687982,1013.8197130154285,0,none
2024-11-24 21:00:00,10.06365697472611,75.89736201108674,1011.297106250032,0,none
2024-11-24 22:00:00,11.683200143536858,73.72726697142916,1012.9956949158598,0,none
2024-11-24 23:00:00,13.824366941264548,63.90594285560188,1014.7846896636293,0,none
2024-11-25 00:00:00,15.421253851167815,62.54144710016648,1011.0451049727245,1,freeze
2024-11-25 01:00:00,17.770707681081102,62.54144710016648,1011.7974004501323,1,freeze
2024-11-25 02:00:00,16.204521449854735,62.54144710016648,1017.3370438496145,1,freeze
2024-11-25 03:00:00,17.561179436538726,62.54144710016648,1013.9837972842146,1,freeze
2024-11-25 04:00:00,18.68280814656603,62.54144710016648,1010.8585382370699,1,freeze
2024-11-25 05:00:00,17.25955289574032,62.54144710016648,1014.9901096345765,1,freeze
2024-11-25 06:00:00,18.969366031746468,38.278741646064,1012.1205918661543,0,none
2024-11-25 07:00:00,19.14263959672967,45.07185639133518,1014.1867899137469,0,none
2024-11-25 08:00:00,18.97923398304409,46.023155276990636,1014.3176190786439,0,none
2024-11-25 09:00:00,17.783477466810623,49.4304664660058,1008.1283682130704,0,none
2024-11-25 10:00:00,16.298154999826682,51.14363293116651,1011.5302912629377,0,none
2024-11-25 11:00:00,16.152044233806315,61.0445865592781,1014.5359030356198,0,none
2024-11-25 12:00:00,15.097252962503635,62.41693794800657,1012.0448208409033,0,none
2024-11-25 13:00:00,13.566860348252016,67.05768700317245,1013.1240683518894,0,none
2024-11-25 14:00:00,10.795757286354677,67.77573011916293,1012.3836954893361,0,none
2024-11-25 15:00:00,9.580354093980663,72.92518552745365,1017.5406799759621,0,none
2024-11-25 16:00:00,12.178875880499106,76.78180502597228,1013.393545045041,0,none
2024-11-25 17:00:00,10.326361910958665,79.1301026278978,1012.8517261228616,0,none
2024-11-25 18:00:00,9.37603550042758,69.43491077978712,1015.2392963597634,0,none
2024-11-25 19:00:00,9.063853475241588,72.44513283949674,1014.0699618270706,0,none
2024-11-25 20:00:00,8.89933769259889,69.9103542225761,1010.2929956721646,0,none
2024-11-25 21:00:00,11.659404226371375,77.8247064466594,1015.0811981593617,0,none
2024-11-25 22:00:00,13.81198049623861,69.48859647827085,1009.172460909301,0,none
2024-11-25 23:00:00,12.4448541728229,64.70707821901019,1016.1987804607729,0,none
2024-11-26 00:00:00,15.718389610889565,59.95211293345873,1013.8670888008899,0,none
2024-11-26 01:00:00,15.693564817282665,53.61128918996636,1016.778153279168,0,none
2024-11-26 02:00:00,17.078076641601218,55.59719278478526,1014.0828045244943,0,none
2024-11-26 03:00:00,18.231580376874714,54.01603259826779,1013.9271919235031,0,none
2024-11-26 04:00:00,19.18554806653147,42.31890103425821,1009.463113537816,0,none
2024-11-26 05:00:00,19.28272416339673,47.775955991033285,1010.8947833030608,0,none
2024-11-26 06:00:00,18.75769022488957,44.70196222871273,1009.1477422424705,0,none
2024-11-26 07:00:00,21.16719806442086,46.89947069665021,1013.4189443085838,0,none
2024-11-26 08:00:00,17.837419541768437,49.2563916753635,1012.8235140278159,0,none
2024-11-26 09:00:00,17.991575968250796,53.077723349865494,1015.4972427368764,0,none
2024-11-26 10:00:00,17.276772818192732,52.85046585958164,1011.499926661552,0,none
2024-11-26 11:00:00,16.378575699542623,57.43389110878106,1013.5720088011185,0,none
2024-11-26 12:00:00,14.475717836786123,59.53804139073854,1010.5691407719861,0,none
2024-11-26 13:00:00,12.967337040588484,60.85679255101355,1012.7810643530712,0,none
2024-11-26 14:00:00,11.449107246835052,67.65187369531358,1015.2502725161515,0,none
2024-11-26 15:00:00,9.895550982463634,69.81949958029067,1016.1719469150106,0,none
2024-11-26 16:00:00,10.411836420265534,78.32668344763717,1013.0828230707486,0,none
2024-11-26 17:00:00,9.423168291859879,73.25131912310442,1009.9868379436449,0,none
2024-11-26 18:00:00,9.743007354800682,76.80656190348842,1015.9580600173118,0,none
2024-11-26 19:00:00,7.700473474507421,71.06166083936733,1013.1681516636763,0,none
2024-11-26 20:00:00,10.24089083205887,67.36037483457821,1012.0747619620475,0,none
2024-11-26 21:00:00,11.926641793471711,74.54743429066265,1011.9360203912544,0,none
2024-11-26 22:00:00,12.313541180755672,70.76240357737169,1013.605456859738,0,none
2024-11-26 23:00:00,12.147501258914815,67.21571885572918,1011.44068117264,0,none
2024-11-27 00:00:00,14.047938470664642,59.205923115348895,1011.0490060102663,0,none
2024-11-27 01:00:00,14.425131318132959,54.08977202622829,1008.9161616079004,0,none
2024-11-27 02:00:00,16.06750792334778,53.34052136886679,1013.2885522306666,0,none
2024-11-27 03:00:00,16.96775605656116,50.54850532507578,1011.5894850671968,0,none
2024-11-27 04:00:00,19.638697213479116,48.678792171155756,1007.6351393039083,0,none
2024-11-27 05:00:00,18.778721182724176,42.971069047591115,1012.2561836050437,0,none
2024-11-27 06:00:00,19.586908315073174,41.57235020783938,1015.492691905056,0,none
2024-11-27 07:00:00,18.4875056097859,49.547977029104025,1013.1927712967433,0,none
2024-11-27 08:00:00,16.113728393754126,46.096331547540046,1013.3885072837537,0,none
2024-11-27 09:00:00,16.60593730223472,45.908285422749586,1013.557512491076,0,none
2024-11-27 10:00:00,18.456683416820503,55.787165986977975,1015.1689339085387,0,none
2024-11-27 11:00:00,17.646637697529243,53.08981346733922,1011.1110645786348,0,none
2024-11-27 12:00:00,16.02076189553093,61.042847788086526,1010.5607546379288,0,none
2024-11-27 13:00:00,15.038221426254877,65.53775281901311,1012.0022883340932,0,none
2024-11-27 14:00:00,13.140914289398314,69.34030377416602,1015.498235604578,0,none
2024-11-27 15:00:00,,73.51957938547643,1016.0628691119965,1,null
2024-11-27 16:00:00,8.985661616626594,72.55528125788852,1011.3278608222541,0,none
2024-11-27 17:00:00,11.377120226056634,69.37181513985016,1013.118083540866,0,none
2024-11-27 18:00:00,9.453052887170685,73.64319429310915,1013.0738209031919,0,none
2024-11-27 19:00:00,10.099515426329122,73.91258814016486,1014.9978758492364,0,none
2024-11-27 20:00:00,9.194692922775932,73.70078383032451,1013.5610933916295,0,none
2024-11-27 21:00:00,12.038348961592964,69.25932170201907,1011.4021428845485,0,none
2024-11-27 22:00:00,11.247083360996076,65.84949704146753,1015.0463052209901,0,none
2024-11-27 23:00:00,13.907633642801683,64.64470929889157,1013.8267928518775,0,none
2024-11-28 00:00:00,14.673246874708175,62.24403193329238,1013.6153816260606,0,none
2024-11-28 01:00:00,15.360937430912902,53.58755438996638,1012.724120465096,0,none
2024-11-28 02:00:00,15.963103765331562,55.95124936791127,1011.8994777992267,0,none
2024-11-28 03:00:00,18.578737748369612,50.141469166095945,1008.853074084213,0,none
2024-11-28 04:00:00,21.075398450741016,49.651881425804156,1011.5602077907881,0,none
2024-11-28 05:00:00,21.164762735088395,46.44273090819933,1013.4867663348103,0,none
2024-11-28 06:00:00,18.408953073597427,46.93749798034056,1012.4610237056747,0,none
2024-11-28 07:00:00,17.661685476937937,42.49641845907731,1012.664672842485,0,none
2024-11-28 08:00:00,18.471888079198525,53.85364590593237,1010.1655847364029,0,none
2024-11-28 09:00:00,18.091960565926996,46.940857040202275,1014.8861778010427,0,none
2024-11-28 10:00:00,20.003447622994987,53.21328175718857,1013.0523738598315,0,none
2024-11-28 11:00:00,15.859044854259784,55.14011680119345,1014.7638005213817,0,none
2024-11-28 12:00:00,13.324589147220196,66.57584439622217,1013.1824586181035,0,none
2024-11-28 13:00:00,13.825834626442612,64.78689564792447,1013.3718377163516,0,none
2024-11-28 14:00:00,12.915676865575946,67.986102870507,1012.3762571867326,0,none
2024-11-28 15:00:00,11.621237449538208,75.28772608680522,1010.2558415110756,0,none
2024-11-28 16:00:00,10.361878296637705,72.09944632268775,1014.8041232892252,0,none
2024-11-28 17:00:00,10.754382375361851,71.67168643033379,1015.0359378556408,0,none
2024-11-28 18:00:00,9.212388052618753,76.29281802198406,1014.7921852599247,0,none
2024-11-28 19:00:00,7.718289066329179,76.27614339975865,1013.0480118267722,0,none
2024-11-28 20:00:00,10.756802996503147,74.87070505970782,1012.9684699510183,0,none
2024-11-28 21:00:00,11.042105378008815,71.18470642813269,1014.9696326124863,0,none
2024-11-28 22:00:00,12.140807127264782,69.18904430147717,1011.8985131861218,0,none
2024-11-28 23:00:00,13.656598840877079,62.12634329509959,1008.8601106759581,0,none
2024-11-29 00:00:00,13.919282208767521,57.33662206473213,1014.4721235266691,0,none
2024-11-29 01:00:00,16.723634119072972,55.43066646558961,1012.1399380144339,0,none
2024-11-29 02:00:00,16.771919597111555,54.885004782135226,1012.914405420975,0,none
2024-11-29 03:00:00,18.148112771128872,51.2943174867943,1014.1748442544567,0,none
2024-11-29 04:00:00,19.570636953822465,46.06718520064983,1009.5317151452998,0,none
2024-11-29 05:00:00,19.939390835085817,46.10156827556435,1011.4644690349168,0,none
2024-11-29 06:00:00,,44.55182332388706,1016.0843785546541,1,null
2024-11-29 07:00:00,18.12316742042975,48.998640159258414,1010.4735707003108,0,none
2024-11-29 08:00:00,19.98357165687843,45.57449177226099,1010.3462273320504,0,none
2024-11-29 09:00:00,17.788285817558034,47.212851991212176,1013.2438046852401,0,none
2024-11-29 10:00:00,18.133927949723887,55.32730354152886,1015.199952050562,0,none
2024-11-29 11:00:00,16.291792374975525,61.03441142335876,1016.3043156097033,0,none
2024-11-29 12:00:00,15.409121776542191,57.89966421988208,1011.4858280930151,0,none
2024-11-29 13:00:00,13.505180862139744,66.70455325211037,1012.9619665679304,0,none
2024-11-29 14:00:00,12.565376020710742,66.22522628321694,1009.466096371174,0,none
2024-11-29 15:00:00,12.538329163632778,69.04291963898586,1011.346102809861,1,freeze
2024-11-29 16:00:00,10.407392755490962,69.04291963898586,1011.2470317055818,1,freeze
2024-11-29 17:00:00,10.005703290510725,69.04291963898586,1013.064779064197,1,freeze
2024-11-29 18:00:00,9.658005430811196,69.04291963898586,1013.993639600011,1,freeze
2024-11-29 19:00:00,11.567806970899339,69.04291963898586,1013.717821749211,1,freeze
2024-11-29 20:00:00,10.431158531578147,69.04291963898586,1017.1022131759208,1,freeze
2024-11-29 21:00:00,11.962521461544965,71.00793014607326,1016.8523132168579,0,none
2024-11-29 22:00:00,13.023817663166682,71.26652809596722,1011.532525382158,0,none
2024-11-29 23:00:00,14.355030956072182,68.79123220851356,1012.7685998205801,0,none
2024-11-30 00:00:00,14.178446273859258,58.182305880549826,1012.5022212753751,0,none
2024-11-30 01:00:00,16.52883228657899,54.76735049888271,1014.4906422749021,0,none
2024-11-30 02:00:00,18.99816000390864,52.46165737087988,1014.3874384051651,0,none
2024-11-30 03:00:00,20.005678399047707,49.711980688418414,1010.3830270213637,0,none
2024-11-30 04:00:00,19.6361285467812,43.080272504581544,1012.63877237582,0,none
2024-11-30 05:00:00,,44.17059578405581,1011.9233883298283,1,null
2024-11-30 06:00:00,18.368100564190986,48.10174905329099,1011.7665827813427,0,none
2024-11-30 07:00:00,20.10685138767076,44.63688284445981,1013.0534305628809,0,none
2024-11-30 08:00:00,18.797096576314235,43.90846130314729,1009.6096347631379,0,none
2024-11-30 09:00:00,18.09097063591524,47.6513432298069,1014.8780635541249,0,none
2024-11-30 10:00:00,-5.299047320830535,52.88309080980535,1010.0403379051156,1,spike
2024-11-30 11:00:00,15.98171164004802,57.343719421164074,1012.9159212702892,0,none
2024-11-30 12:00:00,16.56234024027324,62.357274859813394,1015.2119277281328,0,none
2024-11-30 13:00:00,14.324138504883027,58.79113298680437,1010.6715328208238,0,none
2024-11-30 14:00:00,13.312257964086522,67.76135311761092,1008.1981774297161,0,none
2024-11-30 15:00:00,12.452941192411405,72.92118135755197,1013.7017695039501,0,none
2024-11-30 16:00:00,8.817477922396272,77.38131801630834,1013.7963913932838,0,none
2024-11-30 17:00:00,11.403880541131537,73.8035353988571,1010.7296237551619,0,none
2024-11-30 18:00:00,9.986649646521546,78.81114968202733,1014.8144021866212,0,none
2024-11-30 19:00:00,10.935138651712073,74.8190469220108,1013.9752628155449,0,none
2024-11-30 20:00:00,9.771723283001723,71.89334667733671,1010.8089617505805,0,none
2024-11-30 21:00:00,10.744542975642235,67.62915583348229,1015.6025483155643,0,none
2024-11-30 22:00:00,11.171245609043599,72.42787735095834,1009.6877803000048,0,none
2024-11-30 23:00:00,13.573929188498681,66.3402870019788,1009.2654021741795,0,none
2024-12-01 00:00:00,14.892203333082616,60.01691556005261,1013.9416837771863,0,none
2024-12-01 01:00:00,18.40277600271577,55.62861750500337,1011.2196656958096,0,none
2024-12-01 02:00:00,15.636010181075346,51.89034740637195,1012.6579238109867,0,none
2024-12-01 03:00:00,18.7556975530689,54.41147356042348,1014.9880676683239,0,none
2024-12-01 04:00:00,18.40026979683821,49.46928699604763,1015.1475721587952,0,none
2024-12-01 05:00:00,21.164792198326943,43.70677849489493,1012.7757705699845,0,none
2024-12-01 06:00:00,20.264201689554813,41.98540594308957,1013.0545173722869,0,none
2024-12-01 07:00:00,18.405777764672518,44.322958898934225,1015.1225601528786,0,none
2024-12-01 08:00:00,21.376645215209614,43.17450297799324,1012.7070067940869,0,none
2024-12-01 09:00:00,18.33614972800244,48.62003767787802,1013.3082772086165,1,freeze
2024-12-01 10:00:00,17.426984482025208,48.62003767787802,1012.3623948787374,1,freeze
2024-12-01 11:00:00,17.045436523585266,48.62003767787802,1014.0302639445074,1,freeze
2024-12-01 12:00:00,14.425416566571066,48.62003767787802,1015.9373685268938,1,freeze
2024-12-01 13:00:00,13.452118565574567,48.62003767787802,1015.1480290327897,1,freeze
2024-12-01 14:00:00,13.732832224267572,48.62003767787802,1011.7259124283958,1,freeze
2024-12-01 15:00:00,10.973444368921548,72.6082434310532,1013.0955350539297,0,none
2024-12-01 16:00:00,10.533690609057267,72.67568315866774,1014.2153049110243,0,none
2024-12-01 17:00:00,10.497874698306337,73.48420106212153,1012.7463076034318,0,none
2024-12-01 18:00:00,9.418784751321105,77.14738866038398,1010.8958523588852,0,none
2024-12-01 19:00:00,11.081029982236014,72.18175089318123,1015.2460758193528,0,none
2024-12-01 20:00:00,11.063254498808314,77.93687995044056,1010.8761596587449,0,none
2024-12-01 21:00:00,11.984657628873371,71.92632386713059,1014.0774801569838,0,none
2024-12-01 22:00:00,11.467681693978037,69.56779767695487,1011.4942533715559,0,none
2024-12-01 23:00:00,14.245816779661718,62.69558487935681,1011.4457350718593,0,none
2024-12-02 00:00:00,14.57664326225612,59.12613648711479,1014.0508845480751,0,none
2024-12-02 01:00:00,16.837663758445196,53.943683405373434,1015.552494562034,0,none
2024-12-02 02:00:00,17.29595103111606,47.57622757057282,1011.194612290484,0,none
2024-12-02 03:00:00,17.00974315569968,55.248984631793604,1011.3145757050365,0,none
2024-12-02 04:00:00,18.829890893764944,51.18747511247838,1010.0912615666647,0,none
2024-12-02 05:00:00,20.595892164160087,43.25057266372344,1015.3937014993151,0,none
2024-12-02 06:00:00,20.852474972850377,47.568978484464616,1014.9955111802138,0,none
2024-12-02 07:00:00,20.17278528159246,45.33911918367146,1017.9466379415502,0,none
2024-12-02 08:00:00,20.466944839792486,52.74925072973842,1013.1708760279045,0,none
2024-12-02 09:00:00,18.587547092295207,46.67551702590909,1008.6965786375248,0,none
2024-12-02 10:00:00,14.256917145893336,55.239007003782035,1014.8313788169233,0,none
2024-12-02 11:00:00,17.89458052977864,56.10060602309841,1012.834830105631,0,none
2024-12-02 12:00:00,17.139409585440763,63.092403333836266,1014.2972566584507,0,none
2024-12-02 13:00:00,14.273653765781757,58.03880094169714,1012.335930400328,0,none
2024-12-02 14:00:00,13.023349673016975,65.49361128439818,1011.668860603317,0,none
2024-12-02 15:00:00,9.440456276976441,72.20597189453326,1011.1161946494436,0,none
2024-12-02 16:00:00,14.03936733348267,74.06384352915649,1012.7068243375895,0,none
2024-12-02 17:00:00,10.684780660469297,70.84442869652251,1011.9834448272179,0,none
2024-12-02 18:00:00,9.459418222721055,76.57922483585871,1009.9513806111127,0,none
2024-12-02 19:00:00,10.472640426712148,74.83940435707996,1014.9965094997384,0,none
2024-12-02 20:00:00,11.122581843846332,71.11037229995486,1010.3108252311832,0,none
2024-12-02 21:00:00,11.579031540984433,71.15282684712676,1014.2204810758064,0,none
2024-12-02 22:00:00,13.349133482453126,64.06803822401481,1014.4172932684506,1,drift
2024-12-02 23:00:00,13.865256226521634,61.54492835486056,1015.2744178903994,1,drift
2024-12-03 00:00:00,16.955935406940345,63.14123091807683,1015.7570740002116,1,drift
2024-12-03 01:00:00,17.736658538698517,58.14372419670741,1011.6565949389708,1,drift
2024-12-03 02:00:00,17.31369235189456,55.006443662318375,1018.2944616976515,1,drift
2024-12-03 03:00:00,20.207256901358228,49.86511444391998,1015.5788612856802,1,drift
2024-12-03 04:00:00,19.017578198048408,45.37991275442564,1015.2144520642704,1,drift
2024-12-03 05:00:00,20.527847474652823,40.26211360293319,1017.4242153594224,1,drift
2024-12-03 06:00:00,22.600126727998184,42.634156339454556,1013.9293487337588,1,drift
2024-12-03 07:00:00,19.7537162218555,45.450899181957666,1019.8018606681039,1,drift
2024-12-03 08:00:00,21.73842445186777,44.32686536985025,1016.3302048801353,1,drift
2024-12-03 09:00:00,20.905082428218286,52.29222555657489,1016.1102412943962,1,drift
2024-12-03 10:00:00,17.297422583383863,58.407767525488865,1013.1674749852633,1,drift
2024-12-03 11:00:00,17.41314426710465,57.06777276712852,1017.1061599490608,1,drift
2024-12-03 12:00:00,14.914375472899366,64.46670906613174,1022.1009227749715,1,drift
2024-12-03 13:00:00,15.78194695152953,65.1410095203184,1020.9377028502885,1,drift
2024-12-03 14:00:00,14.661680177533137,66.57318266368979,1018.1752526712312,1,drift
2024-12-03 15:00:00,12.40688833935753,69.24479952350914,1020.2392418014234,1,drift
2024-12-03 16:00:00,13.096889859823957,69.32058966906642,1022.369076134127,1,drift
2024-12-03 17:00:00,11.073412741111028,75.38699817524315,1020.7682695403913,1,drift
2024-12-03 18:00:00,10.496214200678235,75.0886913828718,1017.3990126008571,1,drift
2024-12-03 19:00:00,11.139884084865317,71.86391468582093,1021.3728203742313,1,drift
2024-12-03 20:00:00,12.944711504061654,74.195938290914,1024.3924338306497,1,drift
2024-12-03 21:00:00,11.69888723284385,66.81633219570136,1019.4111046442549,1,drift
2024-12-03 22:00:00,12.87308096488389,68.94269293190294,1015.009963786019,0,none
2024-12-03 23:00:00,14.93501390543642,62.600993103128395,1010.9891344926476,0,none
2024-12-04 00:00:00,16.379166040740955,61.0414862773174,1009.5971298380099,0,none
2024-12-04 01:00:00,15.571329430363784,50.87753618772841,1015.1646901044268,0,none
2024-12-04 02:00:00,18.217630016952448,53.002574641912794,1012.5780318093347,0,none
2024-12-04 03:00:00,18.20032799545357,52.83844885112476,1009.0011593978962,0,none
2024-12-04 04:00:00,19.99217865700912,47.16383587839687,1012.3950486264768,0,none
2024-12-04 05:00:00,20.513213847320678,44.1479291005376,1013.6690295713595,0,none
2024-12-04 06:00:00,20.775260659648342,43.10940409394664,1011.0031706455505,0,none
2024-12-04 07:00:00,20.332716481955593,50.27663473204082,1012.1632312168565,0,none
2024-12-04 08:00:00,20.45868540322427,44.84874453914903,1012.0701950882886,0,none
2024-12-04 09:00:00,19.752654687155278,51.259297501561505,1014.5504607916961,0,none
2024-12-04 10:00:00,19.211658174699373,55.3268203045561,1015.7538334078334,0,none
2024-12-04 11:00:00,16.225273489948126,55.50500510773576,1013.9901908726752,0,none
2024-12-04 12:00:00,15.119055699811824,59.839732982418965,1013.5969863412816,0,none
2024-12-04 13:00:00,14.17860322298878,64.8571946104485,1011.6149655773958,1,drift
2024-12-04 14:00:00,12.607015011378442,67.59348370473765,1015.4499463260241,1,drift
2024-12-04 15:00:00,13.470510722847308,69.27334652934749,1015.5395869653661,1,drift
2024-12-04 16:00:00,11.202728459213843,75.53662176558885,1017.2830416877669,1,drift
2024-12-04 17:00:00,10.554323528506455,74.37863816065813,1012.7911871240942,1,drift
2024-12-04 18:00:00,11.094275715951694,76.30118626598954,1011.9099568371267,1,drift
2024-12-04 19:00:00,10.707580923504953,73.97967547995783,1015.3380603300467,1,drift
2024-12-04 20:00:00,10.788175933846166,72.19395400572654,1020.1509932942809,1,drift
2024-12-04 21:00:00,10.279775173764321,72.18237881481197,1020.1348103489794,1,drift
2024-12-04 22:00:00,12.361389141441736,62.751569978594645,1016.9444225813452,1,drift
2024-12-04 23:00:00,15.145937262530309,65.0950824228279,1021.147555351277,1,drift
2024-12-05 00:00:00,15.313974686139504,59.474696333300805,1017.9949803133503,1,drift
2024-12-05 01:00:00,17.737405490276064,52.829273876288795,1020.1510848150989,1,drift
2024-12-05 02:00:00,18.485165783968775,53.90204833987154,1018.2367352449608,1,drift
2024-12-05 03:00:00,17.584231952250136,52.41610155253305,1019.4035955051894,1,drift
2024-12-05 04:00:00,20.76582764963237,46.7419388589411,1017.8383650786227,1,drift
2024-12-05 05:00:00,19.603448821906575,45.95153253433424,1021.3506110420091,1,drift
2024-12-05 06:00:00,20.99019623645519,44.111606726067734,1022.9068768159705,1,drift
2024-12-05 07:00:00,22.384298924409528,40.946383402532135,1022.4606520775144,1,drift
2024-12-05 08:00:00,20.776367346362896,51.331243026426435,1024.1642199744958,1,drift
2024-12-05 09:00:00,19.97311852053681,47.571501287373536,1023.856303572449,1,drift
2024-12-05 10:00:00,19.2596272742271,55.019984200229295,1023.4579073085404,1,drift
2024-12-05 11:00:00,14.881912446221644,49.181090491814736,1021.4776742076132,1,drift
2024-12-05 12:00:00,15.951186596804565,62.6513159328518,1023.5056105725955,1,drift
2024-12-05 13:00:00,14.29720933511883,64.06153363531459,1013.6910463346986,0,none
2024-12-05 14:00:00,14.021975410280922,66.82872330554855,1012.5243863294785,0,none
2024-12-05 15:00:00,14.314184263433068,69.60529779163502,1011.7934225906874,0,none
2024-12-05 16:00:00,11.479855901768804,70.87701782358711,1011.9740781263419,0,none
2024-12-05 17:00:00,11.241192404935111,74.148423043151,1013.1102451492911,0,none
2024-12-05 18:00:00,10.80763591807968,73.35147378428104,1014.060635784042,0,none
2024-12-05 19:00:00,11.882786566000537,69.78094167936284,1013.0734736252875,0,none
2024-12-05 20:00:00,10.560103876382636,73.07969183936993,1018.9361755033696,0,none
2024-12-05 21:00:00,11.39562051921668,67.71936959535074,1013.0728782586466,0,none
2024-12-05 22:00:00,12.0635475395016,68.00568363774903,1010.4341339666857,0,none
2024-12-05 23:00:00,17.43190797288652,60.64145695824713,1013.1360290800743,0,none
2024-12-06 00:00:00,17.06365921199677,60.14977489508792,1009.8662444308965,0,none
2024-12-06 01:00:00,16.934892530670375,56.195526438876044,1012.8358805143987,0,none
2024-12-06 02:00:00,18.744152803501212,50.10892920637489,1014.4034184641497,0,none
2024-12-06 03:00:00,19.7991666300205,49.122272912957385,1015.5397857674855,0,none
2024-12-06 04:00:00,21.214621975110266,44.29320645843073,1011.5766569993264,0,none
2024-12-06 05:00:00,19.614398501100066,42.5568699926068,1014.8472915142762,0,none
2024-12-06 06:00:00,21.569808611751366,44.13614064068784,1010.2670902927681,0,none
2024-12-06 07:00:00,20.5161071387584,47.41189215998853,1010.493473370014,0,none
2024-12-06 08:00:00,18.89315029131002,49.16198360681292,1013.4818626423883,0,none
2024-12-06 09:00:00,19.522210844772147,44.3280369044804,1012.0977920329128,0,none
2024-12-06 10:00:00,18.937524305285677,54.41475154882946,1015.6861104637526,0,none
2024-12-06 11:00:00,15.851286231267379,55.82473594676569,1011.4344352217564,0,none
2024-12-06 12:00:00,17.1154451869373,56.89075393979226,1014.3979321908054,0,none
2024-12-06 13:00:00,16.098737345910774,63.32248519842468,1014.6485030676209,0,none
2024-12-06 14:00:00,13.167315904933966,67.63272059567747,1014.3346792620172,0,none
2024-12-06 15:00:00,13.546092294253828,71.8585491782705,1013.391760598275,0,none
2024-12-06 16:00:00,11.698646595624771,71.87020323763912,1014.0088923347344,0,none
2024-12-06 17:00:00,11.848021071750894,73.0762022258046,1008.8002242779459,0,none
2024-12-06 18:00:00,10.420143741421999,72.47526164950827,1010.1888961430323,0,none
2024-12-06 19:00:00,11.571014253431116,72.71309560494964,1014.8789166409599,0,none
2024-12-06 20:00:00,11.619792321263299,70.6727134260274,1014.8618376115128,0,none
2024-12-06 21:00:00,10.766877126107303,70.75385614966616,1012.3964487450943,0,none
2024-12-06 22:00:00,12.44737453059749,68.35622279032502,1017.1296309705285,0,none
2024-12-06 23:00:00,14.387550445074718,60.56608447333946,1013.2058573837995,0,none
2024-12-07 00:00:00,16.981263300465855,59.76805528159289,1013.9934039381909,0,none
2024-12-07 01:00:00,16.462993158813216,52.11014722769574,1015.8364928858089,0,none
2024-12-07 02:00:00,20.88678762086735,54.102422004116036,1016.5294832557181,0,none
2024-12-07 03:00:00,19.247463345673175,51.53641374941342,1011.0787825477486,0,none
2024-12-07 04:00:00,20.470864716088077,43.0695331442536,1011.7032455288179,0,none
2024-12-07 05:00:00,21.081545953237303,43.47628976374798,1011.0640967467505,0,none
2024-12-07 06:00:00,21.623633773795227,45.872314708465495,1011.9691148939723,0,none
2024-12-07 07:00:00,22.20544172184455,49.04346205262412,1016.2816323516774,0,none
2024-12-07 08:00:00,18.804095579296977,41.438570296323235,1010.7246922117464,0,none
2024-12-07 09:00:00,20.090962603813665,49.62907312695548,1009.7327977152773,0,none
2024-12-07 10:00:00,19.681916400338867,51.40129631938136,1013.7795889507462,0,none
2024-12-07 11:00:00,19.248198613442803,55.58535584381099,1013.6513616879329,0,none
2024-12-07 12:00:00,15.75882989669878,60.770800991733594,1011.6290238538342,0,none
2024-12-07 13:00:00,13.401885383382568,64.97485431438916,1013.659042559072,0,none
2024-12-07 14:00:00,12.277376807191377,71.01000679676847,1012.3263516332587,0,none
2024-12-07 15:00:00,13.159996438985175,70.75232687325054,1011.6161849896124,0,none
2024-12-07 16:00:00,10.641824108338042,70.7775308796743,1012.2202699151334,0,none
2024-12-07 17:00:00,9.129164033263262,75.3617676227777,1011.5925476383541,0,none
2024-12-07 18:00:00,10.565056209858415,72.15417245462555,1010.6619668632419,0,none
2024-12-07 19:00:00,,77.68318709345257,1007.7607609884617,1,null
2024-12-07 20:00:00,10.648264003454804,69.39146261831247,1011.6336851231453,0,none
2024-12-07 21:00:00,11.838126691070888,68.44941919775178,1011.6573189051082,0,none
2024-12-07 22:00:00,13.009344857372582,68.55827746468547,1016.5718399938892,0,none
2024-12-07 23:00:00,14.421066513562867,66.88893257871379,1013.9745596528633,0,none
2024-12-08 00:00:00,16.3886146654513,58.82183597251822,1015.0352121220337,0,none
2024-12-08 01:00:00,17.205310730644026,56.73872419467793,1013.4637471624247,0,none
2024-12-08 02:00:00,19.91748296494321,49.805249508231334,1010.688909970438,0,none
2024-12-08 03:00:00,18.970795713045558,48.97634228023389,1012.4109083591156,0,none
2024-12-08 04:00:00,19.68980063458971,47.497485982823335,1012.0706506949712,0,none
2024-12-08 05:00:00,21.534260794060664,44.681853618859755,1014.217427948243,0,none
2024-12-08 06:00:00,22.253131688971525,52.14527224818891,1013.1528650843726,0,none
2024-12-08 07:00:00,21.12444148718275,44.73087560407029,1014.8772321541604,0,none
2024-12-08 08:00:00,20.618960940034125,51.06387068673738,1011.016769905461,0,none
2024-12-08 09:00:00,19.82408739775524,46.5056009491051,1012.4498155067345,0,none
2024-12-08 10:00:00,17.1904408523664,57.04260096100224,1012.0911890654786,0,none
2024-12-08 11:00:00,46.311016900280116,64.72075976649785,1014.1268195606409,1,spike
2024-12-08 12:00:00,18.0274036207148,68.49552961649734,1012.9716792215773,0,none
2024-12-08 13:00:00,15.537354476578447,65.68313425077883,1012.4572287139462,0,none
2024-12-08 14:00:00,13.12738173612826,67.96750446187573,1015.6924778213488,0,none
2024-12-08 15:00:00,12.936115345863215,71.0222281578161,1012.7396498634512,0,none
2024-12-08 16:00:00,11.30174360244497,72.15280755681628,1016.3757647151162,0,none
2024-12-08 17:00:00,14.057098610767428,70.41912435694924,1010.6542579012134,0,none
2024-12-08 18:00:00,11.09309852517863,73.68779809665979,1011.3737545782159,0,none
2024-12-08 19:00:00,12.050298832964122,69.89870332160764,1012.9177090520434,0,none
2024-12-08 20:00:00,10.775957657348595,66.52200967402598,1010.4123950897219,0,none
2024-12-08 21:00:00,13.351128726366616,69.39811339051911,1014.1092060196792,0,none
2024-12-08 22:00:00,15.915999564162217,63.821614278430765,1015.7657920623851,0,none
2024-12-08 23:00:00,15.831922299945559,66.19026349016686,1012.3901298601539,0,none
2024-12-09 00:00:00,15.938790020418711,58.46577989973988,1010.685128695644,0,none
2024-12-09 01:00:00,17.40085406145707,59.38736183782257,1011.0042064282577,0,none
2024-12-09 02:00:00,19.722307655959952,53.89514343986934,1008.0961571457508,0,none
2024-12-09 03:00:00,18.75965948864258,56.775202158044394,1012.2351890552164,0,none
2024-12-09 04:00:00,20.59367256229371,40.61255084851662,1013.7601232139791,0,none
2024-12-09 05:00:00,21.46437318076217,45.22022838780901,1013.5096732460165,0,none
2024-12-09 06:00:00,20.268068254966664,48.78622581601427,1012.8780929410806,0,none
2024-12-09 07:00:00,23.073675408375806,43.08953892822988,1014.4840328701159,0,none
2024-12-09 08:00:00,20.939503426703737,49.96578922259132,1008.9300051632855,0,none
2024-12-09 09:00:00,19.889517923997325,50.76863440121811,1013.9091173062304,0,none
2024-12-09 10:00:00,17.81166059291137,52.02982075187815,1014.1492277340018,0,none
2024-12-09 11:00:00,18.629021691488003,57.11574770972977,1008.6320772932085,0,none
2024-12-09 12:00:00,17.039151041932588,59.073867753316435,1014.5046878037227,0,none
2024-12-09 13:00:00,14.40185377551279,62.7476923162057,1011.0899985034969,0,none
2024-12-09 14:00:00,14.941472813106552,65.21914014897496,1009.9133858919023,0,none
2024-12-09 15:00:00,12.708120739702593,74.51642167140484,1015.4940117474644,0,none
2024-12-09 16:00:00,10.640849149533036,68.9188718135194,1012.2827166400234,0,none
2024-12-09 17:00:00,10.216581328582091,75.47422440718009,1012.2394816978552,0,none
2024-12-09 18:00:00,9.921612716296323,79.28270683160414,1015.6420943158244,0,none
2024-12-09 19:00:00,12.024732385358485,70.81932666721536,1011.4917319940989,0,none
2024-12-09 20:00:00,11.862217162889424,72.26635763767214,1014.5783328174203,0,none
2024-12-09 21:00:00,13.870176949757239,68.23278036396046,1013.2384745310792,0,none
2024-12-09 22:00:00,15.256029388868656,69.9177852414577,1011.6318550729137,0,none
2024-12-09 23:00:00,14.115889191692968,68.28529557296939,1013.8172832677446,0,none
2024-12-10 00:00:00,16.61134109526305,62.86610530740398,1011.0495823218698,0,none
2024-12-10 01:00:00,16.287535488281172,60.356852943367684,1016.8609151369332,0,none
2024-12-10 02:00:00,18.775785115976632,57.57457691290548,1013.1960375720831,0,none
2024-12-10 03:00:00,19.358437345327527,49.80888924720946,1015.3516330101676,0,none
2024-12-10 04:00:00,19.26043758511811,45.49785622534128,1012.0568292507496,0,none
2024-12-10 05:00:00,20.468754107235924,39.57749710515624,1014.3172045721665,0,none
2024-12-10 06:00:00,22.169639237803754,45.8103165942498,1011.6034788577717,0,none
2024-12-10 07:00:00,22.480995043778716,43.977430199359,1014.6942195030068,0,none
2024-12-10 08:00:00,23.404692170933174,44.42071563868029,1013.7776156358183,0,none
2024-12-10 09:00:00,19.99049033548832,51.51500963205867,1010.3830346052353,0,none
2024-12-10 10:00:00,19.561588580702697,57.82994622677343,1013.6525164186959,0,none
2024-12-10 11:00:00,18.059975270396,55.73583865459639,1015.245049299052,0,none
2024-12-10 12:00:00,18.103125865878873,61.3643737725909,1011.1946182127783,0,none
2024-12-10 13:00:00,14.538633788245923,64.30027071919432,1012.2854630203952,0,none
2024-12-10 14:00:00,13.14688472936664,63.50990151666837,1015.4928962946748,0,none
2024-12-10 15:00:00,13.502997871929493,70.88361427432419,1013.378468573225,0,none
2024-12-10 16:00:00,13.896639957083451,73.33153121472772,1015.3906319215316,0,none
2024-12-10 17:00:00,11.873599749214668,72.131261981068,1010.2596639023723,0,none
2024-12-10 18:00:00,10.39251578994272,78.34799452588385,1013.1083322647013,0,none
2024-12-10 19:00:00,11.835393725719099,74.43576174372618,1012.4120376064609,0,none
2024-12-10 20:00:00,11.12497925126109,70.33796053574619,1015.6662952699041,0,none
2024-12-10 21:00:00,14.34879621137374,73.29482006718057,1010.4240214286874,0,none
2024-12-10 22:00:00,14.168316359643187,69.51681528511526,1015.6854872121545,0,none
2024-12-10 23:00:00,14.496295966515738,62.88638670386095,1012.4714295557043,1,freeze
2024-12-11 00:00:00,15.475974172144815,62.88638670386095,1013.3570171636443,1,freeze
2024-12-11 01:00:00,15.789806150418304,62.88638670386095,1016.7677519103038,1,freeze
2024-12-11 02:00:00,19.404849779831125,62.88638670386095,1010.4338159884983,1,freeze
2024-12-11 03:00:00,19.599628451544874,62.88638670386095,1009.5291666174227,1,freeze
2024-12-11 04:00:00,22.59805539242034,62.88638670386095,1014.722209103362,1,freeze
2024-12-11 05:00:00,21.29789992145766,46.48811233379064,1012.954922459799,0,none
2024-12-11 06:00:00,21.75143087688319,46.92301165088212,1014.3897247788746,0,none
2024-12-11 07:00:00,20.815553459031722,46.22732154978661,1017.4322777375113,0,none
2024-12-11 08:00:00,20.586466266130227,42.2140425077188,1013.833857069668,0,none
2024-12-11 09:00:00,21.311149614857555,48.47911084100688,1010.2936140380849,0,none
2024-12-11 10:00:00,19.870936105691143,58.18567784824661,1013.2663201810623,0,none
2024-12-11 11:00:00,17.73156235463329,58.885837946686394,1012.3213161858963,0,none
2024-12-11 12:00:00,16.255897702652714,62.424365679072324,1012.6807072332072,0,none
2024-12-11 13:00:00,15.065328521830608,67.54388047877119,1010.4652464186565,0,none
2024-12-11 14:00:00,14.318411132661785,65.81289333613788,1013.689265953729,0,none
2024-12-11 15:00:00,11.553202532442834,69.50115111062826,1011.0792710256676,0,none
2024-12-11 16:00:00,9.962669498591223,72.36929028357808,1013.0646961728618,0,none
2024-12-11 17:00:00,10.776835790876696,73.90684477521853,1009.6825740404744,0,none
2024-12-11 18:00:00,11.398565139438206,73.76101249797401,1009.3162036894572,0,none
2024-12-11 19:00:00,12.988277512514099,73.50040049469769,1012.4639020628263,0,none
2024-12-11 20:00:00,11.606080197774961,72.56377907053835,1012.9454734098812,0,none
2024-12-11 21:00:00,12.639089622262198,74.44303194390892,1016.4606235046427,0,none
2024-12-11 22:00:00,15.354743967433002,65.77925540830472,1016.9561229369914,0,none
2024-12-11 23:00:00,15.738659585456647,59.945052975171826,1014.3794113105555,0,none
2024-12-12 00:00:00,17.166477369751554,57.51473017255538,1008.8703554838518,0,none
2024-12-12 01:00:00,18.385486119347604,54.98975726477992,1012.2701819005683,0,none
2024-12-12 02:00:00,19.296401871212165,51.18606822768568,1012.7928535286175,0,none
2024-12-12 03:00:00,20.647424168643614,49.19418911195276,1010.9835019236829,0,none
2024-12-12 04:00:00,22.517245699897316,46.09251366823865,1012.557608589031,0,none
2024-12-12 05:00:00,22.034959955192033,46.45964876722081,1012.5743334025195,0,none
2024-12-12 06:00:00,19.522029974707486,44.82188025120434,1013.4799143753006,0,none
2024-12-12 07:00:00,22.372158423790474,43.22781093292998,1009.8017235999058,0,none
2024-12-12 08:00:00,21.212993658191174,46.01683827030125,1014.8227960997251,0,none
2024-12-12 09:00:00,19.605922791912775,47.277080935272195,1011.9335363972924,0,none
2024-12-12 10:00:00,18.537467859281364,55.89550766858665,1014.8369234706223,0,none
2024-12-12 11:00:00,19.563854887643693,55.6670873039135,1015.2978273067287,0,none
2024-12-12 12:00:00,18.16593188348338,57.754456151812626,1012.9395301421778,0,none
2024-12-12 13:00:00,14.859037928492475,59.30918656393261,1011.0196141292091,0,none
2024-12-12 14:00:00,13.652070626768564,69.31232043770615,1015.2414279135669,0,none
2024-12-12 15:00:00,12.00154000919671,69.68380032406625,1011.4906942784759,0,none
2024-12-12 16:00:00,11.882511674863297,75.80278419772732,1017.8105056751376,0,none
2024-12-12 17:00:00,12.257605484316946,73.22062894913904,1012.6608511974547,0,none
2024-12-12 18:00:00,11.160003095003932,72.7060212678449,1016.482182974953,0,none
2024-12-12 19:00:00,12.15622691484322,75.29319623038042,1012.7803080979791,0,none
2024-12-12 20:00:00,14.897377739758896,78.90308537886656,1013.9264465987708,0,none
2024-12-12 21:00:00,12.17787658570648,74.05872429040902,1014.5016724905008,0,none
2024-12-12 22:00:00,13.118970763598895,66.34160064909767,1012.2035826523258,0,none
2024-12-12 23:00:00,17.272076547662145,63.788828697510034,1011.0549209776503,0,none
2024-12-13 00:00:00,17.51127977513119,57.12308881043054,1011.7556148443948,0,none
2024-12-13 01:00:00,19.69339527221342,53.51240223424829,1013.0595315978056,0,none
2024-12-13 02:00:00,17.7663603573114,55.4254718056138,1014.5264229962994,0,none
2024-12-13 03:00:00,20.67288037454367,48.12668591783479,1016.6375648853726,0,none
2024-12-13 04:00:00,22.08579921530768,48.226118305026965,1011.8577235010811,0,none
2024-12-13 05:00:00,20.419726619563015,47.36288113819782,1013.356876479002,0,none
2024-12-13 06:00:00,20.67542648047831,48.38607618623707,1016.7256489479878,0,none
2024-12-13 07:00:00,23.124232208516432,44.973519752584394,1009.2773515175936,0,none
2024-12-13 08:00:00,20.522587658591814,51.01021570815144,1014.1445516632455,0,none
2024-12-13 09:00:00,21.78835878216754,54.871625035216276,1015.8786087094097,0,none
2024-12-13 10:00:00,20.13889847375238,52.991207907871214,1011.6548461842085,0,none
2024-12-13 11:00:00,19.757203209578343,55.001747155428546,1013.3618289808093,0,none
2024-12-13 12:00:00,16.37135574154379,58.48869650954804,1010.1677586740384,0,none
2024-12-13 13:00:00,,62.28842783976758,1013.8210165579379,1,null
2024-12-13 14:00:00,16.4174473566545,63.96454126730569,1015.2584419187748,0,none
2024-12-13 15:00:00,12.2737204942398,68.86697144160883,1012.0324433520552,0,none
2024-12-13 16:00:00,14.250609642979203,69.74861541316204,1011.4923688938259,0,none
2024-12-13 17:00:00,13.65541417863211,72.75408245428012,1013.5634251128688,0,none
2024-12-13 18:00:00,11.706380750328213,73.23706380692265,1015.1337786936226,0,none
2024-12-13 19:00:00,11.48173501721163,78.66905835940197,1013.7356545416643,0,none
2024-12-13 20:00:00,12.15718644641203,74.10418615196286,1012.6381337051806,0,none
2024-12-13 21:00:00,14.386804025304434,71.39702378282556,1015.0732163537342,0,none
2024-12-13 22:00:00,16.599374513829005,68.75321552309954,1009.8064156246011,0,none
2024-12-13 23:00:00,17.141508039431034,67.54403439714238,1013.7718948866892,0,none
2024-12-14 00:00:00,16.278518265339397,63.324774543165475,1013.851405571372,0,none
2024-12-14 01:00:00,18.02995753753096,59.19656062293802,1016.199374082629,0,none
2024-12-14 02:00:00,17.43828614384546,52.090714881095934,1013.7617201537407,0,none
2024-12-14 03:00:00,22.830728831638584,47.304019146472385,1010.6366840166403,0,none
2024-12-14 04:00:00,22.280018712467836,42.58507666927408,1013.1161447591509,0,none
2024-12-14 05:00:00,22.61952306650032,47.85047774866433,1010.2890107137436,0,none
2024-12-14 06:00:00,22.177640811249894,45.979067270652095,1012.6353262814631,0,none
2024-12-14 07:00:00,23.6480244233969,47.91430293421067,1012.4298134939017,0,none
2024-12-14 08:00:00,21.571098661023136,49.76816504065724,1013.4091394118559,0,none
2024-12-14 09:00:00,21.337421440106382,51.915442100558906,1013.0915042310379,0,none
2024-12-14 10:00:00,17.893054960509474,54.8954838145461,1011.8045134254585,0,none
2024-12-14 11:00:00,18.218753257416527,57.696952992556746,1013.068971992435,0,none
2024-12-14 12:00:00,16.112731501248103,60.95613079097808,1010.8062086741821,0,none
2024-12-14 13:00:00,13.988141653469807,54.887020350412946,1016.3297383022548,0,none
2024-12-14 14:00:00,14.616611092843607,68.92288796550932,1013.5364421289776,0,none
2024-12-14 15:00:00,13.252599918651264,73.84025044478838,1013.3693107582301,0,none
2024-12-14 16:00:00,12.0179047712594,77.5805108198385,1012.7744661526441,0,none
2024-12-14 17:00:00,12.328368643982477,74.68287520902983,1013.9861352804708,0,none
2024-12-14 18:00:00,12.355166694909427,70.03333912859999,1013.9044567418738,0,none
2024-12-14 19:00:00,10.662903405495236,73.60207621899777,1012.192974889731,0,none
2024-12-14 20:00:00,13.02413480851828,74.11715163307207,1013.0978161663791,0,none
2024-12-14 21:00:00,12.076420521216045,71.32754978481148,1014.8683727647335,0,none
2024-12-14 22:00:00,14.317890743759126,66.69707309931316,1010.2198764396283,0,none
2024-12-14 23:00:00,13.99509823627654,64.95836938821766,1013.6843621385814,0,none
2024-12-15 00:00:00,17.61161017325066,60.91008382272125,1013.1294805888496,0,none
2024-12-15 01:00:00,20.573656010367987,53.24266986218589,1015.1216600686156,0,none
2024-12-15 02:00:00,20.49048907067683,56.561735681250745,1010.4911389134278,0,none
2024-12-15 03:00:00,20.338320149710942,48.48399293677071,1013.6245809269991,0,none
2024-12-15 04:00:00,22.255667883648716,41.16773246077285,1011.9999086599406,0,none
2024-12-15 05:00:00,21.668455791642838,44.44617830113826,1014.6435328043295,0,none
2024-12-15 06:00:00,22.621046678042138,46.226208117078734,1012.9832017976034,0,none
2024-12-15 07:00:00,20.456425707893683,44.989297488670935,1013.877601059861,0,none
2024-12-15 08:00:00,21.170758819938943,40.79142056094958,1013.3667848273797,0,none
2024-12-15 09:00:00,22.65493599579104,44.954186996702646,1011.7277505161891,0,none
2024-12-15 10:00:00,19.372747661318776,47.35439406566553,1012.5314505169382,0,none
2024-12-15 11:00:00,18.37532413820645,54.779779134700384,1011.9483932485564,0,none
2024-12-15 12:00:00,17.56684859752262,58.67096439760889,1012.9233202356635,0,none
2024-12-15 13:00:00,16.090960665054578,64.78962369995301,1013.1927205721377,0,none
2024-12-15 14:00:00,15.280674457063164,66.49007381900618,1013.1604452185804,0,none
2024-12-15 15:00:00,12.567941607364284,64.51510162890419,1012.9570885275175,0,none
2024-12-15 16:00:00,11.790794459112979,74.51530303991653,1010.7439745042817,0,none
2024-12-15 17:00:00,11.315717175764414,72.48483565793339,1012.5562005776058,0,none
2024-12-15 18:00:00,11.98265502592579,79.26196117509816,1012.6903267005225,0,none
2024-12-15 19:00:00,,78.03802281189196,1014.5502730088922,1,null
2024-12-15 20:00:00,11.465114449876157,71.56497554807986,1011.6687079064386,0,none
2024-12-15 21:00:00,14.899489418927416,73.673908132861,1008.3705494757285,0,none
2024-12-15 22:00:00,13.654016142035386,70.5679558329518,1013.9357568862115,0,none
2024-12-15 23:00:00,15.199602838240395,64.24374508804421,1014.7536098353377,0,none
2024-12-16 00:00:00,17.314617002329257,64.8973932930855,1008.5230861211417,0,none
2024-12-16 01:00:00,18.875339251496545,54.54838319677906,1011.4326897126116,0,none
2024-12-16 02:00:00,20.41095065896455,48.963502722464035,1012.2588674395998,0,none
2024-12-16 03:00:00,21.660433116174886,50.11327216656301,1012.6289655639312,0,none
2024-12-16 04:00:00,21.73140227812688,49.25430592763773,1012.2264447159284,0,none
2024-12-16 05:00:00,23.58976990539744,46.624258472764275,1014.2547737813634,0,none
2024-12-16 06:00:00,22.010643835707917,44.221476698337455,1010.4183742172085,0,none
2024-12-16 07:00:00,22.898024427031775,43.537601241449984,1013.6744325146923,0,none
2024-12-16 08:00:00,23.411386710140885,45.82854347036159,1013.6985114078909,0,none
2024-12-16 09:00:00,20.871586547597573,50.045223122770935,1013.7949773685084,0,none
2024-12-16 10:00:00,18.885701251334833,53.38034559423997,1014.6350889096076,0,none
2024-12-16 11:00:00,19.383712803912452,54.327698482930565,1014.6782678511602,0,none
2024-12-16 12:00:00,18.62304053742946,62.601858685865025,1010.583637176464,0,none
2024-12-16 13:00:00,15.869503966969948,60.238548635036594,1010.8767514731134,0,none
2024-12-16 14:00:00,15.49929942147055,71.73399088972988,1012.7071671278673,0,none
2024-12-16 15:00:00,15.28045005402329,70.56416114348693,1015.6008211452006,0,none
2024-12-16 16:00:00,13.38738032410145,73.61638974397441,1014.0495921662406,0,none
2024-12-16 17:00:00,12.84061295732866,76.01652560670915,1013.5339819871397,0,none
2024-12-16 18:00:00,10.463116098652304,73.33697634311594,1012.7967946169924,0,none
2024-12-16 19:00:00,13.10183906131084,77.71543916156355,1017.6577496867197,0,none
2024-12-16 20:00:00,12.868949761067226,68.19359892061856,1012.5916621403794,0,none
2024-12-16 21:00:00,14.911073871641934,71.89554587494173,1014.0608061233213,0,none
2024-12-16 22:00:00,12.413122702352625,67.40360087245112,1015.899010580352,0,none
2024-12-16 23:00:00,17.290997431755343,59.81686824129909,1017.2098281758563,0,none
2024-12-17 00:00:00,18.769653070098634,57.97074137568269,1010.701909601726,0,none
2024-12-17 01:00:00,19.30935814383108,55.34440703567657,1013.0003312504697,0,none
2024-12-17 02:00:00,20.12358357954576,51.37852442887632,1013.0378764600891,0,none
2024-12-17 03:00:00,22.824589397011067,50.30090001108414,1013.058229388001,0,none
2024-12-17 04:00:00,23.54717083741466,46.377309989512334,1011.4752064644168,0,none
2024-12-17 05:00:00,23.135617965274616,47.85364472755503,1010.2306218759587,0,none
2024-12-17 06:00:00,21.657930937770043,44.86375558729438,1012.0879625506501,0,none
2024-12-17 07:00:00,21.953867378105123,43.64716855275266,1013.1329230648429,0,none
2024-12-17 08:00:00,22.9875850742772,53.72924092085246,1013.914439938585,0,none
2024-12-17 09:00:00,19.577908147755597,51.89092054419464,1013.4751617362725,0,none
2024-12-17 10:00:00,18.90506575912271,54.874063153986995,1013.8017324356025,0,none
2024-12-17 11:00:00,19.16638632158421,56.82779265444357,1013.672251148001,0,none
2024-12-17 12:00:00,18.48580542567617,64.28753780620659,1016.4961252435836,0,none
2024-12-17 13:00:00,14.017061422510286,65.70516316191522,1013.313666050464,0,none
2024-12-17 14:00:00,14.276016727827638,66.415254257806,1012.284668786009,0,none
2024-12-17 15:00:00,16.147809282962193,66.01920814147486,1012.9640768455221,0,none
2024-12-17 16:00:00,11.438913404036382,71.43393837648699,1013.4413058129385,0,none
2024-12-17 17:00:00,13.426611475807364,72.20768555317115,1010.1938241940275,0,none
2024-12-17 18:00:00,11.554072602139417,73.46346530112463,1011.9607126407811,0,none
2024-12-17 19:00:00,12.80550861639179,70.58584144791946,1014.8812244424839,0,none
2024-12-17 20:00:00,14.185906138710855,73.28752265214871,1011.1578734806951,0,none
2024-12-17 21:00:00,13.73617727237656,75.19307297086236,1015.2385095653807,0,none
2024-12-17 22:00:00,14.83847830090359,65.83747263565968,1012.4543507598099,0,none
2024-12-17 23:00:00,14.28809513024035,65.2149628026051,1012.5702845379805,0,none
2024-12-18 00:00:00,18.250398426648303,53.701782089355,1011.3839620802364,0,none
2024-12-18 01:00:00,19.05907448706614,53.18841311173452,1012.9912169864978,0,none
2024-12-18 02:00:00,21.90522835853375,51.456884904512805,1015.4822705839167,0,none
2024-12-18 03:00:00,21.405768591019523,50.37223560097254,1012.1710303725716,0,none
2024-12-18 04:00:00,20.899338008712594,47.05100844004379,1017.2750775642547,0,none
2024-12-18 05:00:00,21.76449759520429,43.10863579926875,1017.069255681967,0,none
2024-12-18 06:00:00,24.219632313974945,47.58504369602061,1013.7121497603662,0,none
2024-12-18 07:00:00,22.607009364918362,45.31046506521942,1012.0786999717548,0,none
2024-12-18 08:00:00,21.85100242699533,45.7012048311068,1015.9924844930864,0,none
2024-12-18 09:00:00,20.976875460211474,48.26239230055038,1011.0624512022215,0,none
2024-12-18 10:00:00,21.002858363613548,47.790346693792756,1012.6243315778406,0,none
2024-12-18 11:00:00,19.34010733829255,57.68418810373211,1013.0876237885105,0,none
2024-12-18 12:00:00,17.79692924614378,63.63987585978615,1015.4163235033053,0,none
2024-12-18 13:00:00,17.40718610917223,63.53132331839167,1010.5972286941973,0,none
2024-12-18 14:00:00,16.041963362093792,72.41780803267538,1014.889539756981,0,none
2024-12-18 15:00:00,16.055862368653766,70.13670938756283,1011.6037221080481,0,none
2024-12-18 16:00:00,14.575424051498292,72.5437622308923,1011.6364733018266,0,none
2024-12-18 17:00:00,12.226453873623585,71.82620042905252,1012.8356923909523,0,none
2024-12-18 18:00:00,13.181222183025165,76.60266233925071,1012.5940049778468,0,none
2024-12-18 19:00:00,29.715141856487538,74.87158352635934,1011.2051182285736,1,spike
2024-12-18 20:00:00,12.442076382776612,77.07247584100128,1013.3193209875076,0,none
2024-12-18 21:00:00,14.806679584273757,69.7812499604017,1012.2749156297031,0,none
2024-12-18 22:00:00,,68.15696256589489,1012.0733399973756,1,null
2024-12-18 23:00:00,14.707515169399587,59.317104012150274,1011.7001178964421,0,none
2024-12-19 00:00:00,17.271772667362278,57.62652491244788,1010.0876104736573,0,none
2024-12-19 01:00:00,19.71684237959778,55.191952540495315,1010.9562874556289,0,none
2024-12-19 02:00:00,19.237312461693776,52.57483065120772,1007.5863271020236,0,none
2024-12-19 03:00:00,23.832038736207775,51.70985690324809,1012.3454500725376,0,none
2024-12-19 04:00:00,22.43926377188978,50.28732929732857,1013.5862150482006,0,none
2024-12-19 05:00:00,21.768018932393673,43.08165341080351,1009.656870465124,0,none
2024-12-19 06:00:00,22.59824970872333,45.32999489624392,1013.5001315909708,0,none
2024-12-19 07:00:00,24.382761094764906,43.985817287090214,1013.7226252284261,0,none
2024-12-19 08:00:00,23.78757168061638,46.99591555117799,1012.9221706186979,0,none
2024-12-19 09:00:00,20.842922245042683,44.39104926278554,1015.1428600737695,0,none
2024-12-19 10:00:00,19.74497851419749,51.67488987387323,1014.8117622920037,0,none
2024-12-19 11:00:00,19.76578789970472,56.60185531753106,1014.2505769542267,0,none
2024-12-19 12:00:00,17.193568176603858,60.97439911342528,1011.8531877189007,0,none
2024-12-19 13:00:00,15.920391548203954,66.46912829715946,1010.2435887501767,0,none
2024-12-19 14:00:00,17.243678378193795,67.35048138422098,1013.368715637939,0,none
2024-12-19 15:00:00,13.611734028724513,70.12798352757936,1012.355529935293,0,none
2024-12-19 16:00:00,13.486211376291175,71.4882695441602,1011.716389256024,0,none
2024-12-19 17:00:00,13.01796786893199,70.7163291695363,1011.2684578374051,0,none
2024-12-19 18:00:00,13.810879569842356,73.29272547958172,1013.2026765638318,0,none
2024-12-19 19:00:00,14.384127647782993,73.46038121355836,1013.4728771116826,0,none
2024-12-19 20:00:00,13.952754537908852,69.35745870135287,1012.2175105689133,0,none
2024-12-19 21:00:00,15.889414026732839,67.03025112965005,1011.8534989012252,0,none
2024-12-19 22:00:00,17.132662414962333,67.52731500411522,1012.5853574383248,0,none
2024-12-19 23:00:00,18.096105785206973,64.75912645975228,1016.1988386947284,0,none
2024-12-20 00:00:00,16.851331786800984,59.55783514076772,1013.5879538846847,0,none
2024-12-20 01:00:00,18.98473956360357,59.61084960037318,1013.4770794958224,0,none
2024-12-20 02:00:00,22.374377459964006,54.328712411674026,1016.4623934604297,0,none
2024-12-20 03:00:00,22.16917330357342,48.031348198539185,1015.5718502200069,0,none
2024-12-20 04:00:00,22.535392609361967,44.583026670933606,1011.4153031404907,0,none
2024-12-20 05:00:00,23.296859272828538,41.05505554565312,1013.3737246915348,0,none
2024-12-20 06:00:00,23.281145565845666,42.1631743425491,1012.8801983062684,0,none
2024-12-20 07:00:00,24.13083981906401,41.74049207179425,1009.6705760245748,0,none
2024-12-20 08:00:00,21.24283999009354,45.73590323924989,1012.415270084286,0,none
2024-12-20 09:00:00,23.559727480934267,48.45484401761305,1010.8637619592532,0,none
2024-12-20 10:00:00,21.86905352724165,50.33750765113734,1010.9841503041655,0,none
2024-12-20 11:00:00,21.028080991494644,60.83858311387129,1008.9478573290664,0,none
2024-12-20 12:00:00,19.351383132121597,56.025754004603314,1011.914019684087,0,none
2024-12-20 13:00:00,17.304114052011254,63.95235033858539,1015.5148367858337,0,none
2024-12-20 14:00:00,15.19584332874873,70.46955993655529,1009.2634980834471,0,none
2024-12-20 15:00:00,14.377443343518516,72.91857573152929,1011.6314897796271,0,none
2024-12-20 16:00:00,13.82464472096897,72.09256714164034,1013.2457886100896,0,none
2024-12-20 17:00:00,14.432136045402888,81.9213546478847,1010.2937004486486,0,none
2024-12-20 18:00:00,13.945700266220125,73.48452037318943,1012.9246463446217,0,none
2024-12-20 19:00:00,14.61717832657614,74.83614526863121,1013.518591156246,0,none
2024-12-20 20:00:00,14.160108339507593,74.28745779430506,1012.9399344158963,0,none
2024-12-20 21:00:00,13.514406187372828,68.98031076975153,1012.7094591939318,1,drift
2024-12-20 22:00:00,15.453510013891869,66.55147870486005,1011.1007339165013,1,drift
2024-12-20 23:00:00,18.885439933976983,65.8568229453127,1011.2801004528143,1,drift
2024-12-21 00:00:00,18.144211955885233,58.342730748784575,1012.4894999206751,1,drift
2024-12-21 01:00:00,21.718987945940345,54.53854645810292,1011.3165960746754,1,drift
2024-12-21 02:00:00,20.955862135717812,49.941157133151265,1015.6000880561529,1,drift
2024-12-21 03:00:00,21.25990871281246,50.38190785276665,1018.0761801870865,1,drift
2024-12-21 04:00:00,22.808713268702007,51.92467747082474,1018.6425211415983,1,drift
2024-12-21 05:00:00,21.741110663286726,43.4006780277396,1016.9256356473189,1,drift
2024-12-21 06:00:00,23.965399052312527,45.4408210493149,1019.3202166782388,1,drift
2024-12-21 07:00:00,24.952281719023695,48.86395306779707,1018.6803027210088,1,drift
2024-12-21 08:00:00,22.746510532978693,46.98028940498666,1016.3007098242226,1,drift
2024-12-21 09:00:00,22.111330292700355,44.38869816609504,1017.2014546987798,1,drift
2024-12-21 10:00:00,20.18005024649718,53.4840668503925,1016.6766066373909,1,drift
2024-12-21 11:00:00,19.301481658680867,58.89934750681762,1018.9392667607673,1,drift
2024-12-21 12:00:00,18.214523639361406,59.72295294918265,1017.4316991478464,1,drift
2024-12-21 13:00:00,16.633199650625652,58.94577390886365,1018.8199871095491,1,drift
2024-12-21 14:00:00,16.756537698553398,69.16778314380464,1017.1303029611992,1,drift
2024-12-21 15:00:00,15.951556154837197,68.18525471228628,1023.0132441265122,1,drift
2024-12-21 16:00:00,13.605189331733492,73.92493467915668,1016.2277783828376,1,drift
2024-12-21 17:00:00,13.662852273081029,68.33709817474839,1018.9919072088868,1,drift
2024-12-21 18:00:00,14.357690039893109,74.02454887682516,1021.5221655621793,1,drift
2024-12-21 19:00:00,13.556005203195586,77.0014962779048,1021.5819488949968,1,drift
2024-12-21 20:00:00,13.924539335733362,78.07513986348745,1023.8929082087348,1,drift
2024-12-21 21:00:00,15.128373998815702,67.70006739216959,1010.192109714164,0,none
2024-12-21 22:00:00,13.231912661765817,65.27945727453228,1013.8487247035528,0,none
2024-12-21 23:00:00,16.14259370602178,57.77263094526538,1010.9056714316275,0,none
2024-12-22 00:00:00,19.936908001583408,59.224064923381974,1011.8854255142758,0,none
2024-12-22 01:00:00,21.23227593240619,56.11316142223658,1016.8214814509604,0,none
2024-12-22 02:00:00,19.509594337596273,51.54508032940504,1014.253821181343,0,none
2024-12-22 03:00:00,22.26371913886659,50.025823216320184,1012.2238769442257,0,none
2024-12-22 04:00:00,20.913220539153578,45.47876438857663,1009.5492168006762,0,none
2024-12-22 05:00:00,23.0775727783406,43.87263380165525,1011.760398043255,0,none
2024-12-22 06:00:00,22.624153241409847,37.225975709099124,1008.3943003474899,0,none
2024-12-22 07:00:00,22.383122658377868,47.3430080015516,1012.7679287005323,0,none
2024-12-22 08:00:00,22.23626970757888,44.475896972880655,1014.3749372184104,0,none
2024-12-22 09:00:00,21.825977645618924,48.64921160507027,1015.2397108702663,0,none
2024-12-22 10:00:00,20.591911492707872,54.29271507327716,1015.2423136865441,0,none
2024-12-22 11:00:00,21.878608005543065,56.11362517899564,1014.996711139667,0,none
2024-12-22 12:00:00,17.969873276242158,64.50612378295396,1014.3254147484199,0,none
2024-12-22 13:00:00,14.469008536437753,63.81739745245308,1010.7832666988709,0,none
2024-12-22 14:00:00,16.028282761321663,66.6338574038464,1013.2810813398492,0,none
2024-12-22 15:00:00,18.150367865478827,70.47168239860352,1012.5271462433677,0,none
2024-12-22 16:00:00,15.09038128514633,72.44239206874664,1014.6587283803724,0,none
2024-12-22 17:00:00,13.01662705002825,66.5029656530631,1014.576349807494,0,none
2024-12-22 18:00:00,12.665550527247554,75.94476125173395,1012.7363974856308,0,none
2024-12-22 19:00:00,13.472981919800853,74.3905684024584,1014.0088486151774,0,none
2024-12-22 20:00:00,13.54268864399598,70.43309319626069,1011.85880550508,0,none
2024-12-22 21:00:00,12.375003263407377,73.6790587196245,1012.498878629471,0,none
2024-12-22 22:00:00,15.239305086967898,68.21449009837951,1013.1720735001786,0,none
2024-12-22 23:00:00,16.397806081141365,65.40539217128556,1011.9730016454077,0,none
2024-12-23 00:00:00,17.908517665486418,58.440718684700755,1013.9989264066402,0,none
2024-12-23 01:00:00,19.03866261653823,56.212610912711476,1017.2924241360241,0,none
2024-12-23 02:00:00,21.467371535317394,52.14342990225056,1016.9167391657302,0,none
2024-12-23 03:00:00,21.663662163819552,52.27127112695318,1010.9152185561994,0,none
2024-12-23 04:00:00,22.00196163615844,40.780922170431666,1012.0415725165955,0,none
2024-12-23 05:00:00,22.823263903086318,52.33133605746368,1011.5540252356453,0,none
2024-12-23 06:00:00,23.987337128180187,43.58198901004492,1013.9619015088803,0,none
2024-12-23 07:00:00,24.692288932405972,44.799247468517656,1014.046697325696,0,none
2024-12-23 08:00:00,24.07373850374611,41.577449367316234,1010.3949841253522,0,none
2024-12-23 09:00:00,22.059206676929467,45.92946012769753,1014.015432578884,0,none
2024-12-23 10:00:00,23.05232769226268,52.951743814815806,1012.2508646701406,0,none
2024-12-23 11:00:00,20.211177753807753,56.37056354042174,1005.1069003309824,0,none
2024-12-23 12:00:00,19.163022635104728,57.73198433751754,1011.9214372027687,0,none
2024-12-23 13:00:00,,59.22720211185378,1012.287113960767,1,null
2024-12-23 14:00:00,15.853807368763876,67.09253772047651,1011.9750975499248,0,none
2024-12-23 15:00:00,13.18706055925555,73.87034615550887,1015.3207177082128,0,none
2024-12-23 16:00:00,14.921604529045926,73.15338663058984,1013.1859834689525,0,none
2024-12-23 17:00:00,15.084531456455913,72.85702419864829,1013.2853548339865,0,none
2024-12-23 18:00:00,13.078644028042206,73.7502041967558,1012.4947374475006,0,none
2024-12-23 19:00:00,12.56728930579946,72.36079133207934,1018.9609737637169,0,none
2024-12-23 20:00:00,13.842056542248466,70.06345265001947,1010.7942282753577,0,none
2024-12-23 21:00:00,15.758700869211422,71.72445408466257,1012.0608354020553,0,none
2024-12-23 22:00:00,15.987371008874636,68.16307406423526,1011.7577712504763,0,none
2024-12-23 23:00:00,17.17850324258471,61.46779400654251,1012.0880581064501,0,none
2024-12-24 00:00:00,18.35532965178934,63.293002016384776,1012.5516787516691,0,none
2024-12-24 01:00:00,20.4445059578401,62.03928714326787,1012.5056818069579,0,none
2024-12-24 02:00:00,20.25171561248428,54.87105821322399,1012.6211077034991,0,none
2024-12-24 03:00:00,22.390323265893446,51.75375874256115,1011.4618441839928,0,none
2024-12-24 04:00:00,22.65421912537891,52.02051158984265,1011.4227947766507,0,none
2024-12-24 05:00:00,23.06755909150545,45.55220133615616,1008.0373613893358,0,none
2024-12-24 06:00:00,23.856697336028887,44.60656597555269,1013.4124450683448,0,none
2024-12-24 07:00:00,23.163553144964826,51.29616924814503,1010.7232100811677,0,none
2024-12-24 08:00:00,24.759859559482,46.23170625945261,1011.9362206601259,0,none
2024-12-24 09:00:00,20.46611705174786,49.50555769656191,1014.4445466062718,0,none
2024-12-24 10:00:00,21.049106751763347,53.107826969934926,1013.961056155845,0,none
2024-12-24 11:00:00,18.701839312021743,54.18138033970232,1012.1806740337507,0,none
2024-12-24 12:00:00,19.468420761961017,63.208577312102754,1016.7506114792159,0,none
2024-12-24 13:00:00,17.153129263288903,67.0066384856211,1013.1947873488843,0,none
2024-12-24 14:00:00,15.946590467262157,63.609458966785745,1012.5047337361843,0,none
2024-12-24 15:00:00,14.52836349051464,70.26257841628134,1011.671104861957,0,none
2024-12-24 16:00:00,15.204720695813446,71.10801048266013,1014.6252621064207,0,none
2024-12-24 17:00:00,15.006474669202312,78.37386657166378,1014.8072160115235,0,none
2024-12-24 18:00:00,13.861795797365462,75.68661489184872,1009.3270782738549,0,none
2024-12-24 19:00:00,12.632280469412628,70.73919141607276,1012.0219798925423,0,none
2024-12-24 20:00:00,16.145173490995386,69.44525305945332,1013.8112180333209,0,none
2024-12-24 21:00:00,15.661432637779873,70.7600535395335,1015.0419482286281,0,none
2024-12-24 22:00:00,15.179998835485053,65.0948732516263,1010.8326516984545,0,none
2024-12-24 23:00:00,17.064817343594495,64.20283746615115,1013.6656861992078,0,none
2024-12-25 00:00:00,18.973774439241414,57.847344403160484,1014.514177753388,0,none
2024-12-25 01:00:00,20.48907801082412,54.89747279227806,1012.077581992992,0,none
2024-12-25 02:00:00,22.372735590264273,55.30197455659825,1013.1048897800832,0,none
2024-12-25 03:00:00,22.198742806089815,54.35749652870461,1015.5091883035072,0,none
2024-12-25 04:00:00,21.222231918711714,47.54009931914291,1016.9112707983766,0,none
2024-12-25 05:00:00,24.44620979086943,43.460065147717614,1013.4931941557545,0,none
2024-12-25 06:00:00,26.677363490280932,47.0855315578538,1013.6276834113189,0,none
2024-12-25 07:00:00,22.601405638717925,42.349632221086466,1013.022317767262,0,none
2024-12-25 08:00:00,23.453608371650898,46.02863751301689,1009.8250337858058,0,none
2024-12-25 09:00:00,22.600743167372567,42.82251955756816,1014.8558907410232,0,none
2024-12-25 10:00:00,20.40101603282195,51.38417766615114,1012.7401730732722,0,none
2024-12-25 11:00:00,21.525557309154866,53.65453003044083,1013.922341185869,0,none
2024-12-25 12:00:00,19.578876323730775,60.06477302253494,1014.976364331848,0,none
2024-12-25 13:00:00,17.637329638895917,60.68022515529438,1016.3340378286082,0,none
2024-12-25 14:00:00,15.860143617377283,71.91043483134435,1013.8253298684781,0,none
2024-12-25 15:00:00,15.803460377437982,69.61039459466724,1014.896396844505,1,freeze
2024-12-25 16:00:00,14.982814377013145,69.61039459466724,1013.8367175332775,1,freeze
2024-12-25 17:00:00,12.37703509111455,69.61039459466724,1013.0478846726239,1,freeze
2024-12-25 18:00:00,14.599491034794353,69.61039459466724,1014.9442228426316,1,freeze
2024-12-25 19:00:00,13.473463726659293,69.61039459466724,1012.4363199365113,1,freeze
2024-12-25 20:00:00,15.618213659668056,69.61039459466724,1012.5346184152189,1,freeze
2024-12-25 21:00:00,15.093102673255641,69.2499350371778,1013.2132092707948,0,none
2024-12-25 22:00:00,16.709963565142132,69.61162082259561,1010.9013852607995,0,none
2024-12-25 23:00:00,15.849523933207113,59.215601546720464,1010.321613542052,0,none
2024-12-26 00:00:00,19.383441352007765,56.0229259294186,1009.7620709131069,0,none
2024-12-26 01:00:00,19.853932264830387,58.52212676725401,1009.264015824511,0,none
2024-12-26 02:00:00,19.75285290422555,54.021449301298006,1011.6923519555954,0,none
2024-12-26 03:00:00,21.444180593876474,50.45361516442699,1015.1334538476312,0,none
2024-12-26 04:00:00,23.483894104613885,46.59452829998771,1014.3511929478101,0,none
2024-12-26 05:00:00,25.098716847002855,47.297320162284635,1012.485476032532,0,none
2024-12-26 06:00:00,24.092486722867623,45.00107907894454,1012.4803546120143,1,freeze
2024-12-26 07:00:00,23.322329392201986,45.00107907894454,1016.0175234250678,1,freeze
2024-12-26 08:00:00,23.706877402591573,45.00107907894454,1016.5045005838335,1,freeze
2024-12-26 09:00:00,23.728971392954918,45.00107907894454,1013.0330077538819,1,freeze
2024-12-26 10:00:00,21.899674939116746,45.00107907894454,1014.8176924067552,1,freeze
2024-12-26 11:00:00,21.60671324781526,45.00107907894454,1014.863435201091,1,freeze
2024-12-26 12:00:00,18.633984150910024,57.9138895391654,1009.8375288669897,0,none
2024-12-26 13:00:00,17.976872868918292,66.0630684365358,1017.9711599037321,0,none
2024-12-26 14:00:00,17.050284782137403,61.13312998867225,1011.6726655666369,0,none
2024-12-26 15:00:00,14.766320575399318,69.9027429763699,1011.7609707601995,1,drift
2024-12-26 16:00:00,14.48708679487964,75.03553719026326,1007.3761441470532,1,drift
2024-12-26 17:00:00,13.621457044720707,79.52873377303494,1015.0443494136978,1,drift
2024-12-26 18:00:00,14.46322530370869,75.25412578750428,1016.6551627985951,1,drift
2024-12-26 19:00:00,15.23763651897073,76.07378123110301,1014.4752360793784,1,drift
2024-12-26 20:00:00,14.849769706223116,68.56593768950913,1015.9474140192817,1,drift
2024-12-26 21:00:00,14.29369686658707,75.08846394849706,1013.5580796839342,1,drift
2024-12-26 22:00:00,17.772782198521767,68.33187576189637,1015.2128310096886,1,drift
2024-12-26 23:00:00,18.6885674162587,64.03697673663044,1019.4855692562203,1,drift
2024-12-27 00:00:00,19.020944068812767,57.39316457871877,1011.8414287034664,1,drift
2024-12-27 01:00:00,21.81537938736845,54.80611301833523,1022.5618232480583,1,drift
2024-12-27 02:00:00,21.946320619723732,54.69719357344388,1017.0472058753927,1,drift
2024-12-27 03:00:00,24.532230370951584,46.328492357176955,1019.4023442859849,1,drift
2024-12-27 04:00:00,23.259136942062636,49.82584405245178,1015.5414249549113,1,drift
2024-12-27 05:00:00,24.733371686621656,41.949195334926316,1019.4582752285979,1,drift
2024-12-27 06:00:00,27.01309888798115,47.358454904087516,1019.910987467722,1,drift
2024-12-27 07:00:00,24.184690042328615,43.06460177539064,1021.9322120698635,1,drift
2024-12-27 08:00:00,24.97159265577798,51.126282417675235,1021.2772807730976,1,drift
2024-12-27 09:00:00,23.440687836185827,47.33165174657366,1019.00521682984,1,drift
2024-12-27 10:00:00,21.980843605447593,52.64538281434327,1021.8495914464246,1,drift
2024-12-27 11:00:00,20.634922831040146,59.07756516698117,1021.0106167316127,1,drift
2024-12-27 12:00:00,16.48457885801526,60.76024258842958,1022.7039833041653,1,drift
2024-12-27 13:00:00,18.451606825158805,60.131579619238124,1023.5991758905278,1,drift
2024-12-27 14:00:00,17.337894237306486,65.39212149053941,1023.6411457841109,1,drift
2024-12-27 15:00:00,15.161654910467304,66.14203557098517,1013.9570844023823,0,none
2024-12-27 16:00:00,15.547400180365523,74.06606123772211,1018.1897532618931,0,none
2024-12-27 17:00:00,14.616118621261274,76.24668352652346,1015.7274439326872,0,none
2024-12-27 18:00:00,14.518011024214596,74.74779896744703,1013.6223665201112,0,none
2024-12-27 19:00:00,15.801505577431357,76.5344231316204,1010.632641744982,0,none
2024-12-27 20:00:00,15.097953154360402,72.41556673332806,1010.180981295184,0,none
2024-12-27 21:00:00,16.04001251850222,72.85689023020387,1012.0207571530252,0,none
2024-12-27 22:00:00,15.993694106199408,70.55632072229469,1012.5241107622423,0,none
2024-12-27 23:00:00,17.855570944196323,59.800928309367265,1014.545169667764,0,none
2024-12-28 00:00:00,20.296356198519565,59.58923350476624,1016.5397481652656,0,none
2024-12-28 01:00:00,22.4708724926817,54.53375992389553,1016.4433475680884,0,none
2024-12-28 02:00:00,23.576415772076782,47.71994507374552,1015.07384011797,0,none
2024-12-28 03:00:00,22.11733979931375,42.9448560418286,1013.9268657345347,0,none
2024-12-28 04:00:00,23.311430287917375,44.59773740571433,1012.0744878252617,0,none
2024-12-28 05:00:00,24.287189589849127,41.26080044400671,1013.0490018708113,0,none
2024-12-28 06:00:00,24.77638019127169,47.661787281917505,1015.1569323466392,0,none
2024-12-28 07:00:00,23.67402727962537,42.90593693880087,1009.7176687041408,0,none
2024-12-28 08:00:00,24.664249143887886,51.95068705270648,1016.7349111281194,0,none
2024-12-28 09:00:00,23.890838216025312,48.767909221391314,1015.9882676889698,0,none
2024-12-28 10:00:00,22.581712538290788,54.01009899804208,1013.3200950923205,0,none
2024-12-28 11:00:00,19.956650240335676,57.2312173649812,1013.7541267188847,0,none
2024-12-28 12:00:00,18.18363022645523,66.6405971477819,1014.3423962962526,0,none
2024-12-28 13:00:00,18.799219629450292,64.77743703761797,1013.6054314239514,0,none
2024-12-28 14:00:00,15.67977969848829,68.81085085153771,1014.6390246054656,0,none
2024-12-28 15:00:00,,73.37074712708811,1012.6178218212843,1,null
2024-12-28 16:00:00,16.42427702436376,69.73201547078509,1014.0462227691113,0,none
2024-12-28 17:00:00,14.863089943758716,82.45421565911074,1013.7646207172761,0,none
2024-12-28 18:00:00,15.049174849137406,77.67788696989356,1009.9102527091266,0,none
2024-12-28 19:00:00,15.290698665190074,76.54827539150136,1011.6394838115697,0,none
2024-12-28 20:00:00,15.41316083011301,76.67563881673624,1014.4707559243029,0,none
2024-12-28 21:00:00,17.226871591797195,75.2494888927589,1014.9177794223585,0,none
2024-12-28 22:00:00,19.020579426872025,67.45811733964953,1010.0734055340089,0,none
2024-12-28 23:00:00,18.519314210021577,65.19758297587335,1009.1154265507804,0,none
2024-12-29 00:00:00,19.54977906315833,63.91065544730512,1009.0075594279213,0,none
2024-12-29 01:00:00,20.913164785035626,56.50940106349592,1014.4907931275645,0,none
2024-12-29 02:00:00,21.137009760954847,52.41191727484312,1013.9471810875416,0,none
2024-12-29 03:00:00,25.666876884303694,50.914698280139575,1015.5142879429466,0,none
2024-12-29 04:00:00,23.92390611876765,47.19710671987142,1013.824715858497,0,none
2024-12-29 05:00:00,24.658908745120456,45.59156863460358,1013.3995579558065,0,none
2024-12-29 06:00:00,23.936279090031338,46.11574993719534,1015.4671019417482,0,none
2024-12-29 07:00:00,24.884475159234253,44.865475600562384,1009.9855332497755,0,none
2024-12-29 08:00:00,24.418563312673527,42.42293331588891,1012.8899657037999,0,none
2024-12-29 09:00:00,24.848636621426408,53.9141304966393,1014.7646539368934,0,none
2024-12-29 10:00:00,21.891582109771143,47.70461734379981,1008.9963263703793,0,none
2024-12-29 11:00:00,21.158714269278246,55.794622234409104,1012.5310310352127,0,none
2024-12-29 12:00:00,20.122253774996935,57.19461546627586,1012.9644024889571,0,none
2024-12-29 13:00:00,17.99570923748751,64.52100555232053,1012.9413467335442,0,none
2024-12-29 14:00:00,17.130648781041543,68.52341088153892,1017.435258538998,0,none
2024-12-29 15:00:00,18.07143521873022,71.74505311137676,1015.0672929031421,0,none
2024-12-29 16:00:00,16.31545899579182,73.85689917515808,1011.7914741651725,0,none
2024-12-29 17:00:00,14.363852260395433,75.04438947041773,1010.2066227887697,0,none
2024-12-29 18:00:00,17.636671534234537,72.23202375262149,1009.6472895612649,0,none
2024-12-29 19:00:00,16.2390807100647,76.33630479211061,1013.7162203241445,0,none
2024-12-29 20:00:00,14.156941592242646,69.88741289395298,1015.7818327126935,0,none
2024-12-29 21:00:00,18.105383749388622,75.64073073615373,1009.652212187883,0,none
2024-12-29 22:00:00,16.6915292215575,64.72718868040613,1015.6957370608037,0,none
2024-12-29 23:00:00,18.829870198639714,64.80469923640449,1011.6139233934285,0,none
2024-12-30 00:00:00,20.669847598604765,60.6240782502434,1012.4285175924438,0,none
2024-12-30 01:00:00,21.47823213763552,57.232302179072505,1013.073625974333,0,none
2024-12-30 02:00:00,21.342840101299835,56.17150563840878,1011.9679474151251,0,none
2024-12-30 03:00:00,24.183921204827833,44.81771420408164,1009.1033880155965,0,none
2024-12-30 04:00:00,23.718217676400926,48.15938200056295,1015.705213327173,0,none
2024-12-30 05:00:00,23.3949514468915,43.806062435299566,1016.8084169190719,0,none
2024-12-30 06:00:00,24.07569224673441,39.650619369151435,1013.9823724229223,0,none
2024-12-30 07:00:00,24.908326442466418,38.13218718070982,1013.8230391542812,0,none
2024-12-30 08:00:00,24.754993384227678,44.65475186351271,1015.0816935146655,0,none
2024-12-30 09:00:00,23.086441630980318,49.524988382130346,1009.5428503214406,0,none
2024-12-30 10:00:00,22.543446476751427,54.65816976186474,1015.1186304540679,0,none
2024-12-30 11:00:00,22.623590286080358,53.83635434890424,1013.3532926901713,0,none
2024-12-30 12:00:00,19.34927545720798,61.681137697629566,1010.3412423346451,0,none
2024-12-30 13:00:00,18.228428397307702,58.184275379215165,1012.7866875309114,0,none
2024-12-30 14:00:00,16.666270256945367,66.4901734443261,1016.8297966888739,0,none
2024-12-30 15:00:00,15.427637525431505,73.27091712160562,1009.2017672851406,0,none
2024-12-30 16:00:00,17.198371245959905,74.04711655168605,1011.160864214442,0,none
2024-12-30 17:00:00,13.977508334973328,71.63235396596266,1011.4967204570783,0,none
2024-12-30 18:00:00,13.352385457881539,71.9313171740673,1010.484701727341,0,none
2024-12-30 19:00:00,15.778184161284187,69.32717774987069,1013.9576722076346,0,none
2024-12-30 20:00:00,15.648183144467597,76.25711807602335,1013.0158127106168,0,none
2024-12-30 21:00:00,15.842289191457152,74.33006258185165,1012.150074243285,0,none
2024-12-30 22:00:00,16.538790288858,65.19234827520786,1011.0831704843605,0,none
2024-12-30 23:00:00,16.913140021079947,61.293500315709586,1014.3621284568725,0,none
